ISO-10303-21;
HEADER;
FILE_DESCRIPTION(('FreeCAD Model'),'2;1');
FILE_NAME('Open CASCADE Shape Model','2026-08-25T08:50:52',(''),(''),
  'Open CASCADE STEP processor 7.9','FreeCAD','Unknown');
FILE_SCHEMA(('AUTOMOTIVE_DESIGN { 1 0 10303 214 1 1 1 1 }'));
ENDSEC;
DATA;
#1 = APPLICATION_PROTOCOL_DEFINITION('international standard',
  'automotive_design',2000,#2);
#2 = APPLICATION_CONTEXT(
  'core data for automotive mechanical design processes');
#3 = SHAPE_DEFINITION_REPRESENTATION(#4,#10);
#4 = PRODUCT_DEFINITION_SHAPE('','',#5);
#5 = PRODUCT_DEFINITION('design','',#6,#9);
#6 = PRODUCT_DEFINITION_FORMATION('','',#7);
#7 = PRODUCT('Body','Body','',(#8));
#8 = PRODUCT_CONTEXT('',#2,'mechanical');
#9 = PRODUCT_DEFINITION_CONTEXT('part definition',#2,'design');
#10 = ADVANCED_BREP_SHAPE_REPRESENTATION('',(#11,#15),#4213);
#11 = AXIS2_PLACEMENT_3D('',#12,#13,#14);
#12 = CARTESIAN_POINT('',(0.,0.,0.));
#13 = DIRECTION('',(0.,0.,1.));
#14 = DIRECTION('',(1.,0.,-0.));
#15 = MANIFOLD_SOLID_BREP('',#16);
#16 = CLOSED_SHELL('',(#17,#503,#603,#646,#692,#732,#804,#869,#938,#1003
    ,#1068,#1137,#1206,#1264,#1436,#1479,#1525,#1565,#1614,#1657,#1703,
    #1743,#1915,#1958,#2004,#2044,#2079,#2107,#2135,#2156,#2197,#2233,
    #2270,#2304,#2338,#2375,#2412,#2439,#2474,#2502,#2530,#2551,#2586,
    #2614,#2642,#2663,#2698,#2726,#2754,#2775,#2810,#2838,#2866,#2887,
    #2959,#3024,#3093,#3158,#3223,#3292,#3361,#3419,#3454,#3482,#3510,
    #3531,#3566,#3594,#3622,#3643,#3678,#3706,#3734,#3755,#3778,#3872,
    #3895,#3918,#3941,#3958,#3975,#3992,#4023,#4047,#4071,#4088,#4105,
    #4136,#4160,#4184,#4201));
#17 = ADVANCED_FACE('',(#18,#95,#236,#337,#397),#498,.T.);
#18 = FACE_BOUND('',#19,.T.);
#19 = EDGE_LOOP('',(#20,#53,#68,#83));
#20 = ORIENTED_EDGE('',*,*,#21,.T.);
#21 = EDGE_CURVE('',#22,#24,#26,.T.);
#22 = VERTEX_POINT('',#23);
#23 = CARTESIAN_POINT('',(66.161113537549,-10.63623889068,2.));
#24 = VERTEX_POINT('',#25);
#25 = CARTESIAN_POINT('',(63.298186364196,-7.770636112641,2.));
#26 = B_SPLINE_CURVE_WITH_KNOTS('',13,(#27,#28,#29,#30,#31,#32,#33,#34,
    #35,#36,#37,#38,#39,#40,#41,#42,#43,#44,#45,#46,#47,#48,#49,#50,#51,
    #52),.UNSPECIFIED.,.F.,.F.,(14,12,14),(-2.932293373575E-15,
    1.071995192476,2.143990384952),.UNSPECIFIED.);
#27 = CARTESIAN_POINT('',(66.161113537549,-10.63623889068,2.));
#28 = CARTESIAN_POINT('',(65.980401836816,-10.63623889068,1.999999999999
    ));
#29 = CARTESIAN_POINT('',(65.801791137572,-10.62400402275,2.000000000003
    ));
#30 = CARTESIAN_POINT('',(65.622676131323,-10.59974968141,1.999999999993
    ));
#31 = CARTESIAN_POINT('',(65.453866335142,-10.56377041154,2.000000000012
    ));
#32 = CARTESIAN_POINT('',(65.274912909603,-10.51642823518,1.999999999982
    ));
#33 = CARTESIAN_POINT('',(65.120580729833,-10.45813945861,2.000000000021
    ));
#34 = CARTESIAN_POINT('',(64.949082528435,-10.38936303845,1.999999999981
    ));
#35 = CARTESIAN_POINT('',(64.802341055954,-10.31059176779,2.000000000014
    ));
#36 = CARTESIAN_POINT('',(64.649488634172,-10.2223439617,1.999999999992)
  );
#37 = CARTESIAN_POINT('',(64.50942541316,-10.12515399326,2.000000000004)
  );
#38 = CARTESIAN_POINT('',(64.374484858794,-10.01956185279,1.999999999999
    ));
#39 = CARTESIAN_POINT('',(64.247612056219,-9.906102407914,2.));
#40 = CARTESIAN_POINT('',(64.009684644993,-9.664488538639,2.));
#41 = CARTESIAN_POINT('',(63.89868150827,-9.536341061543,2.000000000001)
  );
#42 = CARTESIAN_POINT('',(63.795996238654,-9.401356353454,1.999999999997
    ));
#43 = CARTESIAN_POINT('',(63.701951195598,-9.260043234753,2.000000000006
    ));
#44 = CARTESIAN_POINT('',(63.61684105406,-9.112890188625,1.999999999992)
  );
#45 = CARTESIAN_POINT('',(63.54094507453,-8.960347453761,2.000000000009)
  );
#46 = CARTESIAN_POINT('',(63.474544374263,-8.802817053808,1.999999999991
    ));
#47 = CARTESIAN_POINT('',(63.417944220089,-8.64065076648,2.000000000007)
  );
#48 = CARTESIAN_POINT('',(63.37150131863,-8.474156028885,1.999999999996)
  );
#49 = CARTESIAN_POINT('',(63.335656128504,-8.303609782519,2.000000000002
    ));
#50 = CARTESIAN_POINT('',(63.31097017296,-8.129280254982,1.999999999999)
  );
#51 = CARTESIAN_POINT('',(63.298168369258,-7.951456680559,2.));
#52 = CARTESIAN_POINT('',(63.298186364196,-7.770636112641,2.));
#53 = ORIENTED_EDGE('',*,*,#54,.T.);
#54 = EDGE_CURVE('',#24,#55,#57,.T.);
#55 = VERTEX_POINT('',#56);
#56 = CARTESIAN_POINT('',(66.161113537549,-4.905033342073,2.));
#57 = B_SPLINE_CURVE_WITH_KNOTS('',9,(#58,#59,#60,#61,#62,#63,#64,#65,
    #66,#67),.UNSPECIFIED.,.F.,.F.,(10,10),(2.143990384952,
    4.286977498783),.PIECEWISE_BEZIER_KNOTS.);
#58 = CARTESIAN_POINT('',(63.298186364196,-7.770636112641,2.));
#59 = CARTESIAN_POINT('',(63.298238325257,-7.247930181292,2.));
#60 = CARTESIAN_POINT('',(63.40921189418,-6.752510051517,2.));
#61 = CARTESIAN_POINT('',(63.606306532227,-6.290782333244,2.));
#62 = CARTESIAN_POINT('',(63.885379743655,-5.864257487022,2.));
#63 = CARTESIAN_POINT('',(64.253043611342,-5.495354696903,2.));
#64 = CARTESIAN_POINT('',(64.67935799388,-5.214960284442,2.));
#65 = CARTESIAN_POINT('',(65.141288184591,-5.016674738132,2.));
#66 = CARTESIAN_POINT('',(65.637582308168,-4.904981047929,2.));
#67 = CARTESIAN_POINT('',(66.161113537549,-4.905033342073,2.));
#68 = ORIENTED_EDGE('',*,*,#69,.T.);
#69 = EDGE_CURVE('',#55,#70,#72,.T.);
#70 = VERTEX_POINT('',#71);
#71 = CARTESIAN_POINT('',(69.023688715247,-7.770636112641,2.));
#72 = B_SPLINE_CURVE_WITH_KNOTS('',9,(#73,#74,#75,#76,#77,#78,#79,#80,
    #81,#82),.UNSPECIFIED.,.F.,.F.,(10,10),(4.286977498783,
    6.428962280007),.PIECEWISE_BEZIER_KNOTS.);
#73 = CARTESIAN_POINT('',(66.161113537549,-4.905033342073,2.));
#74 = CARTESIAN_POINT('',(66.684699403578,-4.905085611757,2.));
#75 = CARTESIAN_POINT('',(67.180829772756,-5.016773885498,2.));
#76 = CARTESIAN_POINT('',(67.642699282346,-5.21503610118,2.));
#77 = CARTESIAN_POINT('',(68.068982261285,-5.495448374797,1.999999999999
    ));
#78 = CARTESIAN_POINT('',(68.43656912132,-5.864363494484,2.000000000001)
  );
#79 = CARTESIAN_POINT('',(68.715587074496,-6.290842511988,2.));
#80 = CARTESIAN_POINT('',(68.912663384034,-6.75253097661,2.));
#81 = CARTESIAN_POINT('',(69.023636754185,-7.247930181292,2.));
#82 = CARTESIAN_POINT('',(69.023688715247,-7.770636112641,2.));
#83 = ORIENTED_EDGE('',*,*,#84,.T.);
#84 = EDGE_CURVE('',#70,#22,#85,.T.);
#85 = B_SPLINE_CURVE_WITH_KNOTS('',8,(#86,#87,#88,#89,#90,#91,#92,#93,
    #94),.UNSPECIFIED.,.F.,.F.,(9,9),(6.428962280007,8.571949863095),
  .PIECEWISE_BEZIER_KNOTS.);
#86 = CARTESIAN_POINT('',(69.023688715247,-7.770636112641,2.));
#87 = CARTESIAN_POINT('',(69.023747198807,-8.358638555546,2.));
#88 = CARTESIAN_POINT('',(68.880931246535,-8.911757551239,2.));
#89 = CARTESIAN_POINT('',(68.633680156349,-9.415098296692,2.));
#90 = CARTESIAN_POINT('',(68.285209095006,-9.866733917232,2.));
#91 = CARTESIAN_POINT('',(67.840704702776,-10.23577339268,2.));
#92 = CARTESIAN_POINT('',(67.319464946002,-10.49986347508,2.));
#93 = CARTESIAN_POINT('',(66.748151862826,-10.63623889068,2.));
#94 = CARTESIAN_POINT('',(66.161113537549,-10.63623889068,2.));
#95 = FACE_BOUND('',#96,.T.);
#96 = EDGE_LOOP('',(#97,#116,#133,#150,#168,#185,#203,#220));
#97 = ORIENTED_EDGE('',*,*,#98,.F.);
#98 = EDGE_CURVE('',#99,#101,#103,.T.);
#99 = VERTEX_POINT('',#100);
#100 = CARTESIAN_POINT('',(88.374770551098,-7.214037530639,2.));
#101 = VERTEX_POINT('',#102);
#102 = CARTESIAN_POINT('',(88.382326709237,-57.63906457168,2.));
#103 = ( BOUNDED_CURVE() B_SPLINE_CURVE(11,(#104,#105,#106,#107,#108,
    #109,#110,#111,#112,#113,#114,#115),.UNSPECIFIED.,.F.,.F.) 
B_SPLINE_CURVE_WITH_KNOTS((12,12),(4.6E-16,50.986191561895),
.PIECEWISE_BEZIER_KNOTS.) CURVE() GEOMETRIC_REPRESENTATION_ITEM() 
RATIONAL_B_SPLINE_CURVE((1.,1.,1.,1.,1.,0.999999999999,1.,1.,1.,1.,1.,1.
)) REPRESENTATION_ITEM('') );
#104 = CARTESIAN_POINT('',(88.374770551098,-7.214037530639,2.));
#105 = CARTESIAN_POINT('',(88.374770551098,-11.80516554131,2.));
#106 = CARTESIAN_POINT('',(88.374789842606,-16.3961470126,2.));
#107 = CARTESIAN_POINT('',(88.374651548419,-20.99019024493,2.));
#108 = CARTESIAN_POINT('',(88.375140788658,-25.5882196145,2.));
#109 = CARTESIAN_POINT('',(88.374030855356,-30.21729540367,2.));
#110 = CARTESIAN_POINT('',(88.376046835809,-34.83954156921,2.));
#111 = CARTESIAN_POINT('',(88.374628246723,-39.54446085555,2.));
#112 = CARTESIAN_POINT('',(88.376383209831,-44.21981594085,2.));
#113 = CARTESIAN_POINT('',(88.374156478402,-48.86341473646,2.));
#114 = CARTESIAN_POINT('',(88.37116475743,-53.13143215459,2.));
#115 = CARTESIAN_POINT('',(88.382326709237,-57.63906457168,2.));
#116 = ORIENTED_EDGE('',*,*,#117,.F.);
#117 = EDGE_CURVE('',#118,#99,#120,.T.);
#118 = VERTEX_POINT('',#119);
#119 = CARTESIAN_POINT('',(85.674298609967,-4.645047839379,2.));
#120 = ( BOUNDED_CURVE() B_SPLINE_CURVE(11,(#121,#122,#123,#124,#125,
    #126,#127,#128,#129,#130,#131,#132),.UNSPECIFIED.,.F.,.F.) 
B_SPLINE_CURVE_WITH_KNOTS((12,12),(277.7026927771,282.65682088951),
.PIECEWISE_BEZIER_KNOTS.) CURVE() GEOMETRIC_REPRESENTATION_ITEM() 
RATIONAL_B_SPLINE_CURVE((1.,1.,1.,0.999999999999,1.000000000001,
    0.999999999999,1.000000000001,0.999999999999,1.000000000001,1.,1.,1.
)) REPRESENTATION_ITEM('') );
#121 = CARTESIAN_POINT('',(85.674298609967,-4.645047839379,2.));
#122 = CARTESIAN_POINT('',(86.12268988059,-4.644369565448,2.));
#123 = CARTESIAN_POINT('',(86.537043017975,-4.710505139278,2.));
#124 = CARTESIAN_POINT('',(86.930504895597,-4.840977092419,2.));
#125 = CARTESIAN_POINT('',(87.279093489262,-5.034726998629,2.));
#126 = CARTESIAN_POINT('',(87.557354006788,-5.272597521691,2.));
#127 = CARTESIAN_POINT('',(87.795624865823,-5.503950786367,2.));
#128 = CARTESIAN_POINT('',(88.017818383244,-5.792613487134,2.));
#129 = CARTESIAN_POINT('',(88.188707304339,-6.109800245298,2.));
#130 = CARTESIAN_POINT('',(88.311036013031,-6.459112154713,2.));
#131 = CARTESIAN_POINT('',(88.374770551098,-6.828104478381,2.));
#132 = CARTESIAN_POINT('',(88.374770551098,-7.214037530639,2.));
#133 = ORIENTED_EDGE('',*,*,#134,.F.);
#134 = EDGE_CURVE('',#135,#118,#137,.T.);
#135 = VERTEX_POINT('',#136);
#136 = CARTESIAN_POINT('',(4.40263851173,-4.645037299991,2.));
#137 = ( BOUNDED_CURVE() B_SPLINE_CURVE(11,(#138,#139,#140,#141,#142,
    #143,#144,#145,#146,#147,#148,#149),.UNSPECIFIED.,.F.,.F.) 
B_SPLINE_CURVE_WITH_KNOTS((12,12),(197.20482457012,277.7026927771),
.PIECEWISE_BEZIER_KNOTS.) CURVE() GEOMETRIC_REPRESENTATION_ITEM() 
RATIONAL_B_SPLINE_CURVE((1.,1.,1.,1.000000000001,0.999999999999,
    1.000000000001,0.999999999999,1.000000000001,1.,1.,1.,1.)) 
REPRESENTATION_ITEM('') );
#138 = CARTESIAN_POINT('',(4.40263851173,-4.645037299991,2.));
#139 = CARTESIAN_POINT('',(11.689979309952,-4.656071653367,2.));
#140 = CARTESIAN_POINT('',(18.594535272443,-4.653039373868,2.));
#141 = CARTESIAN_POINT('',(26.094344131007,-4.650712855549,2.));
#142 = CARTESIAN_POINT('',(33.6874957582,-4.652486387247,2.));
#143 = CARTESIAN_POINT('',(41.319966513721,-4.652994389873,2.));
#144 = CARTESIAN_POINT('',(48.75745622619,-4.652999863039,2.));
#145 = CARTESIAN_POINT('',(56.390184978052,-4.652482723127,2.));
#146 = CARTESIAN_POINT('',(63.983409499836,-4.650719572803,2.));
#147 = CARTESIAN_POINT('',(71.483616177943,-4.653034289682,2.));
#148 = CARTESIAN_POINT('',(78.388548102747,-4.656068871582,2.));
#149 = CARTESIAN_POINT('',(85.674298609967,-4.645047839379,2.));
#150 = ORIENTED_EDGE('',*,*,#151,.F.);
#151 = EDGE_CURVE('',#152,#135,#154,.T.);
#152 = VERTEX_POINT('',#153);
#153 = CARTESIAN_POINT('',(1.695979575618,-7.291358261918,2.));
#154 = ( BOUNDED_CURVE() B_SPLINE_CURVE(12,(#155,#156,#157,#158,#159,
    #160,#161,#162,#163,#164,#165,#166,#167),.UNSPECIFIED.,.F.,.F.) 
B_SPLINE_CURVE_WITH_KNOTS((13,13),(192.25488157122,197.20482457012),
.PIECEWISE_BEZIER_KNOTS.) CURVE() GEOMETRIC_REPRESENTATION_ITEM() 
RATIONAL_B_SPLINE_CURVE((1.,1.,1.,1.000000000001,0.999999999999,
    1.000000000002,0.999999999998,1.000000000002,0.999999999999,
1.000000000001,1.,1.,1.)) REPRESENTATION_ITEM('') );
#155 = CARTESIAN_POINT('',(1.695979575618,-7.291358261918,2.));
#156 = CARTESIAN_POINT('',(1.694986804056,-6.889934464206,2.));
#157 = CARTESIAN_POINT('',(1.751023270057,-6.516682112632,2.));
#158 = CARTESIAN_POINT('',(1.862450768361,-6.160486399632,2.));
#159 = CARTESIAN_POINT('',(2.025634750185,-5.849379360053,2.));
#160 = CARTESIAN_POINT('',(2.230015079833,-5.570996096371,2.));
#161 = CARTESIAN_POINT('',(2.441278183779,-5.386032551376,2.));
#162 = CARTESIAN_POINT('',(2.637126075379,-5.167312104574,2.));
#163 = CARTESIAN_POINT('',(2.924005711017,-4.970318423838,2.));
#164 = CARTESIAN_POINT('',(3.244313256638,-4.808298559115,2.));
#165 = CARTESIAN_POINT('',(3.609779464655,-4.699468223179,2.));
#166 = CARTESIAN_POINT('',(3.991870762999,-4.644415323248,2.));
#167 = CARTESIAN_POINT('',(4.40263851173,-4.645037299991,2.));
#168 = ORIENTED_EDGE('',*,*,#169,.F.);
#169 = EDGE_CURVE('',#170,#152,#172,.T.);
#170 = VERTEX_POINT('',#171);
#171 = CARTESIAN_POINT('',(1.69596768174,-57.63906457168,2.));
#172 = ( BOUNDED_CURVE() B_SPLINE_CURVE(11,(#173,#174,#175,#176,#177,
    #178,#179,#180,#181,#182,#183,#184),.UNSPECIFIED.,.F.,.F.) 
B_SPLINE_CURVE_WITH_KNOTS((12,12),(141.31176176566,192.25488157122),
.PIECEWISE_BEZIER_KNOTS.) CURVE() GEOMETRIC_REPRESENTATION_ITEM() 
RATIONAL_B_SPLINE_CURVE((1.,1.,1.,1.,1.,1.,1.,1.,1.,1.,1.,1.)) 
REPRESENTATION_ITEM('') );
#173 = CARTESIAN_POINT('',(1.69596768174,-57.63906457168,2.));
#174 = CARTESIAN_POINT('',(1.707129633547,-53.13143215459,2.));
#175 = CARTESIAN_POINT('',(1.70411800297,-48.86357842038,2.));
#176 = CARTESIAN_POINT('',(1.701680225899,-44.21701400097,2.));
#177 = CARTESIAN_POINT('',(1.703539166468,-39.50748963828,2.));
#178 = CARTESIAN_POINT('',(1.704026757768,-34.77292232414,2.));
#179 = CARTESIAN_POINT('',(1.704032994985,-30.15735537963,2.));
#180 = CARTESIAN_POINT('',(1.703535305744,-25.42270617729,2.));
#181 = CARTESIAN_POINT('',(1.70168665984,-20.71316844482,2.));
#182 = CARTESIAN_POINT('',(1.704113668843,-16.06644813506,2.));
#183 = CARTESIAN_POINT('',(1.707125683169,-11.79824886449,2.));
#184 = CARTESIAN_POINT('',(1.695979575618,-7.291358261918,2.));
#185 = ORIENTED_EDGE('',*,*,#186,.F.);
#186 = EDGE_CURVE('',#187,#170,#189,.T.);
#187 = VERTEX_POINT('',#188);
#188 = CARTESIAN_POINT('',(4.402619223038,-60.2837148509,2.));
#189 = ( BOUNDED_CURVE() B_SPLINE_CURVE(12,(#190,#191,#192,#193,#194,
    #195,#196,#197,#198,#199,#200,#201,#202),.UNSPECIFIED.,.F.,.F.) 
B_SPLINE_CURVE_WITH_KNOTS((13,13),(136.36600034479,141.31176176566),
.PIECEWISE_BEZIER_KNOTS.) CURVE() GEOMETRIC_REPRESENTATION_ITEM() 
RATIONAL_B_SPLINE_CURVE((1.,1.,1.000000000001,0.999999999997,
    1.000000000005,0.999999999993,1.000000000007,0.999999999994,
    1.000000000004,0.999999999998,1.000000000001,1.,1.)) 
REPRESENTATION_ITEM('') );
#190 = CARTESIAN_POINT('',(4.402619223038,-60.2837148509,2.));
#191 = CARTESIAN_POINT('',(3.991858703197,-60.28433652151,2.));
#192 = CARTESIAN_POINT('',(3.609761190864,-60.22929767364,2.));
#193 = CARTESIAN_POINT('',(3.244291927581,-60.12050595004,2.));
#194 = CARTESIAN_POINT('',(2.923950475355,-59.95851382435,2.));
#195 = CARTESIAN_POINT('',(2.637103187836,-59.76165821992,2.));
#196 = CARTESIAN_POINT('',(2.441091348252,-59.54291906336,2.));
#197 = CARTESIAN_POINT('',(2.230038485882,-59.35808045856,2.));
#198 = CARTESIAN_POINT('',(2.025629907319,-59.07995971218,2.));
#199 = CARTESIAN_POINT('',(1.862463379183,-58.76908935495,2.));
#200 = CARTESIAN_POINT('',(1.751025217108,-58.41317462081,2.));
#201 = CARTESIAN_POINT('',(1.694974338806,-58.04021527421,2.));
#202 = CARTESIAN_POINT('',(1.69596768174,-57.63906457168,2.));
#203 = ORIENTED_EDGE('',*,*,#204,.F.);
#204 = EDGE_CURVE('',#205,#187,#207,.T.);
#205 = VERTEX_POINT('',#206);
#206 = CARTESIAN_POINT('',(85.674317886183,-60.2837043167,2.));
#207 = ( BOUNDED_CURVE() B_SPLINE_CURVE(11,(#208,#209,#210,#211,#212,
    #213,#214,#215,#216,#217,#218,#219),.UNSPECIFIED.,.F.,.F.) 
B_SPLINE_CURVE_WITH_KNOTS((12,12),(55.936134560794,136.36600034479),
.PIECEWISE_BEZIER_KNOTS.) CURVE() GEOMETRIC_REPRESENTATION_ITEM() 
RATIONAL_B_SPLINE_CURVE((1.,1.,1.,1.000000000001,0.999999999999,
    1.000000000002,0.999999999999,1.000000000001,0.999999999999,1.,1.,1.
)) REPRESENTATION_ITEM('') );
#208 = CARTESIAN_POINT('',(85.674317886183,-60.2837043167,2.));
#209 = CARTESIAN_POINT('',(78.388695400133,-60.27268870938,2.));
#210 = CARTESIAN_POINT('',(71.483545431109,-60.27572228045,2.));
#211 = CARTESIAN_POINT('',(63.983358435107,-60.2780349413,2.));
#212 = CARTESIAN_POINT('',(56.390169570086,-60.27627365826,2.));
#213 = CARTESIAN_POINT('',(48.757485213255,-60.2757561371,2.));
#214 = CARTESIAN_POINT('',(41.319937546106,-60.27576160606,2.));
#215 = CARTESIAN_POINT('',(33.687511172006,-60.27626999731,2.));
#216 = CARTESIAN_POINT('',(26.094395350706,-60.27804165398,2.));
#217 = CARTESIAN_POINT('',(18.594606092852,-60.27571719972,2.));
#218 = CARTESIAN_POINT('',(11.68983177512,-60.27268592851,2.));
#219 = CARTESIAN_POINT('',(4.402619223038,-60.2837148509,2.));
#220 = ORIENTED_EDGE('',*,*,#221,.F.);
#221 = EDGE_CURVE('',#101,#205,#222,.T.);
#222 = ( BOUNDED_CURVE() B_SPLINE_CURVE(12,(#223,#224,#225,#226,#227,
    #228,#229,#230,#231,#232,#233,#234,#235),.UNSPECIFIED.,.F.,.F.) 
B_SPLINE_CURVE_WITH_KNOTS((13,13),(50.986191561895,55.936134560794),
.PIECEWISE_BEZIER_KNOTS.) CURVE() GEOMETRIC_REPRESENTATION_ITEM() 
RATIONAL_B_SPLINE_CURVE((1.,1.,1.,1.000000000001,0.999999999998,
    1.000000000003,0.999999999997,1.000000000002,0.999999999998,
1.000000000001,1.,1.,1.)) REPRESENTATION_ITEM('') );
#223 = CARTESIAN_POINT('',(88.382326709237,-57.63906457168,2.));
#224 = CARTESIAN_POINT('',(88.38332005217,-58.04021527421,2.));
#225 = CARTESIAN_POINT('',(88.327271075238,-58.41316904014,2.));
#226 = CARTESIAN_POINT('',(88.21582229097,-58.76907978647,2.));
#227 = CARTESIAN_POINT('',(88.052666370247,-59.07991962016,2.));
#228 = CARTESIAN_POINT('',(87.848164455461,-59.35807816585,2.));
#229 = CARTESIAN_POINT('',(87.637152597568,-59.5427618448,2.));
#230 = CARTESIAN_POINT('',(87.441063000905,-59.76169125323,2.));
#231 = CARTESIAN_POINT('',(87.153989570968,-59.9585279656,2.));
#232 = CARTESIAN_POINT('',(86.833438583685,-60.12053184799,2.));
#233 = CARTESIAN_POINT('',(86.467709758705,-60.22930788876,2.));
#234 = CARTESIAN_POINT('',(86.085335995278,-60.28432576176,2.));
#235 = CARTESIAN_POINT('',(85.674317886183,-60.2837043167,2.));
#236 = FACE_BOUND('',#237,.T.);
#237 = EDGE_LOOP('',(#238,#295,#310,#325));
#238 = ORIENTED_EDGE('',*,*,#239,.T.);
#239 = EDGE_CURVE('',#240,#242,#244,.T.);
#240 = VERTEX_POINT('',#241);
#241 = CARTESIAN_POINT('',(63.298186356778,-57.11966112235,2.));
#242 = VERTEX_POINT('',#243);
#243 = CARTESIAN_POINT('',(66.161113537549,-54.25405835177,2.));
#244 = B_SPLINE_CURVE_WITH_KNOTS('',13,(#245,#246,#247,#248,#249,#250,
    #251,#252,#253,#254,#255,#256,#257,#258,#259,#260,#261,#262,#263,
    #264,#265,#266,#267,#268,#269,#270,#271,#272,#273,#274,#275,#276,
    #277,#278,#279,#280,#281,#282,#283,#284,#285,#286,#287,#288,#289,
    #290,#291,#292,#293,#294),.UNSPECIFIED.,.F.,.F.,(14,12,12,12,14),(
    -1.362526397215E-15,0.267709461854,0.535418923708,1.070837847415,
    2.14167569483),.UNSPECIFIED.);
#245 = CARTESIAN_POINT('',(63.298186356778,-57.11966112235,2.));
#246 = CARTESIAN_POINT('',(63.298186356791,-57.0746471992,2.));
#247 = CARTESIAN_POINT('',(63.298947079858,-57.02903886002,
    1.999999999998));
#248 = CARTESIAN_POINT('',(63.300465158874,-56.986258912,2.000000000004)
  );
#249 = CARTESIAN_POINT('',(63.302736931144,-56.93637664032,
    1.999999999992));
#250 = CARTESIAN_POINT('',(63.30575845316,-56.90045663495,2.000000000012
    ));
#251 = CARTESIAN_POINT('',(63.309525505702,-56.84468467408,
    1.999999999986));
#252 = CARTESIAN_POINT('',(63.314033615385,-56.81121184582,
    2.000000000013));
#253 = CARTESIAN_POINT('',(63.319278053469,-56.75901198831,1.99999999999
    ));
#254 = CARTESIAN_POINT('',(63.3252538609,-56.71928834401,2.000000000006)
  );
#255 = CARTESIAN_POINT('',(63.331955847033,-56.67377150933,
    1.999999999997));
#256 = CARTESIAN_POINT('',(63.339378609591,-56.63052281443,
    2.000000000001));
#257 = CARTESIAN_POINT('',(63.347516539418,-56.58702087668,2.));
#258 = CARTESIAN_POINT('',(63.365211127144,-56.50055916162,2.));
#259 = CARTESIAN_POINT('',(63.374767859839,-56.45754851798,2.));
#260 = CARTESIAN_POINT('',(63.38502814527,-56.41476922632,1.999999999999
    ));
#261 = CARTESIAN_POINT('',(63.395985945562,-56.3722322375,2.000000000002
    ));
#262 = CARTESIAN_POINT('',(63.407635068057,-56.32994831325,
    1.999999999998));
#263 = CARTESIAN_POINT('',(63.419969170943,-56.28792802966,
    2.000000000001));
#264 = CARTESIAN_POINT('',(63.432981754799,-56.24618177213,2.));
#265 = CARTESIAN_POINT('',(63.446666173091,-56.20471974138,2.));
#266 = CARTESIAN_POINT('',(63.461015621219,-56.16355194744,2.));
#267 = CARTESIAN_POINT('',(63.476023146213,-56.12268821475,2.));
#268 = CARTESIAN_POINT('',(63.491681639429,-56.08213817847,2.));
#269 = CARTESIAN_POINT('',(63.507983841217,-56.04191128676,2.));
#270 = CARTESIAN_POINT('',(63.558799332811,-55.92222782519,
    1.999999999999));
#271 = CARTESIAN_POINT('',(63.59522418669,-55.84376896646,2.000000000003
    ));
#272 = CARTESIAN_POINT('',(63.634135648947,-55.76671376493,
    1.999999999992));
#273 = CARTESIAN_POINT('',(63.675471910733,-55.69113289244,
    2.000000000016));
#274 = CARTESIAN_POINT('',(63.719170596131,-55.61709414391,
    1.999999999976));
#275 = CARTESIAN_POINT('',(63.765168779295,-55.54466245058,
    2.000000000028));
#276 = CARTESIAN_POINT('',(63.81340295876,-55.47389986023,1.999999999974
    ));
#277 = CARTESIAN_POINT('',(63.863809089464,-55.40486556172,2.00000000002
    ));
#278 = CARTESIAN_POINT('',(63.916322549212,-55.3376158594,1.999999999988
    ));
#279 = CARTESIAN_POINT('',(63.970878168295,-55.27220419565,
    2.000000000006));
#280 = CARTESIAN_POINT('',(64.027410207485,-55.20868113416,
    1.999999999998));
#281 = CARTESIAN_POINT('',(64.085852371643,-55.14709437025,2.));
#282 = CARTESIAN_POINT('',(64.266708665351,-54.96827743659,2.));
#283 = CARTESIAN_POINT('',(64.394655291947,-54.85699412925,2.));
#284 = CARTESIAN_POINT('',(64.529481705704,-54.75400517869,
    2.000000000001));
#285 = CARTESIAN_POINT('',(64.670683571073,-54.65964292818,
    1.999999999997));
#286 = CARTESIAN_POINT('',(64.817774677588,-54.5742124524,2.000000000005
    ));
#287 = CARTESIAN_POINT('',(64.970305339914,-54.49800343014,
    1.999999999992));
#288 = CARTESIAN_POINT('',(65.127872730003,-54.4313071497,2.000000000009
    ));
#289 = CARTESIAN_POINT('',(65.29012311541,-54.37443860927,1.999999999992
    ));
#290 = CARTESIAN_POINT('',(65.456746038567,-54.32776376335,
    2.000000000005));
#291 = CARTESIAN_POINT('',(65.627460398401,-54.29173185719,
    1.999999999997));
#292 = CARTESIAN_POINT('',(65.801992470051,-54.26691290489,
    2.000000000001));
#293 = CARTESIAN_POINT('',(65.980045834971,-54.25404026604,2.));
#294 = CARTESIAN_POINT('',(66.161113537549,-54.25405835177,2.));
#295 = ORIENTED_EDGE('',*,*,#296,.T.);
#296 = EDGE_CURVE('',#242,#297,#299,.T.);
#297 = VERTEX_POINT('',#298);
#298 = CARTESIAN_POINT('',(69.023688604434,-57.11966112235,2.));
#299 = B_SPLINE_CURVE_WITH_KNOTS('',9,(#300,#301,#302,#303,#304,#305,
    #306,#307,#308,#309),.UNSPECIFIED.,.F.,.F.,(10,10),(2.14167569483,
    4.282349670439),.PIECEWISE_BEZIER_KNOTS.);
#300 = CARTESIAN_POINT('',(66.161113537549,-54.25405835177,2.));
#301 = CARTESIAN_POINT('',(66.684535322482,-54.25411057497,2.));
#302 = CARTESIAN_POINT('',(67.180564503641,-54.36569666068,2.));
#303 = CARTESIAN_POINT('',(67.642478208835,-54.56384756022,2.));
#304 = CARTESIAN_POINT('',(68.068966153597,-54.84417836559,2.));
#305 = CARTESIAN_POINT('',(68.436804574753,-55.2133831552,2.));
#306 = CARTESIAN_POINT('',(68.71572664095,-55.64009824983,2.));
#307 = CARTESIAN_POINT('',(68.912593564599,-56.10181715221,2.));
#308 = CARTESIAN_POINT('',(69.023481286625,-56.59690205319,2.));
#309 = CARTESIAN_POINT('',(69.023688604434,-57.11966112235,2.));
#310 = ORIENTED_EDGE('',*,*,#311,.T.);
#311 = EDGE_CURVE('',#297,#312,#314,.T.);
#312 = VERTEX_POINT('',#313);
#313 = CARTESIAN_POINT('',(66.161113537549,-59.98526389296,2.));
#314 = B_SPLINE_CURVE_WITH_KNOTS('',9,(#315,#316,#317,#318,#319,#320,
    #321,#322,#323,#324),.UNSPECIFIED.,.F.,.F.,(10,10),(4.282349670439,
    6.427030522933),.PIECEWISE_BEZIER_KNOTS.);
#315 = CARTESIAN_POINT('',(69.023688604434,-57.11966112235,2.));
#316 = CARTESIAN_POINT('',(69.023896310296,-57.64220645979,2.));
#317 = CARTESIAN_POINT('',(68.912988470445,-58.13810717776,2.));
#318 = CARTESIAN_POINT('',(68.715817887144,-58.60023606216,2.));
#319 = CARTESIAN_POINT('',(68.436641048156,-59.02717570901,2.));
#320 = CARTESIAN_POINT('',(68.068257234565,-59.39642325993,2.));
#321 = CARTESIAN_POINT('',(67.641450332433,-59.67637304362,2.));
#322 = CARTESIAN_POINT('',(67.179499070263,-59.87402586318,2.));
#323 = CARTESIAN_POINT('',(66.683878998105,-59.98521185556,2.));
#324 = CARTESIAN_POINT('',(66.161113537549,-59.98526389296,2.));
#325 = ORIENTED_EDGE('',*,*,#326,.T.);
#326 = EDGE_CURVE('',#312,#240,#327,.T.);
#327 = B_SPLINE_CURVE_WITH_KNOTS('',8,(#328,#329,#330,#331,#332,#333,
    #334,#335,#336),.UNSPECIFIED.,.F.,.F.,(9,9),(6.427030522933,
    8.572714969649),.PIECEWISE_BEZIER_KNOTS.);
#328 = CARTESIAN_POINT('',(66.161113537549,-59.98526389296,2.));
#329 = CARTESIAN_POINT('',(65.573044651506,-59.98532246244,2.));
#330 = CARTESIAN_POINT('',(65.019706903279,-59.84223360167,2.));
#331 = CARTESIAN_POINT('',(64.51615129906,-59.59429351805,2.));
#332 = CARTESIAN_POINT('',(64.064374590347,-59.24476229272,2.));
#333 = CARTESIAN_POINT('',(63.696033526235,-58.79857725432,2.));
#334 = CARTESIAN_POINT('',(63.433536217065,-58.2767665351,2.));
#335 = CARTESIAN_POINT('',(63.29818635678,-57.70593745519,2.));
#336 = CARTESIAN_POINT('',(63.29818635678,-57.11966112235,2.));
#337 = FACE_BOUND('',#338,.T.);
#338 = EDGE_LOOP('',(#339,#355,#370,#385));
#339 = ORIENTED_EDGE('',*,*,#340,.T.);
#340 = EDGE_CURVE('',#341,#343,#345,.T.);
#341 = VERTEX_POINT('',#342);
#342 = CARTESIAN_POINT('',(5.001721765492,-7.770636112641,2.));
#343 = VERTEX_POINT('',#344);
#344 = CARTESIAN_POINT('',(7.864296950606,-4.905033402129,2.));
#345 = B_SPLINE_CURVE_WITH_KNOTS('',8,(#346,#347,#348,#349,#350,#351,
    #352,#353,#354),.UNSPECIFIED.,.F.,.F.,(9,9),(1.56692640629E-16,
    2.14336941053),.PIECEWISE_BEZIER_KNOTS.);
#346 = CARTESIAN_POINT('',(5.001721765492,-7.770636112641,2.));
#347 = CARTESIAN_POINT('',(5.001721765493,-7.184311875136,2.));
#348 = CARTESIAN_POINT('',(5.137390520838,-6.613808981852,2.));
#349 = CARTESIAN_POINT('',(5.399978741301,-6.092969586688,2.));
#350 = CARTESIAN_POINT('',(5.767188591727,-5.647570631479,2.));
#351 = CARTESIAN_POINT('',(6.218049093691,-5.297570708371,2.));
#352 = CARTESIAN_POINT('',(6.721246793744,-5.04873556959,2.));
#353 = CARTESIAN_POINT('',(7.27529193227,-4.904856519627,2.));
#354 = CARTESIAN_POINT('',(7.864296950606,-4.905033402129,2.));
#355 = ORIENTED_EDGE('',*,*,#356,.T.);
#356 = EDGE_CURVE('',#343,#357,#359,.T.);
#357 = VERTEX_POINT('',#358);
#358 = CARTESIAN_POINT('',(10.725816141335,-7.770636112641,2.));
#359 = B_SPLINE_CURVE_WITH_KNOTS('',9,(#360,#361,#362,#363,#364,#365,
    #366,#367,#368,#369),.UNSPECIFIED.,.F.,.F.,(10,10),(2.14336941053,
    4.283729879445),.PIECEWISE_BEZIER_KNOTS.);
#360 = CARTESIAN_POINT('',(7.864296950606,-4.905033402129,2.));
#361 = CARTESIAN_POINT('',(8.387971633104,-4.905190410296,2.));
#362 = CARTESIAN_POINT('',(8.883951842815,-5.016964633976,2.));
#363 = CARTESIAN_POINT('',(9.345649572271,-5.215341460325,2.));
#364 = CARTESIAN_POINT('',(9.771706870563,-5.495885568248,2.000000000001
    ));
#365 = CARTESIAN_POINT('',(10.138919214207,-5.8647474474,2.));
#366 = CARTESIAN_POINT('',(10.417777515548,-6.291037405045,2.));
#367 = CARTESIAN_POINT('',(10.614789957403,-6.752593912821,2.));
#368 = CARTESIAN_POINT('',(10.725764180275,-7.247930181292,2.));
#369 = CARTESIAN_POINT('',(10.725816141335,-7.770636112641,2.));
#370 = ORIENTED_EDGE('',*,*,#371,.T.);
#371 = EDGE_CURVE('',#357,#372,#374,.T.);
#372 = VERTEX_POINT('',#373);
#373 = CARTESIAN_POINT('',(7.864296950606,-10.63623882323,2.));
#374 = B_SPLINE_CURVE_WITH_KNOTS('',9,(#375,#376,#377,#378,#379,#380,
    #381,#382,#383,#384),.UNSPECIFIED.,.F.,.F.,(10,10),(4.283729879445,
    6.425092389777),.PIECEWISE_BEZIER_KNOTS.);
#375 = CARTESIAN_POINT('',(10.725816141335,-7.770636112641,2.));
#376 = CARTESIAN_POINT('',(10.725868126721,-8.293288378079,2.));
#377 = CARTESIAN_POINT('',(10.614888832078,-8.788829058149,2.));
#378 = CARTESIAN_POINT('',(10.417800233616,-9.250488285917,2.));
#379 = CARTESIAN_POINT('',(10.13887780739,-9.676833977055,2.));
#380 = CARTESIAN_POINT('',(9.771530174105,-10.0457062042,2.));
#381 = CARTESIAN_POINT('',(9.345392792524,-10.32615586011,2.));
#382 = CARTESIAN_POINT('',(8.883685295355,-10.52440792531,2.));
#383 = CARTESIAN_POINT('',(8.38780733499,-10.63608195475,2.));
#384 = CARTESIAN_POINT('',(7.864296950606,-10.63623882323,2.));
#385 = ORIENTED_EDGE('',*,*,#386,.T.);
#386 = EDGE_CURVE('',#372,#341,#387,.T.);
#387 = B_SPLINE_CURVE_WITH_KNOTS('',8,(#388,#389,#390,#391,#392,#393,
    #394,#395,#396),.UNSPECIFIED.,.F.,.F.,(9,9),(6.425092389777,
    8.569465250406),.PIECEWISE_BEZIER_KNOTS.);
#388 = CARTESIAN_POINT('',(7.864296950606,-10.63623882323,2.));
#389 = CARTESIAN_POINT('',(7.275476475785,-10.63641554835,2.));
#390 = CARTESIAN_POINT('',(6.721536569131,-10.49266651372,2.));
#391 = CARTESIAN_POINT('',(6.21829236139,-10.24397103775,2.));
#392 = CARTESIAN_POINT('',(5.767298401814,-9.89405835195,2.));
#393 = CARTESIAN_POINT('',(5.39989410345,-9.44853322094,2.));
#394 = CARTESIAN_POINT('',(5.137326015007,-8.927513872414,2.));
#395 = CARTESIAN_POINT('',(5.001721765493,-8.356950503657,2.));
#396 = CARTESIAN_POINT('',(5.001721765493,-7.770636112641,2.));
#397 = FACE_BOUND('',#398,.T.);
#398 = EDGE_LOOP('',(#399,#456,#471,#486));
#399 = ORIENTED_EDGE('',*,*,#400,.T.);
#400 = EDGE_CURVE('',#401,#403,#405,.T.);
#401 = VERTEX_POINT('',#402);
#402 = CARTESIAN_POINT('',(5.001721765491,-57.11966112235,2.));
#403 = VERTEX_POINT('',#404);
#404 = CARTESIAN_POINT('',(7.864296950606,-54.25405841176,2.));
#405 = B_SPLINE_CURVE_WITH_KNOTS('',13,(#406,#407,#408,#409,#410,#411,
    #412,#413,#414,#415,#416,#417,#418,#419,#420,#421,#422,#423,#424,
    #425,#426,#427,#428,#429,#430,#431,#432,#433,#434,#435,#436,#437,
    #438,#439,#440,#441,#442,#443,#444,#445,#446,#447,#448,#449,#450,
    #451,#452,#453,#454,#455),.UNSPECIFIED.,.F.,.F.,(14,12,12,12,14),(
    -1.110394174331E-14,0.267757219045,0.535514438089,1.071028876178,
    2.142057752356),.UNSPECIFIED.);
#406 = CARTESIAN_POINT('',(5.001721765491,-57.11966112235,2.));
#407 = CARTESIAN_POINT('',(5.001721765493,-57.07464719919,2.));
#408 = CARTESIAN_POINT('',(5.00248248862,-57.02903900035,2.000000000001)
  );
#409 = CARTESIAN_POINT('',(5.004000557309,-56.98625934328,1.999999999999
    ));
#410 = CARTESIAN_POINT('',(5.006272298505,-56.93637752354,2.000000000002
    ));
#411 = CARTESIAN_POINT('',(5.009293755014,-56.90045813907,1.999999999998
    ));
#412 = CARTESIAN_POINT('',(5.013060697071,-56.84468697768,2.000000000002
    ));
#413 = CARTESIAN_POINT('',(5.017568634304,-56.81121513262,1.999999999999
    ));
#414 = CARTESIAN_POINT('',(5.022812826838,-56.75901644955,2.));
#415 = CARTESIAN_POINT('',(5.028788297582,-56.71929417394,2.));
#416 = CARTESIAN_POINT('',(5.035489842499,-56.67377890603,1.999999999999
    ));
#417 = CARTESIAN_POINT('',(5.042912042299,-56.63053197701,2.));
#418 = CARTESIAN_POINT('',(5.051049272449,-56.5870320042,2.));
#419 = CARTESIAN_POINT('',(5.068742154919,-56.5005746136,2.));
#420 = CARTESIAN_POINT('',(5.078297883429,-56.45756632961,1.999999999998
    ));
#421 = CARTESIAN_POINT('',(5.088556995978,-56.41478959351,2.000000000007
    ));
#422 = CARTESIAN_POINT('',(5.099513437274,-56.37225535119,1.999999999985
    ));
#423 = CARTESIAN_POINT('',(5.111161000522,-56.32997436202,2.000000000023
    ));
#424 = CARTESIAN_POINT('',(5.12349332637,-56.28795719074,1.999999999972)
  );
#425 = CARTESIAN_POINT('',(5.136503904537,-56.2462142202,2.000000000027)
  );
#426 = CARTESIAN_POINT('',(5.150186071735,-56.20475563488,1.999999999979
    ));
#427 = CARTESIAN_POINT('',(5.164533013883,-56.16359143861,2.000000000013
    ));
#428 = CARTESIAN_POINT('',(5.17953776413,-56.12273143865,1.999999999994)
  );
#429 = CARTESIAN_POINT('',(5.195193204332,-56.08218525765,2.000000000002
    ));
#430 = CARTESIAN_POINT('',(5.211492064136,-56.04196232619,2.));
#431 = CARTESIAN_POINT('',(5.26229663606,-55.92229100734,2.));
#432 = CARTESIAN_POINT('',(5.298713031255,-55.8438406441,1.999999999999)
  );
#433 = CARTESIAN_POINT('',(5.337614783035,-55.7667941461,2.000000000004)
  );
#434 = CARTESIAN_POINT('',(5.378940041169,-55.69122199435,1.999999999993
    ));
#435 = CARTESIAN_POINT('',(5.422626429555,-55.61719180436,2.000000000012
    ));
#436 = CARTESIAN_POINT('',(5.46861104552,-55.54476832097,1.999999999985)
  );
#437 = CARTESIAN_POINT('',(5.516830460921,-55.47401342651,2.000000000014
    ));
#438 = CARTESIAN_POINT('',(5.567220720704,-55.40498613007,1.999999999989
    ));
#439 = CARTESIAN_POINT('',(5.61971734448,-55.33774257925,2.000000000007)
  );
#440 = CARTESIAN_POINT('',(5.674255325082,-55.27233604943,1.999999999997
    ));
#441 = CARTESIAN_POINT('',(5.730769129669,-55.20881695193,2.000000000001
    ));
#442 = CARTESIAN_POINT('',(5.789192699029,-55.1472328289,2.));
#443 = CARTESIAN_POINT('',(5.969992945735,-54.96841940983,2.));
#444 = CARTESIAN_POINT('',(6.097901781879,-54.85713270414,2.000000000002
    ));
#445 = CARTESIAN_POINT('',(6.232692226934,-54.75413403207,1.999999999996
    ));
#446 = CARTESIAN_POINT('',(6.373862462106,-54.65975548954,2.000000000008
    ));
#447 = CARTESIAN_POINT('',(6.520929033975,-54.57430250663,1.999999999988
    ));
#448 = CARTESIAN_POINT('',(6.673445162404,-54.49806592065,2.000000000013
    ));
#449 = CARTESIAN_POINT('',(6.831010899121,-54.43133906613,1.999999999988
    ));
#450 = CARTESIAN_POINT('',(6.993275140558,-54.37443991757,2.000000000009
    ));
#451 = CARTESIAN_POINT('',(7.159929490614,-54.32773824091,1.999999999994
    ));
#452 = CARTESIAN_POINT('',(7.3306939778,-54.29168780006,2.000000000003)
  );
#453 = CARTESIAN_POINT('',(7.505294622843,-54.26686357654,1.999999999999
    ));
#454 = CARTESIAN_POINT('',(7.683432859704,-54.25400403481,2.));
#455 = CARTESIAN_POINT('',(7.864296950606,-54.25405841176,2.));
#456 = ORIENTED_EDGE('',*,*,#457,.T.);
#457 = EDGE_CURVE('',#403,#458,#460,.T.);
#458 = VERTEX_POINT('',#459);
#459 = CARTESIAN_POINT('',(10.725816030522,-57.11966112235,2.));
#460 = B_SPLINE_CURVE_WITH_KNOTS('',9,(#461,#462,#463,#464,#465,#466,
    #467,#468,#469,#470),.UNSPECIFIED.,.F.,.F.,(10,10),(2.142057752356,
    4.281108404452),.PIECEWISE_BEZIER_KNOTS.);
#461 = CARTESIAN_POINT('',(7.864296950606,-54.25405841176,2.));
#462 = CARTESIAN_POINT('',(8.38780733499,-54.25421528024,2.));
#463 = CARTESIAN_POINT('',(8.883686403529,-54.36588725806,2.));
#464 = CARTESIAN_POINT('',(9.345428432807,-54.56415254358,2.));
#465 = CARTESIAN_POINT('',(9.77169151009,-54.84461589703,2.));
#466 = CARTESIAN_POINT('',(10.139154099452,-55.21376739454,2.));
#467 = CARTESIAN_POINT('',(10.417917173481,-55.64029289404,2.));
#468 = CARTESIAN_POINT('',(10.614720143992,-56.10188012424,2.));
#469 = CARTESIAN_POINT('',(10.725608712715,-56.59690205319,2.));
#470 = CARTESIAN_POINT('',(10.725816030522,-57.11966112235,2.));
#471 = ORIENTED_EDGE('',*,*,#472,.T.);
#472 = EDGE_CURVE('',#458,#473,#475,.T.);
#473 = VERTEX_POINT('',#474);
#474 = CARTESIAN_POINT('',(7.864296950606,-59.98526383325,2.));
#475 = B_SPLINE_CURVE_WITH_KNOTS('',9,(#476,#477,#478,#479,#480,#481,
    #482,#483,#484,#485),.UNSPECIFIED.,.F.,.F.,(10,10),(4.281108404452,
    6.424162894923),.PIECEWISE_BEZIER_KNOTS.);
#476 = CARTESIAN_POINT('',(10.725816030522,-57.11966112235,2.));
#477 = CARTESIAN_POINT('',(10.726023736384,-57.64220645979,2.));
#478 = CARTESIAN_POINT('',(10.615114986364,-58.13804429746,2.));
#479 = CARTESIAN_POINT('',(10.418008352935,-58.60004159653,2.));
#480 = CARTESIAN_POINT('',(10.138990304656,-59.02679105111,2.));
#481 = CARTESIAN_POINT('',(9.77098374979,-59.39598578988,2.));
#482 = CARTESIAN_POINT('',(9.344400390134,-59.67606915253,2.));
#483 = CARTESIAN_POINT('',(8.882620239314,-59.8738359603,2.));
#484 = CARTESIAN_POINT('',(8.387150142534,-59.98510752297,2.));
#485 = CARTESIAN_POINT('',(7.864296950606,-59.98526383325,2.));
#486 = ORIENTED_EDGE('',*,*,#487,.T.);
#487 = EDGE_CURVE('',#473,#401,#488,.T.);
#488 = B_SPLINE_CURVE_WITH_KNOTS('',8,(#489,#490,#491,#492,#493,#494,
    #495,#496,#497),.UNSPECIFIED.,.F.,.F.,(9,9),(6.424162894923,
    8.570230114293),.PIECEWISE_BEZIER_KNOTS.);
#489 = CARTESIAN_POINT('',(7.864296950606,-59.98526383325,2.));
#490 = CARTESIAN_POINT('',(7.276214649848,-59.98543992953,2.));
#491 = CARTESIAN_POINT('',(6.722695524484,-59.84221058794,2.));
#492 = CARTESIAN_POINT('',(6.219267358918,-59.59407260024,2.));
#493 = CARTESIAN_POINT('',(5.767738213228,-59.24451388868,2.));
#494 = CARTESIAN_POINT('',(5.399553527423,-58.79847814088,2.));
#495 = CARTESIAN_POINT('',(5.137069196505,-58.2767412822,2.));
#496 = CARTESIAN_POINT('',(5.001721765493,-57.70593745519,2.));
#497 = CARTESIAN_POINT('',(5.001721765493,-57.11966112235,2.));
#498 = PLANE('',#499);
#499 = AXIS2_PLACEMENT_3D('',#500,#501,#502);
#500 = CARTESIAN_POINT('',(44.179548199197,-32.46249819578,2.));
#501 = DIRECTION('',(0.,0.,1.));
#502 = DIRECTION('',(1.,1.224646799147E-16,0.));
#503 = ADVANCED_FACE('',(#504),#550,.T.);
#504 = FACE_BOUND('',#505,.T.);
#505 = EDGE_LOOP('',(#506,#513,#544,#549));
#506 = ORIENTED_EDGE('',*,*,#507,.T.);
#507 = EDGE_CURVE('',#22,#508,#510,.T.);
#508 = VERTEX_POINT('',#509);
#509 = CARTESIAN_POINT('',(66.161113537549,-9.136238890687,0.5));
#510 = B_SPLINE_CURVE_WITH_KNOTS('',1,(#511,#512),.UNSPECIFIED.,.F.,.F.,
  (2,2),(0.,2.143990384952),.PIECEWISE_BEZIER_KNOTS.);
#511 = CARTESIAN_POINT('',(66.161113537549,-10.63623889068,2.));
#512 = CARTESIAN_POINT('',(66.161113537549,-9.136238890687,0.5));
#513 = ORIENTED_EDGE('',*,*,#514,.T.);
#514 = EDGE_CURVE('',#508,#515,#517,.T.);
#515 = VERTEX_POINT('',#516);
#516 = CARTESIAN_POINT('',(64.79818635678,-7.770636112641,0.5));
#517 = B_SPLINE_CURVE_WITH_KNOTS('',13,(#518,#519,#520,#521,#522,#523,
    #524,#525,#526,#527,#528,#529,#530,#531,#532,#533,#534,#535,#536,
    #537,#538,#539,#540,#541,#542,#543),.UNSPECIFIED.,.F.,.F.,(14,12,14)
  ,(-2.932293373575E-15,1.071995192476,2.143990384952),.UNSPECIFIED.);
#518 = CARTESIAN_POINT('',(66.161113537549,-9.136238890687,0.5));
#519 = CARTESIAN_POINT('',(66.07427891682,-9.136238890686,0.5));
#520 = CARTESIAN_POINT('',(65.988811663878,-9.130356999678,
    0.500000000001));
#521 = CARTESIAN_POINT('',(65.904916391329,-9.118798439196,
    0.499999999996));
#522 = CARTESIAN_POINT('',(65.822797694239,-9.101768431636,
    0.500000000011));
#523 = CARTESIAN_POINT('',(65.742655950847,-9.079472187935,
    0.499999999974));
#524 = CARTESIAN_POINT('',(65.664684731637,-9.052112353031,
    0.500000000045));
#525 = CARTESIAN_POINT('',(65.589071242804,-9.019885158062,
    0.499999999951));
#526 = CARTESIAN_POINT('',(65.516000366306,-8.982977761189,
    0.500000011416));
#527 = CARTESIAN_POINT('',(65.445660394172,-8.941568800726,
    0.500000082877));
#528 = CARTESIAN_POINT('',(65.378248774006,-8.895831982762,
    0.500000284734));
#529 = CARTESIAN_POINT('',(65.313976306455,-8.845942511985,
    0.500000662411));
#530 = CARTESIAN_POINT('',(65.253068347158,-8.792085271538,
    0.500001201295));
#531 = CARTESIAN_POINT('',(65.138456081067,-8.676841231846,
    0.500002454442));
#532 = CARTESIAN_POINT('',(65.084758655411,-8.615449653933,
    0.500003143149));
#533 = CARTESIAN_POINT('',(65.03489114139,-8.5505036087,0.500003924996)
  );
#534 = CARTESIAN_POINT('',(64.989106150906,-8.482219877476,
    0.500004575989));
#535 = CARTESIAN_POINT('',(64.947671244642,-8.410839651863,
    0.500004824536));
#536 = CARTESIAN_POINT('',(64.910853288929,-8.336643865136,
    0.500004495843));
#537 = CARTESIAN_POINT('',(64.878903601895,-8.259961131391,
    0.500003592967));
#538 = CARTESIAN_POINT('',(64.852043927537,-8.181168298268,
    0.500002315022));
#539 = CARTESIAN_POINT('',(64.83045319013,-8.10068360598,0.500001011919)
  );
#540 = CARTESIAN_POINT('',(64.814255078869,-8.0189524604,0.500000076304)
  );
#541 = CARTESIAN_POINT('',(64.80350641801,-7.936425813117,0.49999977208)
  );
#542 = CARTESIAN_POINT('',(64.798186356788,-7.853531154008,0.5));
#543 = CARTESIAN_POINT('',(64.79818635678,-7.770636112641,0.5));
#544 = ORIENTED_EDGE('',*,*,#545,.F.);
#545 = EDGE_CURVE('',#24,#515,#546,.T.);
#546 = B_SPLINE_CURVE_WITH_KNOTS('',1,(#547,#548),.UNSPECIFIED.,.F.,.F.,
  (2,2),(0.,2.143990384952),.PIECEWISE_BEZIER_KNOTS.);
#547 = CARTESIAN_POINT('',(63.298186364196,-7.770636112641,2.));
#548 = CARTESIAN_POINT('',(64.79818635678,-7.770636112641,0.5));
#549 = ORIENTED_EDGE('',*,*,#21,.F.);
#550 = B_SPLINE_SURFACE_WITH_KNOTS('',1,13,(
    (#551,#552,#553,#554,#555,#556,#557,#558,#559,#560,#561,#562,#563
      ,#564,#565,#566,#567,#568,#569,#570,#571,#572,#573,#574,#575,#576)
    ,(#577,#578,#579,#580,#581,#582,#583,#584,#585,#586,#587,#588,#589
      ,#590,#591,#592,#593,#594,#595,#596,#597,#598,#599,#600,#601,#602
    )),.UNSPECIFIED.,.F.,.F.,.F.,(2,2),(14,12,14),(0.,2.143990384952),(
    -2.932293373575E-15,1.071995192476,2.143990384952),.UNSPECIFIED.);
#551 = CARTESIAN_POINT('',(66.161113537549,-10.63623889068,2.));
#552 = CARTESIAN_POINT('',(65.980401836816,-10.63623889068,
    1.999999999999));
#553 = CARTESIAN_POINT('',(65.801791137572,-10.62400402275,
    2.000000000003));
#554 = CARTESIAN_POINT('',(65.622676131323,-10.59974968141,
    1.999999999993));
#555 = CARTESIAN_POINT('',(65.453866335142,-10.56377041154,
    2.000000000012));
#556 = CARTESIAN_POINT('',(65.274912909603,-10.51642823518,
    1.999999999982));
#557 = CARTESIAN_POINT('',(65.120580729833,-10.45813945861,
    2.000000000021));
#558 = CARTESIAN_POINT('',(64.949082528435,-10.38936303845,
    1.999999999981));
#559 = CARTESIAN_POINT('',(64.802341055954,-10.31059176779,
    2.000000000014));
#560 = CARTESIAN_POINT('',(64.649488634172,-10.2223439617,1.999999999992
    ));
#561 = CARTESIAN_POINT('',(64.50942541316,-10.12515399326,2.000000000004
    ));
#562 = CARTESIAN_POINT('',(64.374484858794,-10.01956185279,
    1.999999999999));
#563 = CARTESIAN_POINT('',(64.247612056219,-9.906102407914,2.));
#564 = CARTESIAN_POINT('',(64.009684644993,-9.664488538639,2.));
#565 = CARTESIAN_POINT('',(63.89868150827,-9.536341061543,2.000000000001
    ));
#566 = CARTESIAN_POINT('',(63.795996238654,-9.401356353454,
    1.999999999997));
#567 = CARTESIAN_POINT('',(63.701951195598,-9.260043234753,
    2.000000000006));
#568 = CARTESIAN_POINT('',(63.61684105406,-9.112890188625,1.999999999992
    ));
#569 = CARTESIAN_POINT('',(63.54094507453,-8.960347453761,2.000000000009
    ));
#570 = CARTESIAN_POINT('',(63.474544374263,-8.802817053808,
    1.999999999991));
#571 = CARTESIAN_POINT('',(63.417944220089,-8.64065076648,2.000000000007
    ));
#572 = CARTESIAN_POINT('',(63.37150131863,-8.474156028885,1.999999999996
    ));
#573 = CARTESIAN_POINT('',(63.335656128504,-8.303609782519,
    2.000000000002));
#574 = CARTESIAN_POINT('',(63.31097017296,-8.129280254982,1.999999999999
    ));
#575 = CARTESIAN_POINT('',(63.298168369258,-7.951456680559,2.));
#576 = CARTESIAN_POINT('',(63.298186364196,-7.770636112641,2.));
#577 = CARTESIAN_POINT('',(66.161113537549,-9.136238890687,0.5));
#578 = CARTESIAN_POINT('',(66.07427891682,-9.136238890686,0.5));
#579 = CARTESIAN_POINT('',(65.988811663878,-9.130356999678,
    0.500000000001));
#580 = CARTESIAN_POINT('',(65.904916391329,-9.118798439196,
    0.499999999996));
#581 = CARTESIAN_POINT('',(65.822797694239,-9.101768431636,
    0.500000000011));
#582 = CARTESIAN_POINT('',(65.742655950847,-9.079472187935,
    0.499999999974));
#583 = CARTESIAN_POINT('',(65.664684731637,-9.052112353031,
    0.500000000045));
#584 = CARTESIAN_POINT('',(65.589071242804,-9.019885158062,
    0.499999999951));
#585 = CARTESIAN_POINT('',(65.516000366306,-8.982977761189,
    0.500000011416));
#586 = CARTESIAN_POINT('',(65.445660394172,-8.941568800726,
    0.500000082877));
#587 = CARTESIAN_POINT('',(65.378248774006,-8.895831982762,
    0.500000284734));
#588 = CARTESIAN_POINT('',(65.313976306455,-8.845942511985,
    0.500000662411));
#589 = CARTESIAN_POINT('',(65.253068347158,-8.792085271538,
    0.500001201295));
#590 = CARTESIAN_POINT('',(65.138456081067,-8.676841231846,
    0.500002454442));
#591 = CARTESIAN_POINT('',(65.084758655411,-8.615449653933,
    0.500003143149));
#592 = CARTESIAN_POINT('',(65.03489114139,-8.5505036087,0.500003924996)
  );
#593 = CARTESIAN_POINT('',(64.989106150906,-8.482219877476,
    0.500004575989));
#594 = CARTESIAN_POINT('',(64.947671244642,-8.410839651863,
    0.500004824536));
#595 = CARTESIAN_POINT('',(64.910853288929,-8.336643865136,
    0.500004495843));
#596 = CARTESIAN_POINT('',(64.878903601895,-8.259961131391,
    0.500003592967));
#597 = CARTESIAN_POINT('',(64.852043927537,-8.181168298268,
    0.500002315022));
#598 = CARTESIAN_POINT('',(64.83045319013,-8.10068360598,0.500001011919)
  );
#599 = CARTESIAN_POINT('',(64.814255078869,-8.0189524604,0.500000076304)
  );
#600 = CARTESIAN_POINT('',(64.80350641801,-7.936425813117,0.49999977208)
  );
#601 = CARTESIAN_POINT('',(64.798186356788,-7.853531154008,0.5));
#602 = CARTESIAN_POINT('',(64.79818635678,-7.770636112641,0.5));
#603 = ADVANCED_FACE('',(#604),#627,.T.);
#604 = FACE_BOUND('',#605,.T.);
#605 = EDGE_LOOP('',(#606,#613,#625,#626));
#606 = ORIENTED_EDGE('',*,*,#607,.T.);
#607 = EDGE_CURVE('',#70,#608,#610,.T.);
#608 = VERTEX_POINT('',#609);
#609 = CARTESIAN_POINT('',(67.523688722662,-7.770636112641,0.5));
#610 = B_SPLINE_CURVE_WITH_KNOTS('',1,(#611,#612),.UNSPECIFIED.,.F.,.F.,
  (2,2),(0.,2.141984781224),.PIECEWISE_BEZIER_KNOTS.);
#611 = CARTESIAN_POINT('',(69.023688715247,-7.770636112641,2.));
#612 = CARTESIAN_POINT('',(67.523688722662,-7.770636112641,0.5));
#613 = ORIENTED_EDGE('',*,*,#614,.T.);
#614 = EDGE_CURVE('',#608,#508,#615,.T.);
#615 = B_SPLINE_CURVE_WITH_KNOTS('',8,(#616,#617,#618,#619,#620,#621,
    #622,#623,#624),.UNSPECIFIED.,.F.,.F.,(9,9),(6.428962280007,
    8.571949863095),.PIECEWISE_BEZIER_KNOTS.);
#616 = CARTESIAN_POINT('',(67.523688722662,-7.770636112641,0.5));
#617 = CARTESIAN_POINT('',(67.523688722663,-8.040044997081,0.5));
#618 = CARTESIAN_POINT('',(67.464408782793,-8.309355684541,
    0.499996450476));
#619 = CARTESIAN_POINT('',(67.341594469472,-8.564366601112,
    0.500030598775));
#620 = CARTESIAN_POINT('',(67.163542201679,-8.776826506018,
    0.499976955766));
#621 = CARTESIAN_POINT('',(66.953858893045,-8.947870289066,
    0.500009427642));
#622 = CARTESIAN_POINT('',(66.709980799513,-9.070725969741,
    0.499998126411));
#623 = CARTESIAN_POINT('',(66.44319405653,-9.136238890687,0.5));
#624 = CARTESIAN_POINT('',(66.161113537549,-9.136238890687,0.5));
#625 = ORIENTED_EDGE('',*,*,#507,.F.);
#626 = ORIENTED_EDGE('',*,*,#84,.F.);
#627 = B_SPLINE_SURFACE_WITH_KNOTS('',1,8,(
    (#628,#629,#630,#631,#632,#633,#634,#635,#636)
    ,(#637,#638,#639,#640,#641,#642,#643,#644,#645
  )),.UNSPECIFIED.,.F.,.F.,.F.,(2,2),(9,9),(0.,2.142987583088),(
    6.428962280007,8.571949863095),.PIECEWISE_BEZIER_KNOTS.);
#628 = CARTESIAN_POINT('',(69.023688715247,-7.770636112641,2.));
#629 = CARTESIAN_POINT('',(69.023747198807,-8.358638555546,2.));
#630 = CARTESIAN_POINT('',(68.880931246535,-8.911757551239,2.));
#631 = CARTESIAN_POINT('',(68.633680156349,-9.415098296692,2.));
#632 = CARTESIAN_POINT('',(68.285209095006,-9.866733917232,2.));
#633 = CARTESIAN_POINT('',(67.840704702776,-10.23577339268,2.));
#634 = CARTESIAN_POINT('',(67.319464946002,-10.49986347508,2.));
#635 = CARTESIAN_POINT('',(66.748151862826,-10.63623889068,2.));
#636 = CARTESIAN_POINT('',(66.161113537549,-10.63623889068,2.));
#637 = CARTESIAN_POINT('',(67.523688722662,-7.770636112641,0.5));
#638 = CARTESIAN_POINT('',(67.523688722663,-8.040044997081,0.5));
#639 = CARTESIAN_POINT('',(67.464408782793,-8.309355684541,
    0.499996450476));
#640 = CARTESIAN_POINT('',(67.341594469472,-8.564366601112,
    0.500030598775));
#641 = CARTESIAN_POINT('',(67.163542201679,-8.776826506018,
    0.499976955766));
#642 = CARTESIAN_POINT('',(66.953858893045,-8.947870289066,
    0.500009427642));
#643 = CARTESIAN_POINT('',(66.709980799513,-9.070725969741,
    0.499998126411));
#644 = CARTESIAN_POINT('',(66.44319405653,-9.136238890687,0.5));
#645 = CARTESIAN_POINT('',(66.161113537549,-9.136238890687,0.5));
#646 = ADVANCED_FACE('',(#647),#671,.T.);
#647 = FACE_BOUND('',#648,.T.);
#648 = EDGE_LOOP('',(#649,#650,#665,#670));
#649 = ORIENTED_EDGE('',*,*,#545,.T.);
#650 = ORIENTED_EDGE('',*,*,#651,.T.);
#651 = EDGE_CURVE('',#515,#652,#654,.T.);
#652 = VERTEX_POINT('',#653);
#653 = CARTESIAN_POINT('',(66.161113537549,-6.405033334594,0.5));
#654 = B_SPLINE_CURVE_WITH_KNOTS('',9,(#655,#656,#657,#658,#659,#660,
    #661,#662,#663,#664),.UNSPECIFIED.,.F.,.F.,(10,10),(2.143990384952,
    4.286977498783),.PIECEWISE_BEZIER_KNOTS.);
#655 = CARTESIAN_POINT('',(64.79818635678,-7.770636112641,0.5));
#656 = CARTESIAN_POINT('',(64.798186356782,-7.531273609791,0.5));
#657 = CARTESIAN_POINT('',(64.844388933222,-7.29187794614,0.499997244805
    ));
#658 = CARTESIAN_POINT('',(64.938969286919,-7.06223305313,0.500018692874
    ));
#659 = CARTESIAN_POINT('',(65.08001083457,-6.858634426491,0.500003192652
    ));
#660 = CARTESIAN_POINT('',(65.250661972941,-6.687602637593,
    0.500003736167));
#661 = CARTESIAN_POINT('',(65.453823417007,-6.546162038817,
    0.500018423197));
#662 = CARTESIAN_POINT('',(65.683108118033,-6.451349627838,
    0.499997200667));
#663 = CARTESIAN_POINT('',(65.922096581179,-6.405033334594,0.5));
#664 = CARTESIAN_POINT('',(66.161113537549,-6.405033334594,0.5));
#665 = ORIENTED_EDGE('',*,*,#666,.F.);
#666 = EDGE_CURVE('',#55,#652,#667,.T.);
#667 = B_SPLINE_CURVE_WITH_KNOTS('',1,(#668,#669),.UNSPECIFIED.,.F.,.F.,
  (2,2),(0.,2.142987113831),.PIECEWISE_BEZIER_KNOTS.);
#668 = CARTESIAN_POINT('',(66.161113537549,-4.905033342073,2.));
#669 = CARTESIAN_POINT('',(66.161113537549,-6.405033334594,0.5));
#670 = ORIENTED_EDGE('',*,*,#54,.F.);
#671 = B_SPLINE_SURFACE_WITH_KNOTS('',1,9,(
    (#672,#673,#674,#675,#676,#677,#678,#679,#680,#681)
    ,(#682,#683,#684,#685,#686,#687,#688,#689,#690,#691
  )),.UNSPECIFIED.,.F.,.F.,.F.,(2,2),(10,10),(0.,2.142987113831),(
    2.143990384952,4.286977498783),.PIECEWISE_BEZIER_KNOTS.);
#672 = CARTESIAN_POINT('',(63.298186364196,-7.770636112641,2.));
#673 = CARTESIAN_POINT('',(63.298238325257,-7.247930181292,2.));
#674 = CARTESIAN_POINT('',(63.40921189418,-6.752510051517,2.));
#675 = CARTESIAN_POINT('',(63.606306532227,-6.290782333244,2.));
#676 = CARTESIAN_POINT('',(63.885379743655,-5.864257487022,2.));
#677 = CARTESIAN_POINT('',(64.253043611342,-5.495354696903,2.));
#678 = CARTESIAN_POINT('',(64.67935799388,-5.214960284442,2.));
#679 = CARTESIAN_POINT('',(65.141288184591,-5.016674738132,2.));
#680 = CARTESIAN_POINT('',(65.637582308168,-4.904981047929,2.));
#681 = CARTESIAN_POINT('',(66.161113537549,-4.905033342073,2.));
#682 = CARTESIAN_POINT('',(64.79818635678,-7.770636112641,0.5));
#683 = CARTESIAN_POINT('',(64.798186356782,-7.531273609791,0.5));
#684 = CARTESIAN_POINT('',(64.844388933222,-7.29187794614,0.499997244805
    ));
#685 = CARTESIAN_POINT('',(64.938969286919,-7.06223305313,0.500018692874
    ));
#686 = CARTESIAN_POINT('',(65.08001083457,-6.858634426491,0.500003192652
    ));
#687 = CARTESIAN_POINT('',(65.250661972941,-6.687602637593,
    0.500003736167));
#688 = CARTESIAN_POINT('',(65.453823417007,-6.546162038817,
    0.500018423197));
#689 = CARTESIAN_POINT('',(65.683108118033,-6.451349627838,
    0.499997200667));
#690 = CARTESIAN_POINT('',(65.922096581179,-6.405033334594,0.5));
#691 = CARTESIAN_POINT('',(66.161113537549,-6.405033334594,0.5));
#692 = ADVANCED_FACE('',(#693),#711,.T.);
#693 = FACE_BOUND('',#694,.T.);
#694 = EDGE_LOOP('',(#695,#696,#709,#710));
#695 = ORIENTED_EDGE('',*,*,#666,.T.);
#696 = ORIENTED_EDGE('',*,*,#697,.T.);
#697 = EDGE_CURVE('',#652,#608,#698,.T.);
#698 = B_SPLINE_CURVE_WITH_KNOTS('',9,(#699,#700,#701,#702,#703,#704,
    #705,#706,#707,#708),.UNSPECIFIED.,.F.,.F.,(10,10),(4.286977498783,
    6.428962280007),.PIECEWISE_BEZIER_KNOTS.);
#699 = CARTESIAN_POINT('',(66.161113537549,-6.405033334594,0.5));
#700 = CARTESIAN_POINT('',(66.400018699273,-6.405033334594,0.5));
#701 = CARTESIAN_POINT('',(66.638940417332,-6.451349487749,
    0.499997231878));
#702 = CARTESIAN_POINT('',(66.868161831141,-6.546178389166,0.50001883984
    ));
#703 = CARTESIAN_POINT('',(67.071261757277,-6.687619419338,
    0.500003366326));
#704 = CARTESIAN_POINT('',(67.241880343414,-6.858637795158,
    0.500003447032));
#705 = CARTESIAN_POINT('',(67.382909374712,-7.062233662593,
    0.500018582717));
#706 = CARTESIAN_POINT('',(67.477486145514,-7.291877822111,
    0.499997267404));
#707 = CARTESIAN_POINT('',(67.52368872266,-7.531273609791,0.5));
#708 = CARTESIAN_POINT('',(67.523688722662,-7.770636112641,0.5));
#709 = ORIENTED_EDGE('',*,*,#607,.F.);
#710 = ORIENTED_EDGE('',*,*,#69,.F.);
#711 = B_SPLINE_SURFACE_WITH_KNOTS('',1,9,(
    (#712,#713,#714,#715,#716,#717,#718,#719,#720,#721)
    ,(#722,#723,#724,#725,#726,#727,#728,#729,#730,#731
  )),.UNSPECIFIED.,.F.,.F.,.F.,(2,2),(10,10),(0.,2.141984781224),(
    4.286977498783,6.428962280007),.PIECEWISE_BEZIER_KNOTS.);
#712 = CARTESIAN_POINT('',(66.161113537549,-4.905033342073,2.));
#713 = CARTESIAN_POINT('',(66.684699403578,-4.905085611757,2.));
#714 = CARTESIAN_POINT('',(67.180829772756,-5.016773885498,2.));
#715 = CARTESIAN_POINT('',(67.642699282346,-5.21503610118,2.));
#716 = CARTESIAN_POINT('',(68.068982261285,-5.495448374797,
    1.999999999999));
#717 = CARTESIAN_POINT('',(68.43656912132,-5.864363494484,2.000000000001
    ));
#718 = CARTESIAN_POINT('',(68.715587074496,-6.290842511988,2.));
#719 = CARTESIAN_POINT('',(68.912663384034,-6.75253097661,2.));
#720 = CARTESIAN_POINT('',(69.023636754185,-7.247930181292,2.));
#721 = CARTESIAN_POINT('',(69.023688715247,-7.770636112641,2.));
#722 = CARTESIAN_POINT('',(66.161113537549,-6.405033334594,0.5));
#723 = CARTESIAN_POINT('',(66.400018699273,-6.405033334594,0.5));
#724 = CARTESIAN_POINT('',(66.638940417332,-6.451349487749,
    0.499997231878));
#725 = CARTESIAN_POINT('',(66.868161831141,-6.546178389166,0.50001883984
    ));
#726 = CARTESIAN_POINT('',(67.071261757277,-6.687619419338,
    0.500003366326));
#727 = CARTESIAN_POINT('',(67.241880343414,-6.858637795158,
    0.500003447032));
#728 = CARTESIAN_POINT('',(67.382909374712,-7.062233662593,
    0.500018582717));
#729 = CARTESIAN_POINT('',(67.477486145514,-7.291877822111,
    0.499997267404));
#730 = CARTESIAN_POINT('',(67.52368872266,-7.531273609791,0.5));
#731 = CARTESIAN_POINT('',(67.523688722662,-7.770636112641,0.5));
#732 = ADVANCED_FACE('',(#733),#767,.F.);
#733 = FACE_BOUND('',#734,.F.);
#734 = EDGE_LOOP('',(#735,#743,#760,#766));
#735 = ORIENTED_EDGE('',*,*,#736,.T.);
#736 = EDGE_CURVE('',#99,#737,#739,.T.);
#737 = VERTEX_POINT('',#738);
#738 = CARTESIAN_POINT('',(88.774770551098,-7.214037530639,1.6));
#739 = ( BOUNDED_CURVE() B_SPLINE_CURVE(2,(#740,#741,#742),
.UNSPECIFIED.,.F.,.F.) B_SPLINE_CURVE_WITH_KNOTS((3,3),(0.,
50.986191561895),.PIECEWISE_BEZIER_KNOTS.) CURVE() 
GEOMETRIC_REPRESENTATION_ITEM() RATIONAL_B_SPLINE_CURVE((1.,
0.707106781187,1.)) REPRESENTATION_ITEM('') );
#740 = CARTESIAN_POINT('',(88.374770551098,-7.214037530639,2.));
#741 = CARTESIAN_POINT('',(88.774770551098,-7.214037530639,2.));
#742 = CARTESIAN_POINT('',(88.774770551098,-7.214037530639,1.6));
#743 = ORIENTED_EDGE('',*,*,#744,.T.);
#744 = EDGE_CURVE('',#737,#745,#747,.T.);
#745 = VERTEX_POINT('',#746);
#746 = CARTESIAN_POINT('',(88.774770551098,-57.71644564809,1.6));
#747 = ( BOUNDED_CURVE() B_SPLINE_CURVE(11,(#748,#749,#750,#751,#752,
    #753,#754,#755,#756,#757,#758,#759),.UNSPECIFIED.,.F.,.F.) 
B_SPLINE_CURVE_WITH_KNOTS((12,12),(4.6E-16,50.986191561895),
.PIECEWISE_BEZIER_KNOTS.) CURVE() GEOMETRIC_REPRESENTATION_ITEM() 
RATIONAL_B_SPLINE_CURVE((1.,1.,1.,1.,1.,0.999999999999,1.,1.,1.,1.,1.,1.
)) REPRESENTATION_ITEM('') );
#748 = CARTESIAN_POINT('',(88.774770551098,-7.214037530639,1.6));
#749 = CARTESIAN_POINT('',(88.774770551098,-11.80516554131,1.6));
#750 = CARTESIAN_POINT('',(88.774770551098,-16.39615369517,1.6));
#751 = CARTESIAN_POINT('',(88.774770551098,-20.98831597476,1.6));
#752 = CARTESIAN_POINT('',(88.774770551098,-25.58219830899,1.6));
#753 = CARTESIAN_POINT('',(88.774770551098,-30.2043605033,1.6));
#754 = CARTESIAN_POINT('',(88.774770551098,-34.82083351933,1.6));
#755 = CARTESIAN_POINT('',(88.774770551098,-39.51992992398,1.6));
#756 = CARTESIAN_POINT('',(88.774770551098,-44.19927251131,1.6));
#757 = CARTESIAN_POINT('',(88.774770551098,-48.8518090155,1.6));
#758 = CARTESIAN_POINT('',(88.774770551098,-53.15220456834,1.6));
#759 = CARTESIAN_POINT('',(88.774770551098,-57.71644564809,1.6));
#760 = ORIENTED_EDGE('',*,*,#761,.F.);
#761 = EDGE_CURVE('',#101,#745,#762,.T.);
#762 = ( BOUNDED_CURVE() B_SPLINE_CURVE(2,(#763,#764,#765),
.UNSPECIFIED.,.F.,.F.) B_SPLINE_CURVE_WITH_KNOTS((3,3),(0.,
50.986191561895),.PIECEWISE_BEZIER_KNOTS.) CURVE() 
GEOMETRIC_REPRESENTATION_ITEM() RATIONAL_B_SPLINE_CURVE((1.,
0.707106781187,1.)) REPRESENTATION_ITEM('') );
#763 = CARTESIAN_POINT('',(88.382326709237,-57.63906457168,2.));
#764 = CARTESIAN_POINT('',(88.774770551098,-57.71644564809,2.));
#765 = CARTESIAN_POINT('',(88.774770551098,-57.71644564809,1.6));
#766 = ORIENTED_EDGE('',*,*,#98,.F.);
#767 = ( BOUNDED_SURFACE() B_SPLINE_SURFACE(2,11,(
    (#768,#769,#770,#771,#772,#773,#774,#775,#776,#777,#778,#779)
    ,(#780,#781,#782,#783,#784,#785,#786,#787,#788,#789,#790,#791)
    ,(#792,#793,#794,#795,#796,#797,#798,#799,#800,#801,#802,#803
)),.UNSPECIFIED.,.F.,.F.,.F.) B_SPLINE_SURFACE_WITH_KNOTS((3,3),(12,12),
  (0.,50.986191561895),(4.6E-16,50.986191561895),
.PIECEWISE_BEZIER_KNOTS.) GEOMETRIC_REPRESENTATION_ITEM() 
RATIONAL_B_SPLINE_SURFACE((
    (1.,1.,1.,1.,1.,0.999999999999,1.,1.,1.,1.,1.,1.)
    ,(0.707106781187,0.707106781187,0.707106781187,0.707106781186
      ,0.707106781187,0.707106781186,0.707106781187,0.707106781186
      ,0.707106781187,0.707106781187,0.707106781187,0.707106781187)
    ,(1.,1.,1.,1.,1.,0.999999999999,1.,1.,1.,1.,1.,1.
))) REPRESENTATION_ITEM('') SURFACE() );
#768 = CARTESIAN_POINT('',(88.374770551098,-7.214037530639,2.));
#769 = CARTESIAN_POINT('',(88.374770551098,-11.80516554131,2.));
#770 = CARTESIAN_POINT('',(88.374789842606,-16.3961470126,2.));
#771 = CARTESIAN_POINT('',(88.374651548419,-20.99019024493,2.));
#772 = CARTESIAN_POINT('',(88.375140788658,-25.5882196145,2.));
#773 = CARTESIAN_POINT('',(88.374030855356,-30.21729540367,2.));
#774 = CARTESIAN_POINT('',(88.376046835809,-34.83954156921,2.));
#775 = CARTESIAN_POINT('',(88.374628246723,-39.54446085555,2.));
#776 = CARTESIAN_POINT('',(88.376383209831,-44.21981594085,2.));
#777 = CARTESIAN_POINT('',(88.374156478402,-48.86341473646,2.));
#778 = CARTESIAN_POINT('',(88.37116475743,-53.13143215459,2.));
#779 = CARTESIAN_POINT('',(88.382326709237,-57.63906457168,2.));
#780 = CARTESIAN_POINT('',(88.774770551098,-7.214037530639,2.));
#781 = CARTESIAN_POINT('',(88.774770551098,-11.80516554131,2.));
#782 = CARTESIAN_POINT('',(88.774770551098,-16.39615369517,2.));
#783 = CARTESIAN_POINT('',(88.774770551097,-20.98831597476,2.));
#784 = CARTESIAN_POINT('',(88.774770551098,-25.58219830899,2.));
#785 = CARTESIAN_POINT('',(88.774770551097,-30.20436050331,2.));
#786 = CARTESIAN_POINT('',(88.774770551098,-34.82083351933,2.));
#787 = CARTESIAN_POINT('',(88.774770551097,-39.51992992398,2.));
#788 = CARTESIAN_POINT('',(88.774770551098,-44.19927251131,2.));
#789 = CARTESIAN_POINT('',(88.774770551097,-48.8518090155,2.));
#790 = CARTESIAN_POINT('',(88.774770551098,-53.15220456834,2.));
#791 = CARTESIAN_POINT('',(88.774770551098,-57.71644564809,2.));
#792 = CARTESIAN_POINT('',(88.774770551098,-7.214037530639,1.6));
#793 = CARTESIAN_POINT('',(88.774770551098,-11.80516554131,1.6));
#794 = CARTESIAN_POINT('',(88.774770551098,-16.39615369517,1.6));
#795 = CARTESIAN_POINT('',(88.774770551098,-20.98831597476,1.6));
#796 = CARTESIAN_POINT('',(88.774770551098,-25.58219830899,1.6));
#797 = CARTESIAN_POINT('',(88.774770551098,-30.2043605033,1.6));
#798 = CARTESIAN_POINT('',(88.774770551098,-34.82083351933,1.6));
#799 = CARTESIAN_POINT('',(88.774770551098,-39.51992992398,1.6));
#800 = CARTESIAN_POINT('',(88.774770551098,-44.19927251131,1.6));
#801 = CARTESIAN_POINT('',(88.774770551098,-48.8518090155,1.6));
#802 = CARTESIAN_POINT('',(88.774770551098,-53.15220456834,1.6));
#803 = CARTESIAN_POINT('',(88.774770551098,-57.71644564809,1.6));
#804 = ADVANCED_FACE('',(#805),#832,.F.);
#805 = FACE_BOUND('',#806,.F.);
#806 = EDGE_LOOP('',(#807,#815,#830,#831));
#807 = ORIENTED_EDGE('',*,*,#808,.T.);
#808 = EDGE_CURVE('',#118,#809,#811,.T.);
#809 = VERTEX_POINT('',#810);
#810 = CARTESIAN_POINT('',(85.751112331449,-4.252492553856,1.6));
#811 = ( BOUNDED_CURVE() B_SPLINE_CURVE(2,(#812,#813,#814),
.UNSPECIFIED.,.F.,.F.) B_SPLINE_CURVE_WITH_KNOTS((3,3),(0.,
80.497868206988),.PIECEWISE_BEZIER_KNOTS.) CURVE() 
GEOMETRIC_REPRESENTATION_ITEM() RATIONAL_B_SPLINE_CURVE((1.,
0.707106781187,1.)) REPRESENTATION_ITEM('') );
#812 = CARTESIAN_POINT('',(85.674298609967,-4.645047839379,2.));
#813 = CARTESIAN_POINT('',(85.751112331449,-4.252492553856,2.));
#814 = CARTESIAN_POINT('',(85.751112331449,-4.252492553856,1.6));
#815 = ORIENTED_EDGE('',*,*,#816,.T.);
#816 = EDGE_CURVE('',#809,#737,#817,.T.);
#817 = ( BOUNDED_CURVE() B_SPLINE_CURVE(11,(#818,#819,#820,#821,#822,
    #823,#824,#825,#826,#827,#828,#829),.UNSPECIFIED.,.F.,.F.) 
B_SPLINE_CURVE_WITH_KNOTS((12,12),(277.7026927771,282.65682088951),
.PIECEWISE_BEZIER_KNOTS.) CURVE() GEOMETRIC_REPRESENTATION_ITEM() 
RATIONAL_B_SPLINE_CURVE((1.,1.,1.,0.999999999999,1.000000000001,
    0.999999999999,1.000000000001,0.999999999999,1.000000000001,1.,1.,1.
)) REPRESENTATION_ITEM('') );
#818 = CARTESIAN_POINT('',(85.751112331449,-4.252492553856,1.6));
#819 = CARTESIAN_POINT('',(86.202969910061,-4.252492553856,1.6));
#820 = CARTESIAN_POINT('',(86.642576278215,-4.323622706912,1.6));
#821 = CARTESIAN_POINT('',(87.076134472584,-4.462573274273,1.6));
#822 = CARTESIAN_POINT('',(87.473542415685,-4.674429466104,1.6));
#823 = CARTESIAN_POINT('',(87.811476946224,-4.939609849965,1.6));
#824 = CARTESIAN_POINT('',(88.099988237335,-5.222546288995,1.6));
#825 = CARTESIAN_POINT('',(88.358548415015,-5.559783042222,1.6));
#826 = CARTESIAN_POINT('',(88.559092407536,-5.932234317048,1.6));
#827 = CARTESIAN_POINT('',(88.70104153143,-6.338788351086,1.6));
#828 = CARTESIAN_POINT('',(88.774770551098,-6.767935642097,1.6));
#829 = CARTESIAN_POINT('',(88.774770551098,-7.214037530639,1.6));
#830 = ORIENTED_EDGE('',*,*,#736,.F.);
#831 = ORIENTED_EDGE('',*,*,#117,.F.);
#832 = ( BOUNDED_SURFACE() B_SPLINE_SURFACE(2,11,(
    (#833,#834,#835,#836,#837,#838,#839,#840,#841,#842,#843,#844)
    ,(#845,#846,#847,#848,#849,#850,#851,#852,#853,#854,#855,#856)
    ,(#857,#858,#859,#860,#861,#862,#863,#864,#865,#866,#867,#868
)),.UNSPECIFIED.,.F.,.F.,.F.) B_SPLINE_SURFACE_WITH_KNOTS((3,3),(12,12),
  (0.,4.954128112404),(277.7026927771,282.65682088951),
.PIECEWISE_BEZIER_KNOTS.) GEOMETRIC_REPRESENTATION_ITEM() 
RATIONAL_B_SPLINE_SURFACE((
    (1.,1.,1.,0.999999999999,1.000000000001,0.999999999999
      ,1.000000000001,0.999999999999,1.000000000001,1.,1.,1.)
    ,(0.707106781187,0.707106781186,0.707106781187,0.707106781186
      ,0.707106781188,0.707106781185,0.707106781188,0.707106781185
      ,0.707106781187,0.707106781186,0.707106781187,0.707106781187)
    ,(1.,1.,1.,0.999999999999,1.000000000001,0.999999999999
      ,1.000000000001,0.999999999999,1.000000000001,1.,1.,1.
))) REPRESENTATION_ITEM('') SURFACE() );
#833 = CARTESIAN_POINT('',(85.674298609967,-4.645047839379,2.));
#834 = CARTESIAN_POINT('',(86.12268988059,-4.644369565448,2.));
#835 = CARTESIAN_POINT('',(86.537043017975,-4.710505139278,2.));
#836 = CARTESIAN_POINT('',(86.930504895597,-4.840977092419,2.));
#837 = CARTESIAN_POINT('',(87.279093489262,-5.034726998629,2.));
#838 = CARTESIAN_POINT('',(87.557354006788,-5.272597521691,2.));
#839 = CARTESIAN_POINT('',(87.795624865823,-5.503950786367,2.));
#840 = CARTESIAN_POINT('',(88.017818383244,-5.792613487134,2.));
#841 = CARTESIAN_POINT('',(88.188707304339,-6.109800245298,2.));
#842 = CARTESIAN_POINT('',(88.311036013031,-6.459112154713,2.));
#843 = CARTESIAN_POINT('',(88.374770551098,-6.828104478381,2.));
#844 = CARTESIAN_POINT('',(88.374770551098,-7.214037530639,2.));
#845 = CARTESIAN_POINT('',(85.751112331449,-4.252492553856,2.));
#846 = CARTESIAN_POINT('',(86.202969910061,-4.252492553856,2.));
#847 = CARTESIAN_POINT('',(86.642576278215,-4.323622706913,2.));
#848 = CARTESIAN_POINT('',(87.076134472583,-4.462573274272,2.));
#849 = CARTESIAN_POINT('',(87.473542415687,-4.674429466105,2.));
#850 = CARTESIAN_POINT('',(87.811476946221,-4.939609849964,2.));
#851 = CARTESIAN_POINT('',(88.099988237338,-5.222546288995,2.));
#852 = CARTESIAN_POINT('',(88.358548415012,-5.559783042221,2.));
#853 = CARTESIAN_POINT('',(88.559092407537,-5.932234317048,2.));
#854 = CARTESIAN_POINT('',(88.70104153143,-6.338788351086,2.));
#855 = CARTESIAN_POINT('',(88.774770551098,-6.767935642097,2.));
#856 = CARTESIAN_POINT('',(88.774770551098,-7.214037530639,2.));
#857 = CARTESIAN_POINT('',(85.751112331449,-4.252492553856,1.6));
#858 = CARTESIAN_POINT('',(86.202969910061,-4.252492553856,1.6));
#859 = CARTESIAN_POINT('',(86.642576278215,-4.323622706912,1.6));
#860 = CARTESIAN_POINT('',(87.076134472584,-4.462573274273,1.6));
#861 = CARTESIAN_POINT('',(87.473542415685,-4.674429466104,1.6));
#862 = CARTESIAN_POINT('',(87.811476946224,-4.939609849965,1.6));
#863 = CARTESIAN_POINT('',(88.099988237335,-5.222546288995,1.6));
#864 = CARTESIAN_POINT('',(88.358548415015,-5.559783042222,1.6));
#865 = CARTESIAN_POINT('',(88.559092407536,-5.932234317048,1.6));
#866 = CARTESIAN_POINT('',(88.70104153143,-6.338788351086,1.6));
#867 = CARTESIAN_POINT('',(88.774770551098,-6.767935642097,1.6));
#868 = CARTESIAN_POINT('',(88.774770551098,-7.214037530639,1.6));
#869 = ADVANCED_FACE('',(#870),#898,.F.);
#870 = FACE_BOUND('',#871,.F.);
#871 = EDGE_LOOP('',(#872,#873,#891,#897));
#872 = ORIENTED_EDGE('',*,*,#761,.T.);
#873 = ORIENTED_EDGE('',*,*,#874,.T.);
#874 = EDGE_CURVE('',#745,#875,#877,.T.);
#875 = VERTEX_POINT('',#876);
#876 = CARTESIAN_POINT('',(85.751112331449,-60.67626337363,1.6));
#877 = ( BOUNDED_CURVE() B_SPLINE_CURVE(12,(#878,#879,#880,#881,#882,
    #883,#884,#885,#886,#887,#888,#889,#890),.UNSPECIFIED.,.F.,.F.) 
B_SPLINE_CURVE_WITH_KNOTS((13,13),(50.986191561895,55.936134560794),
.PIECEWISE_BEZIER_KNOTS.) CURVE() GEOMETRIC_REPRESENTATION_ITEM() 
RATIONAL_B_SPLINE_CURVE((1.,1.,1.,1.000000000001,0.999999999998,
    1.000000000003,0.999999999997,1.000000000002,0.999999999998,
1.000000000001,1.,1.,1.)) REPRESENTATION_ITEM('') );
#878 = CARTESIAN_POINT('',(88.774770551098,-57.71644564809,1.6));
#879 = CARTESIAN_POINT('',(88.774770551098,-58.12263416264,1.6));
#880 = CARTESIAN_POINT('',(88.714027740704,-58.51887102146,1.6));
#881 = CARTESIAN_POINT('',(88.594699712917,-58.91046275606,1.6));
#882 = CARTESIAN_POINT('',(88.415109257254,-59.27070936604,1.6));
#883 = CARTESIAN_POINT('',(88.185398762064,-59.59563630585,1.6));
#884 = CARTESIAN_POINT('',(87.934800261823,-59.85101837558,1.6));
#885 = CARTESIAN_POINT('',(87.66994800375,-60.1023112807,1.6));
#886 = CARTESIAN_POINT('',(87.336944299848,-60.32490818587,1.6));
#887 = CARTESIAN_POINT('',(86.968684357714,-60.50093511654,1.6));
#888 = CARTESIAN_POINT('',(86.569141623046,-60.61702133278,1.6));
#889 = CARTESIAN_POINT('',(86.1653071532,-60.67626337363,1.6));
#890 = CARTESIAN_POINT('',(85.751112331449,-60.67626337363,1.6));
#891 = ORIENTED_EDGE('',*,*,#892,.F.);
#892 = EDGE_CURVE('',#205,#875,#893,.T.);
#893 = ( BOUNDED_CURVE() B_SPLINE_CURVE(2,(#894,#895,#896),
.UNSPECIFIED.,.F.,.F.) B_SPLINE_CURVE_WITH_KNOTS((3,3),(0.,
4.949942998899),.PIECEWISE_BEZIER_KNOTS.) CURVE() 
GEOMETRIC_REPRESENTATION_ITEM() RATIONAL_B_SPLINE_CURVE((1.,
0.707106781187,1.)) REPRESENTATION_ITEM('') );
#894 = CARTESIAN_POINT('',(85.674317886183,-60.2837043167,2.));
#895 = CARTESIAN_POINT('',(85.751112331449,-60.67626337363,2.));
#896 = CARTESIAN_POINT('',(85.751112331449,-60.67626337363,1.6));
#897 = ORIENTED_EDGE('',*,*,#221,.F.);
#898 = ( BOUNDED_SURFACE() B_SPLINE_SURFACE(2,12,(
    (#899,#900,#901,#902,#903,#904,#905,#906,#907,#908,#909,#910,#911)
    ,(#912,#913,#914,#915,#916,#917,#918,#919,#920,#921,#922,#923,#924)
    ,(#925,#926,#927,#928,#929,#930,#931,#932,#933,#934,#935,#936,#937
)),.UNSPECIFIED.,.F.,.F.,.F.) B_SPLINE_SURFACE_WITH_KNOTS((3,3),(13,13),
  (0.,4.949942998899),(50.986191561895,55.936134560794),
.PIECEWISE_BEZIER_KNOTS.) GEOMETRIC_REPRESENTATION_ITEM() 
RATIONAL_B_SPLINE_SURFACE((
    (1.,1.,1.,1.000000000001,0.999999999998,1.000000000003
      ,0.999999999997,1.000000000002,0.999999999998,1.000000000001,1.,1.
      ,1.)
    ,(0.707106781187,0.707106781187,0.707106781186,0.707106781187
      ,0.707106781185,0.707106781189,0.707106781184,0.707106781189
      ,0.707106781185,0.707106781187,0.707106781186,0.707106781187
      ,0.707106781187)
    ,(1.,1.,1.,1.000000000001,0.999999999998,1.000000000003
      ,0.999999999997,1.000000000002,0.999999999998,1.000000000001,1.,1.
,1.))) REPRESENTATION_ITEM('') SURFACE() );
#899 = CARTESIAN_POINT('',(88.382326709237,-57.63906457168,2.));
#900 = CARTESIAN_POINT('',(88.38332005217,-58.04021527421,2.));
#901 = CARTESIAN_POINT('',(88.327271075238,-58.41316904014,2.));
#902 = CARTESIAN_POINT('',(88.21582229097,-58.76907978647,2.));
#903 = CARTESIAN_POINT('',(88.052666370247,-59.07991962016,2.));
#904 = CARTESIAN_POINT('',(87.848164455461,-59.35807816585,2.));
#905 = CARTESIAN_POINT('',(87.637152597568,-59.5427618448,2.));
#906 = CARTESIAN_POINT('',(87.441063000905,-59.76169125323,2.));
#907 = CARTESIAN_POINT('',(87.153989570968,-59.9585279656,2.));
#908 = CARTESIAN_POINT('',(86.833438583685,-60.12053184799,2.));
#909 = CARTESIAN_POINT('',(86.467709758705,-60.22930788876,2.));
#910 = CARTESIAN_POINT('',(86.085335995278,-60.28432576176,2.));
#911 = CARTESIAN_POINT('',(85.674317886183,-60.2837043167,2.));
#912 = CARTESIAN_POINT('',(88.774770551098,-57.71644564809,2.));
#913 = CARTESIAN_POINT('',(88.774770551097,-58.12263416264,2.));
#914 = CARTESIAN_POINT('',(88.714027740704,-58.51887102146,2.));
#915 = CARTESIAN_POINT('',(88.594699712918,-58.91046275606,2.));
#916 = CARTESIAN_POINT('',(88.415109257251,-59.27070936604,2.));
#917 = CARTESIAN_POINT('',(88.185398762068,-59.59563630584,2.));
#918 = CARTESIAN_POINT('',(87.934800261817,-59.85101837559,2.));
#919 = CARTESIAN_POINT('',(87.669948003756,-60.10231128069,2.));
#920 = CARTESIAN_POINT('',(87.336944299844,-60.32490818588,2.));
#921 = CARTESIAN_POINT('',(86.968684357715,-60.50093511654,2.));
#922 = CARTESIAN_POINT('',(86.569141623046,-60.61702133278,2.));
#923 = CARTESIAN_POINT('',(86.1653071532,-60.67626337363,2.));
#924 = CARTESIAN_POINT('',(85.751112331449,-60.67626337363,2.));
#925 = CARTESIAN_POINT('',(88.774770551098,-57.71644564809,1.6));
#926 = CARTESIAN_POINT('',(88.774770551098,-58.12263416264,1.6));
#927 = CARTESIAN_POINT('',(88.714027740704,-58.51887102146,1.6));
#928 = CARTESIAN_POINT('',(88.594699712917,-58.91046275606,1.6));
#929 = CARTESIAN_POINT('',(88.415109257254,-59.27070936604,1.6));
#930 = CARTESIAN_POINT('',(88.185398762064,-59.59563630585,1.6));
#931 = CARTESIAN_POINT('',(87.934800261823,-59.85101837558,1.6));
#932 = CARTESIAN_POINT('',(87.66994800375,-60.1023112807,1.6));
#933 = CARTESIAN_POINT('',(87.336944299848,-60.32490818587,1.6));
#934 = CARTESIAN_POINT('',(86.968684357714,-60.50093511654,1.6));
#935 = CARTESIAN_POINT('',(86.569141623046,-60.61702133278,1.6));
#936 = CARTESIAN_POINT('',(86.1653071532,-60.67626337363,1.6));
#937 = CARTESIAN_POINT('',(85.751112331449,-60.67626337363,1.6));
#938 = ADVANCED_FACE('',(#939),#966,.F.);
#939 = FACE_BOUND('',#940,.F.);
#940 = EDGE_LOOP('',(#941,#949,#964,#965));
#941 = ORIENTED_EDGE('',*,*,#942,.T.);
#942 = EDGE_CURVE('',#135,#943,#945,.T.);
#943 = VERTEX_POINT('',#944);
#944 = CARTESIAN_POINT('',(4.325770948469,-4.252492553856,1.6));
#945 = ( BOUNDED_CURVE() B_SPLINE_CURVE(2,(#946,#947,#948),
.UNSPECIFIED.,.F.,.F.) B_SPLINE_CURVE_WITH_KNOTS((3,3),(0.,
4.949942998899),.PIECEWISE_BEZIER_KNOTS.) CURVE() 
GEOMETRIC_REPRESENTATION_ITEM() RATIONAL_B_SPLINE_CURVE((1.,
0.707106781187,1.)) REPRESENTATION_ITEM('') );
#946 = CARTESIAN_POINT('',(4.40263851173,-4.645037299991,2.));
#947 = CARTESIAN_POINT('',(4.325770948469,-4.252492553856,2.));
#948 = CARTESIAN_POINT('',(4.325770948469,-4.252492553856,1.6));
#949 = ORIENTED_EDGE('',*,*,#950,.T.);
#950 = EDGE_CURVE('',#943,#809,#951,.T.);
#951 = ( BOUNDED_CURVE() B_SPLINE_CURVE(11,(#952,#953,#954,#955,#956,
    #957,#958,#959,#960,#961,#962,#963),.UNSPECIFIED.,.F.,.F.) 
B_SPLINE_CURVE_WITH_KNOTS((12,12),(197.20482457012,277.7026927771),
.PIECEWISE_BEZIER_KNOTS.) CURVE() GEOMETRIC_REPRESENTATION_ITEM() 
RATIONAL_B_SPLINE_CURVE((1.,1.,1.,1.000000000001,0.999999999999,
    1.000000000001,0.999999999999,1.000000000001,1.,1.,1.,1.)) 
REPRESENTATION_ITEM('') );
#952 = CARTESIAN_POINT('',(4.325770948469,-4.252492553856,1.6));
#953 = CARTESIAN_POINT('',(11.669461619915,-4.252492553856,1.6));
#954 = CARTESIAN_POINT('',(18.606045795831,-4.252492553856,1.6));
#955 = CARTESIAN_POINT('',(26.112917390344,-4.252492553856,1.6));
#956 = CARTESIAN_POINT('',(33.705457064492,-4.252492553856,1.6));
#957 = CARTESIAN_POINT('',(41.326545512632,-4.252492553856,1.6));
#958 = CARTESIAN_POINT('',(48.750904557716,-4.252492553856,1.6));
#959 = CARTESIAN_POINT('',(56.372249831457,-4.252492553856,1.6));
#960 = CARTESIAN_POINT('',(63.964858932103,-4.252492553856,1.6));
#961 = CARTESIAN_POINT('',(71.472116713626,-4.252492553856,1.6));
#962 = CARTESIAN_POINT('',(78.409039016796,-4.252492553856,1.6));
#963 = CARTESIAN_POINT('',(85.751112331449,-4.252492553856,1.6));
#964 = ORIENTED_EDGE('',*,*,#808,.F.);
#965 = ORIENTED_EDGE('',*,*,#134,.F.);
#966 = ( BOUNDED_SURFACE() B_SPLINE_SURFACE(2,11,(
    (#967,#968,#969,#970,#971,#972,#973,#974,#975,#976,#977,#978)
    ,(#979,#980,#981,#982,#983,#984,#985,#986,#987,#988,#989,#990)
    ,(#991,#992,#993,#994,#995,#996,#997,#998,#999,#1000,#1001,#1002
)),.UNSPECIFIED.,.F.,.F.,.F.) B_SPLINE_SURFACE_WITH_KNOTS((3,3),(12,12),
  (0.,80.497868206988),(197.20482457012,277.7026927771),
.PIECEWISE_BEZIER_KNOTS.) GEOMETRIC_REPRESENTATION_ITEM() 
RATIONAL_B_SPLINE_SURFACE((
    (1.,1.,1.,1.000000000001,0.999999999999,1.000000000001
      ,0.999999999999,1.000000000001,1.,1.,1.,1.)
    ,(0.707106781187,0.707106781187,0.707106781186,0.707106781187
      ,0.707106781186,0.707106781187,0.707106781186,0.707106781187
      ,0.707106781186,0.707106781187,0.707106781187,0.707106781187)
    ,(1.,1.,1.,1.000000000001,0.999999999999,1.000000000001
,0.999999999999,1.000000000001,1.,1.,1.,1.
))) REPRESENTATION_ITEM('') SURFACE() );
#967 = CARTESIAN_POINT('',(4.40263851173,-4.645037299991,2.));
#968 = CARTESIAN_POINT('',(11.689979309952,-4.656071653367,2.));
#969 = CARTESIAN_POINT('',(18.594535272443,-4.653039373868,2.));
#970 = CARTESIAN_POINT('',(26.094344131007,-4.650712855549,2.));
#971 = CARTESIAN_POINT('',(33.6874957582,-4.652486387247,2.));
#972 = CARTESIAN_POINT('',(41.319966513721,-4.652994389873,2.));
#973 = CARTESIAN_POINT('',(48.75745622619,-4.652999863039,2.));
#974 = CARTESIAN_POINT('',(56.390184978052,-4.652482723127,2.));
#975 = CARTESIAN_POINT('',(63.983409499836,-4.650719572803,2.));
#976 = CARTESIAN_POINT('',(71.483616177943,-4.653034289682,2.));
#977 = CARTESIAN_POINT('',(78.388548102747,-4.656068871582,2.));
#978 = CARTESIAN_POINT('',(85.674298609967,-4.645047839379,2.));
#979 = CARTESIAN_POINT('',(4.325770948469,-4.252492553856,2.));
#980 = CARTESIAN_POINT('',(11.669461619915,-4.252492553856,2.));
#981 = CARTESIAN_POINT('',(18.606045795832,-4.252492553856,2.));
#982 = CARTESIAN_POINT('',(26.112917390342,-4.252492553856,2.));
#983 = CARTESIAN_POINT('',(33.705457064494,-4.252492553856,2.));
#984 = CARTESIAN_POINT('',(41.32654551263,-4.252492553855,2.));
#985 = CARTESIAN_POINT('',(48.750904557717,-4.252492553856,2.));
#986 = CARTESIAN_POINT('',(56.372249831457,-4.252492553856,2.));
#987 = CARTESIAN_POINT('',(63.964858932102,-4.252492553856,2.));
#988 = CARTESIAN_POINT('',(71.472116713627,-4.252492553856,2.));
#989 = CARTESIAN_POINT('',(78.409039016796,-4.252492553856,2.));
#990 = CARTESIAN_POINT('',(85.751112331449,-4.252492553856,2.));
#991 = CARTESIAN_POINT('',(4.325770948469,-4.252492553856,1.6));
#992 = CARTESIAN_POINT('',(11.669461619915,-4.252492553856,1.6));
#993 = CARTESIAN_POINT('',(18.606045795831,-4.252492553856,1.6));
#994 = CARTESIAN_POINT('',(26.112917390344,-4.252492553856,1.6));
#995 = CARTESIAN_POINT('',(33.705457064492,-4.252492553856,1.6));
#996 = CARTESIAN_POINT('',(41.326545512632,-4.252492553856,1.6));
#997 = CARTESIAN_POINT('',(48.750904557716,-4.252492553856,1.6));
#998 = CARTESIAN_POINT('',(56.372249831457,-4.252492553856,1.6));
#999 = CARTESIAN_POINT('',(63.964858932103,-4.252492553856,1.6));
#1000 = CARTESIAN_POINT('',(71.472116713626,-4.252492553856,1.6));
#1001 = CARTESIAN_POINT('',(78.409039016796,-4.252492553856,1.6));
#1002 = CARTESIAN_POINT('',(85.751112331449,-4.252492553856,1.6));
#1003 = ADVANCED_FACE('',(#1004),#1031,.F.);
#1004 = FACE_BOUND('',#1005,.F.);
#1005 = EDGE_LOOP('',(#1006,#1007,#1024,#1030));
#1006 = ORIENTED_EDGE('',*,*,#892,.T.);
#1007 = ORIENTED_EDGE('',*,*,#1008,.T.);
#1008 = EDGE_CURVE('',#875,#1009,#1011,.T.);
#1009 = VERTEX_POINT('',#1010);
#1010 = CARTESIAN_POINT('',(4.325770948469,-60.67626337363,1.6));
#1011 = ( BOUNDED_CURVE() B_SPLINE_CURVE(11,(#1012,#1013,#1014,#1015,
    #1016,#1017,#1018,#1019,#1020,#1021,#1022,#1023),.UNSPECIFIED.,.F.,
.F.) B_SPLINE_CURVE_WITH_KNOTS((12,12),(55.936134560794,136.36600034479)
,.PIECEWISE_BEZIER_KNOTS.) CURVE() GEOMETRIC_REPRESENTATION_ITEM() 
RATIONAL_B_SPLINE_CURVE((1.,1.,1.,1.000000000001,0.999999999999,
    1.000000000002,0.999999999999,1.000000000001,0.999999999999,1.,1.,1.
)) REPRESENTATION_ITEM('') );
#1012 = CARTESIAN_POINT('',(85.751112331449,-60.67626337363,1.6));
#1013 = CARTESIAN_POINT('',(78.409180090081,-60.67626337363,1.6));
#1014 = CARTESIAN_POINT('',(71.47204979715,-60.67626337363,1.6));
#1015 = CARTESIAN_POINT('',(63.964812209391,-60.67626337363,1.6));
#1016 = CARTESIAN_POINT('',(56.372239051632,-60.67626337363,1.6));
#1017 = CARTESIAN_POINT('',(48.750935706683,-60.67626337363,1.6));
#1018 = CARTESIAN_POINT('',(41.3265143752,-60.67626337363,1.6));
#1019 = CARTESIAN_POINT('',(33.705467844849,-60.67626337363,1.6));
#1020 = CARTESIAN_POINT('',(26.11296426145,-60.67626337363,1.6));
#1021 = CARTESIAN_POINT('',(18.606112782301,-60.67626337363,1.6));
#1022 = CARTESIAN_POINT('',(11.669320317666,-60.67626337363,1.6));
#1023 = CARTESIAN_POINT('',(4.325770948469,-60.67626337363,1.6));
#1024 = ORIENTED_EDGE('',*,*,#1025,.F.);
#1025 = EDGE_CURVE('',#187,#1009,#1026,.T.);
#1026 = ( BOUNDED_CURVE() B_SPLINE_CURVE(2,(#1027,#1028,#1029),
.UNSPECIFIED.,.F.,.F.) B_SPLINE_CURVE_WITH_KNOTS((3,3),(0.,
80.429865784004),.PIECEWISE_BEZIER_KNOTS.) CURVE() 
GEOMETRIC_REPRESENTATION_ITEM() RATIONAL_B_SPLINE_CURVE((1.,
0.707106781187,1.)) REPRESENTATION_ITEM('') );
#1027 = CARTESIAN_POINT('',(4.402619223038,-60.2837148509,2.));
#1028 = CARTESIAN_POINT('',(4.325770948469,-60.67626337363,2.));
#1029 = CARTESIAN_POINT('',(4.325770948469,-60.67626337363,1.6));
#1030 = ORIENTED_EDGE('',*,*,#204,.F.);
#1031 = ( BOUNDED_SURFACE() B_SPLINE_SURFACE(2,11,(
    (#1032,#1033,#1034,#1035,#1036,#1037,#1038,#1039,#1040,#1041,#1042
      ,#1043)
    ,(#1044,#1045,#1046,#1047,#1048,#1049,#1050,#1051,#1052,#1053,#1054
      ,#1055)
    ,(#1056,#1057,#1058,#1059,#1060,#1061,#1062,#1063,#1064,#1065,#1066
,#1067
    )),.UNSPECIFIED.,.F.,.F.,.F.) B_SPLINE_SURFACE_WITH_KNOTS((3,3),(12,
    12),(0.,80.429865784004),(55.936134560794,136.36600034479),
.PIECEWISE_BEZIER_KNOTS.) GEOMETRIC_REPRESENTATION_ITEM() 
RATIONAL_B_SPLINE_SURFACE((
    (1.,1.,1.,1.000000000001,0.999999999999,1.000000000002
      ,0.999999999999,1.000000000001,0.999999999999,1.,1.,1.)
    ,(0.707106781187,0.707106781187,0.707106781186,0.707106781187
      ,0.707106781186,0.707106781188,0.707106781186,0.707106781187
      ,0.707106781186,0.707106781187,0.707106781187,0.707106781187)
    ,(1.,1.,1.,1.000000000001,0.999999999999,1.000000000002
      ,0.999999999999,1.000000000001,0.999999999999,1.,1.,1.
))) REPRESENTATION_ITEM('') SURFACE() );
#1032 = CARTESIAN_POINT('',(85.674317886183,-60.2837043167,2.));
#1033 = CARTESIAN_POINT('',(78.388695400133,-60.27268870938,2.));
#1034 = CARTESIAN_POINT('',(71.483545431109,-60.27572228045,2.));
#1035 = CARTESIAN_POINT('',(63.983358435107,-60.2780349413,2.));
#1036 = CARTESIAN_POINT('',(56.390169570086,-60.27627365826,2.));
#1037 = CARTESIAN_POINT('',(48.757485213255,-60.2757561371,2.));
#1038 = CARTESIAN_POINT('',(41.319937546106,-60.27576160606,2.));
#1039 = CARTESIAN_POINT('',(33.687511172006,-60.27626999731,2.));
#1040 = CARTESIAN_POINT('',(26.094395350706,-60.27804165398,2.));
#1041 = CARTESIAN_POINT('',(18.594606092852,-60.27571719972,2.));
#1042 = CARTESIAN_POINT('',(11.68983177512,-60.27268592851,2.));
#1043 = CARTESIAN_POINT('',(4.402619223038,-60.2837148509,2.));
#1044 = CARTESIAN_POINT('',(85.751112331449,-60.67626337363,2.));
#1045 = CARTESIAN_POINT('',(78.409180090081,-60.67626337363,2.));
#1046 = CARTESIAN_POINT('',(71.472049797148,-60.67626337363,2.));
#1047 = CARTESIAN_POINT('',(63.964812209395,-60.67626337363,2.));
#1048 = CARTESIAN_POINT('',(56.372239051625,-60.67626337363,2.));
#1049 = CARTESIAN_POINT('',(48.75093570669,-60.67626337363,2.));
#1050 = CARTESIAN_POINT('',(41.326514375195,-60.67626337363,2.));
#1051 = CARTESIAN_POINT('',(33.705467844851,-60.67626337363,2.));
#1052 = CARTESIAN_POINT('',(26.11296426145,-60.67626337363,2.));
#1053 = CARTESIAN_POINT('',(18.606112782301,-60.67626337363,2.));
#1054 = CARTESIAN_POINT('',(11.669320317666,-60.67626337363,2.));
#1055 = CARTESIAN_POINT('',(4.325770948469,-60.67626337363,2.));
#1056 = CARTESIAN_POINT('',(85.751112331449,-60.67626337363,1.6));
#1057 = CARTESIAN_POINT('',(78.409180090081,-60.67626337363,1.6));
#1058 = CARTESIAN_POINT('',(71.47204979715,-60.67626337363,1.6));
#1059 = CARTESIAN_POINT('',(63.964812209391,-60.67626337363,1.6));
#1060 = CARTESIAN_POINT('',(56.372239051632,-60.67626337363,1.6));
#1061 = CARTESIAN_POINT('',(48.750935706683,-60.67626337363,1.6));
#1062 = CARTESIAN_POINT('',(41.3265143752,-60.67626337363,1.6));
#1063 = CARTESIAN_POINT('',(33.705467844849,-60.67626337363,1.6));
#1064 = CARTESIAN_POINT('',(26.11296426145,-60.67626337363,1.6));
#1065 = CARTESIAN_POINT('',(18.606112782301,-60.67626337363,1.6));
#1066 = CARTESIAN_POINT('',(11.669320317666,-60.67626337363,1.6));
#1067 = CARTESIAN_POINT('',(4.325770948469,-60.67626337363,1.6));
#1068 = ADVANCED_FACE('',(#1069),#1097,.F.);
#1069 = FACE_BOUND('',#1070,.F.);
#1070 = EDGE_LOOP('',(#1071,#1079,#1095,#1096));
#1071 = ORIENTED_EDGE('',*,*,#1072,.T.);
#1072 = EDGE_CURVE('',#152,#1073,#1075,.T.);
#1073 = VERTEX_POINT('',#1074);
#1074 = CARTESIAN_POINT('',(1.303523839879,-7.214037530639,1.6));
#1075 = ( BOUNDED_CURVE() B_SPLINE_CURVE(2,(#1076,#1077,#1078),
.UNSPECIFIED.,.F.,.F.) B_SPLINE_CURVE_WITH_KNOTS((3,3),(0.,
50.94311980556),.PIECEWISE_BEZIER_KNOTS.) CURVE() 
GEOMETRIC_REPRESENTATION_ITEM() RATIONAL_B_SPLINE_CURVE((1.,
0.707106781187,1.)) REPRESENTATION_ITEM('') );
#1076 = CARTESIAN_POINT('',(1.695979575618,-7.291358261918,2.));
#1077 = CARTESIAN_POINT('',(1.303523839879,-7.214037530639,2.));
#1078 = CARTESIAN_POINT('',(1.303523839879,-7.214037530639,1.6));
#1079 = ORIENTED_EDGE('',*,*,#1080,.T.);
#1080 = EDGE_CURVE('',#1073,#943,#1081,.T.);
#1081 = ( BOUNDED_CURVE() B_SPLINE_CURVE(12,(#1082,#1083,#1084,#1085,
    #1086,#1087,#1088,#1089,#1090,#1091,#1092,#1093,#1094),
.UNSPECIFIED.,.F.,.F.) B_SPLINE_CURVE_WITH_KNOTS((13,13),(
192.25488157122,197.20482457012),.PIECEWISE_BEZIER_KNOTS.) CURVE() 
GEOMETRIC_REPRESENTATION_ITEM() RATIONAL_B_SPLINE_CURVE((1.,1.,1.,
    1.000000000001,0.999999999999,1.000000000002,0.999999999998,
    1.000000000002,0.999999999999,1.000000000001,1.,1.,1.)) 
REPRESENTATION_ITEM('') );
#1082 = CARTESIAN_POINT('',(1.303523839879,-7.214037530639,1.6));
#1083 = CARTESIAN_POINT('',(1.303523839879,-6.807574736435,1.6));
#1084 = CARTESIAN_POINT('',(1.36424652253,-6.411054970774,1.6));
#1085 = CARTESIAN_POINT('',(1.483547493112,-6.019209401208,1.6));
#1086 = CARTESIAN_POINT('',(1.663115484668,-5.658729347106,1.6));
#1087 = CARTESIAN_POINT('',(1.892731545762,-5.333603402251,1.6));
#1088 = CARTESIAN_POINT('',(2.143404599502,-5.077998848681,1.6));
#1089 = CARTESIAN_POINT('',(2.408069411736,-4.826746629614,1.6));
#1090 = CARTESIAN_POINT('',(2.740896155449,-4.604018911068,1.6));
#1091 = CARTESIAN_POINT('',(3.108946365867,-4.427925039046,1.6));
#1092 = CARTESIAN_POINT('',(3.508257998925,-4.311777907156,1.6));
#1093 = CARTESIAN_POINT('',(3.911826909346,-4.252492553856,1.6));
#1094 = CARTESIAN_POINT('',(4.325770948469,-4.252492553856,1.6));
#1095 = ORIENTED_EDGE('',*,*,#942,.F.);
#1096 = ORIENTED_EDGE('',*,*,#151,.F.);
#1097 = ( BOUNDED_SURFACE() B_SPLINE_SURFACE(2,12,(
    (#1098,#1099,#1100,#1101,#1102,#1103,#1104,#1105,#1106,#1107,#1108
      ,#1109,#1110)
    ,(#1111,#1112,#1113,#1114,#1115,#1116,#1117,#1118,#1119,#1120,#1121
      ,#1122,#1123)
    ,(#1124,#1125,#1126,#1127,#1128,#1129,#1130,#1131,#1132,#1133,#1134
      ,#1135,#1136
)),.UNSPECIFIED.,.F.,.F.,.F.) B_SPLINE_SURFACE_WITH_KNOTS((3,3),(13,13),
  (0.,4.949942998899),(192.25488157122,197.20482457012),
.PIECEWISE_BEZIER_KNOTS.) GEOMETRIC_REPRESENTATION_ITEM() 
RATIONAL_B_SPLINE_SURFACE((
    (1.,1.,1.,1.000000000001,0.999999999999,1.000000000002
      ,0.999999999998,1.000000000002,0.999999999999,1.000000000001,1.,1.
      ,1.)
    ,(0.707106781187,0.707106781187,0.707106781186,0.707106781187
      ,0.707106781185,0.707106781188,0.707106781184,0.707106781188
      ,0.707106781185,0.707106781187,0.707106781186,0.707106781187
      ,0.707106781187)
    ,(1.,1.,1.,1.000000000001,0.999999999999,1.000000000002
      ,0.999999999998,1.000000000002,0.999999999999,1.000000000001,1.,1.
,1.))) REPRESENTATION_ITEM('') SURFACE() );
#1098 = CARTESIAN_POINT('',(1.695979575618,-7.291358261918,2.));
#1099 = CARTESIAN_POINT('',(1.694986804056,-6.889934464206,2.));
#1100 = CARTESIAN_POINT('',(1.751023270057,-6.516682112632,2.));
#1101 = CARTESIAN_POINT('',(1.862450768361,-6.160486399632,2.));
#1102 = CARTESIAN_POINT('',(2.025634750185,-5.849379360053,2.));
#1103 = CARTESIAN_POINT('',(2.230015079833,-5.570996096371,2.));
#1104 = CARTESIAN_POINT('',(2.441278183779,-5.386032551376,2.));
#1105 = CARTESIAN_POINT('',(2.637126075379,-5.167312104574,2.));
#1106 = CARTESIAN_POINT('',(2.924005711017,-4.970318423838,2.));
#1107 = CARTESIAN_POINT('',(3.244313256638,-4.808298559115,2.));
#1108 = CARTESIAN_POINT('',(3.609779464655,-4.699468223179,2.));
#1109 = CARTESIAN_POINT('',(3.991870762999,-4.644415323248,2.));
#1110 = CARTESIAN_POINT('',(4.40263851173,-4.645037299991,2.));
#1111 = CARTESIAN_POINT('',(1.303523839879,-7.214037530639,2.));
#1112 = CARTESIAN_POINT('',(1.303523839879,-6.807574736435,2.));
#1113 = CARTESIAN_POINT('',(1.36424652253,-6.411054970774,2.));
#1114 = CARTESIAN_POINT('',(1.483547493113,-6.019209401208,2.));
#1115 = CARTESIAN_POINT('',(1.663115484667,-5.658729347107,2.));
#1116 = CARTESIAN_POINT('',(1.892731545764,-5.333603402251,
    1.999999999999));
#1117 = CARTESIAN_POINT('',(2.1434045995,-5.077998848681,2.000000000001)
  );
#1118 = CARTESIAN_POINT('',(2.408069411737,-4.826746629615,
    1.999999999999));
#1119 = CARTESIAN_POINT('',(2.740896155448,-4.604018911067,2.));
#1120 = CARTESIAN_POINT('',(3.108946365867,-4.427925039046,2.));
#1121 = CARTESIAN_POINT('',(3.508257998925,-4.311777907155,2.));
#1122 = CARTESIAN_POINT('',(3.911826909346,-4.252492553856,2.));
#1123 = CARTESIAN_POINT('',(4.325770948469,-4.252492553856,2.));
#1124 = CARTESIAN_POINT('',(1.303523839879,-7.214037530639,1.6));
#1125 = CARTESIAN_POINT('',(1.303523839879,-6.807574736435,1.6));
#1126 = CARTESIAN_POINT('',(1.36424652253,-6.411054970774,1.6));
#1127 = CARTESIAN_POINT('',(1.483547493112,-6.019209401208,1.6));
#1128 = CARTESIAN_POINT('',(1.663115484668,-5.658729347106,1.6));
#1129 = CARTESIAN_POINT('',(1.892731545762,-5.333603402251,1.6));
#1130 = CARTESIAN_POINT('',(2.143404599502,-5.077998848681,1.6));
#1131 = CARTESIAN_POINT('',(2.408069411736,-4.826746629614,1.6));
#1132 = CARTESIAN_POINT('',(2.740896155449,-4.604018911068,1.6));
#1133 = CARTESIAN_POINT('',(3.108946365867,-4.427925039046,1.6));
#1134 = CARTESIAN_POINT('',(3.508257998925,-4.311777907156,1.6));
#1135 = CARTESIAN_POINT('',(3.911826909346,-4.252492553856,1.6));
#1136 = CARTESIAN_POINT('',(4.325770948469,-4.252492553856,1.6));
#1137 = ADVANCED_FACE('',(#1138),#1166,.F.);
#1138 = FACE_BOUND('',#1139,.F.);
#1139 = EDGE_LOOP('',(#1140,#1141,#1159,#1165));
#1140 = ORIENTED_EDGE('',*,*,#1025,.T.);
#1141 = ORIENTED_EDGE('',*,*,#1142,.T.);
#1142 = EDGE_CURVE('',#1009,#1143,#1145,.T.);
#1143 = VERTEX_POINT('',#1144);
#1144 = CARTESIAN_POINT('',(1.303523839879,-57.71644564809,1.6));
#1145 = ( BOUNDED_CURVE() B_SPLINE_CURVE(12,(#1146,#1147,#1148,#1149,
    #1150,#1151,#1152,#1153,#1154,#1155,#1156,#1157,#1158),
.UNSPECIFIED.,.F.,.F.) B_SPLINE_CURVE_WITH_KNOTS((13,13),(
136.36600034479,141.31176176566),.PIECEWISE_BEZIER_KNOTS.) CURVE() 
GEOMETRIC_REPRESENTATION_ITEM() RATIONAL_B_SPLINE_CURVE((1.,1.,
    1.000000000001,0.999999999997,1.000000000005,0.999999999993,
    1.000000000007,0.999999999994,1.000000000004,0.999999999998,
1.000000000001,1.,1.)) REPRESENTATION_ITEM('') );
#1146 = CARTESIAN_POINT('',(4.325770948469,-60.67626337363,1.6));
#1147 = CARTESIAN_POINT('',(3.911834874173,-60.67626337363,1.6));
#1148 = CARTESIAN_POINT('',(3.508268302154,-60.61699531478,1.6));
#1149 = CARTESIAN_POINT('',(3.108967471341,-60.50088818685,1.6));
#1150 = CARTESIAN_POINT('',(2.740912952182,-60.32484722326,1.6));
#1151 = CARTESIAN_POINT('',(2.408115150742,-60.1022455596,1.6));
#1152 = CARTESIAN_POINT('',(2.143367311532,-59.85105312269,1.6));
#1153 = CARTESIAN_POINT('',(1.892799230883,-59.59559844798,1.6));
#1154 = CARTESIAN_POINT('',(1.66316634376,-59.27070777896,1.6));
#1155 = CARTESIAN_POINT('',(1.483585544865,-58.91045686736,1.6));
#1156 = CARTESIAN_POINT('',(1.364267063909,-58.51887128642,1.6));
#1157 = CARTESIAN_POINT('',(1.303523839879,-58.12263416264,1.6));
#1158 = CARTESIAN_POINT('',(1.303523839879,-57.71644564809,1.6));
#1159 = ORIENTED_EDGE('',*,*,#1160,.F.);
#1160 = EDGE_CURVE('',#170,#1143,#1161,.T.);
#1161 = ( BOUNDED_CURVE() B_SPLINE_CURVE(2,(#1162,#1163,#1164),
.UNSPECIFIED.,.F.,.F.) B_SPLINE_CURVE_WITH_KNOTS((3,3),(0.,
4.945761420864),.PIECEWISE_BEZIER_KNOTS.) CURVE() 
GEOMETRIC_REPRESENTATION_ITEM() RATIONAL_B_SPLINE_CURVE((1.,
0.707106781187,1.)) REPRESENTATION_ITEM('') );
#1162 = CARTESIAN_POINT('',(1.69596768174,-57.63906457168,2.));
#1163 = CARTESIAN_POINT('',(1.303523839879,-57.71644564809,2.));
#1164 = CARTESIAN_POINT('',(1.303523839879,-57.71644564809,1.6));
#1165 = ORIENTED_EDGE('',*,*,#186,.F.);
#1166 = ( BOUNDED_SURFACE() B_SPLINE_SURFACE(2,12,(
    (#1167,#1168,#1169,#1170,#1171,#1172,#1173,#1174,#1175,#1176,#1177
      ,#1178,#1179)
    ,(#1180,#1181,#1182,#1183,#1184,#1185,#1186,#1187,#1188,#1189,#1190
      ,#1191,#1192)
    ,(#1193,#1194,#1195,#1196,#1197,#1198,#1199,#1200,#1201,#1202,#1203
      ,#1204,#1205
)),.UNSPECIFIED.,.F.,.F.,.F.) B_SPLINE_SURFACE_WITH_KNOTS((3,3),(13,13),
  (0.,4.945761420864),(136.36600034479,141.31176176566),
.PIECEWISE_BEZIER_KNOTS.) GEOMETRIC_REPRESENTATION_ITEM() 
RATIONAL_B_SPLINE_SURFACE((
    (1.,1.,1.000000000001,0.999999999997,1.000000000005,0.999999999993
      ,1.000000000007,0.999999999994,1.000000000004,0.999999999998
      ,1.000000000001,1.,1.)
    ,(0.707106781187,0.707106781186,0.707106781188,0.707106781184
      ,0.707106781191,0.707106781181,0.707106781193,0.707106781181
      ,0.70710678119,0.707106781185,0.707106781187,0.707106781186
      ,0.707106781187)
    ,(1.,1.,1.000000000001,0.999999999997,1.000000000005,0.999999999993
      ,1.000000000007,0.999999999994,1.000000000004,0.999999999998
,1.000000000001,1.,1.))) REPRESENTATION_ITEM('') SURFACE() );
#1167 = CARTESIAN_POINT('',(4.402619223038,-60.2837148509,2.));
#1168 = CARTESIAN_POINT('',(3.991858703197,-60.28433652151,2.));
#1169 = CARTESIAN_POINT('',(3.609761190864,-60.22929767364,2.));
#1170 = CARTESIAN_POINT('',(3.244291927581,-60.12050595004,2.));
#1171 = CARTESIAN_POINT('',(2.923950475355,-59.95851382435,2.));
#1172 = CARTESIAN_POINT('',(2.637103187836,-59.76165821992,2.));
#1173 = CARTESIAN_POINT('',(2.441091348252,-59.54291906336,2.));
#1174 = CARTESIAN_POINT('',(2.230038485882,-59.35808045856,2.));
#1175 = CARTESIAN_POINT('',(2.025629907319,-59.07995971218,2.));
#1176 = CARTESIAN_POINT('',(1.862463379183,-58.76908935495,2.));
#1177 = CARTESIAN_POINT('',(1.751025217108,-58.41317462081,2.));
#1178 = CARTESIAN_POINT('',(1.694974338806,-58.04021527421,2.));
#1179 = CARTESIAN_POINT('',(1.69596768174,-57.63906457168,2.));
#1180 = CARTESIAN_POINT('',(4.325770948469,-60.67626337363,2.));
#1181 = CARTESIAN_POINT('',(3.911834874173,-60.67626337363,2.));
#1182 = CARTESIAN_POINT('',(3.508268302153,-60.61699531478,2.));
#1183 = CARTESIAN_POINT('',(3.108967471342,-60.50088818685,2.));
#1184 = CARTESIAN_POINT('',(2.740912952181,-60.32484722327,2.));
#1185 = CARTESIAN_POINT('',(2.408115150742,-60.1022455596,2.));
#1186 = CARTESIAN_POINT('',(2.143367311533,-59.85105312269,2.));
#1187 = CARTESIAN_POINT('',(1.892799230883,-59.59559844798,2.));
#1188 = CARTESIAN_POINT('',(1.663166343761,-59.27070777896,2.));
#1189 = CARTESIAN_POINT('',(1.483585544864,-58.91045686736,2.));
#1190 = CARTESIAN_POINT('',(1.364267063909,-58.51887128642,2.));
#1191 = CARTESIAN_POINT('',(1.303523839879,-58.12263416264,2.));
#1192 = CARTESIAN_POINT('',(1.303523839879,-57.71644564809,2.));
#1193 = CARTESIAN_POINT('',(4.325770948469,-60.67626337363,1.6));
#1194 = CARTESIAN_POINT('',(3.911834874173,-60.67626337363,1.6));
#1195 = CARTESIAN_POINT('',(3.508268302154,-60.61699531478,1.6));
#1196 = CARTESIAN_POINT('',(3.108967471341,-60.50088818685,1.6));
#1197 = CARTESIAN_POINT('',(2.740912952182,-60.32484722326,1.6));
#1198 = CARTESIAN_POINT('',(2.408115150742,-60.1022455596,1.6));
#1199 = CARTESIAN_POINT('',(2.143367311532,-59.85105312269,1.6));
#1200 = CARTESIAN_POINT('',(1.892799230883,-59.59559844798,1.6));
#1201 = CARTESIAN_POINT('',(1.66316634376,-59.27070777896,1.6));
#1202 = CARTESIAN_POINT('',(1.483585544865,-58.91045686736,1.6));
#1203 = CARTESIAN_POINT('',(1.364267063909,-58.51887128642,1.6));
#1204 = CARTESIAN_POINT('',(1.303523839879,-58.12263416264,1.6));
#1205 = CARTESIAN_POINT('',(1.303523839879,-57.71644564809,1.6));
#1206 = ADVANCED_FACE('',(#1207),#1227,.F.);
#1207 = FACE_BOUND('',#1208,.F.);
#1208 = EDGE_LOOP('',(#1209,#1210,#1225,#1226));
#1209 = ORIENTED_EDGE('',*,*,#1160,.T.);
#1210 = ORIENTED_EDGE('',*,*,#1211,.T.);
#1211 = EDGE_CURVE('',#1143,#1073,#1212,.T.);
#1212 = ( BOUNDED_CURVE() B_SPLINE_CURVE(11,(#1213,#1214,#1215,#1216,
    #1217,#1218,#1219,#1220,#1221,#1222,#1223,#1224),.UNSPECIFIED.,.F.,
.F.) B_SPLINE_CURVE_WITH_KNOTS((12,12),(141.31176176566,192.25488157122)
,.PIECEWISE_BEZIER_KNOTS.) CURVE() GEOMETRIC_REPRESENTATION_ITEM() 
RATIONAL_B_SPLINE_CURVE((1.,1.,1.,1.,1.,1.,1.,1.,1.,1.,1.,1.)) 
REPRESENTATION_ITEM('') );
#1213 = CARTESIAN_POINT('',(1.303523839879,-57.71644564809,1.6));
#1214 = CARTESIAN_POINT('',(1.303523839879,-53.15220456834,1.6));
#1215 = CARTESIAN_POINT('',(1.303523839879,-48.85196415798,1.6));
#1216 = CARTESIAN_POINT('',(1.303523839879,-44.19825193117,1.6));
#1217 = CARTESIAN_POINT('',(1.303523839879,-39.48941242292,1.6));
#1218 = CARTESIAN_POINT('',(1.303523839879,-34.76620700257,1.6));
#1219 = CARTESIAN_POINT('',(1.303523839879,-30.16404219296,1.6));
#1220 = CARTESIAN_POINT('',(1.303523839879,-25.44075577341,1.6));
#1221 = CARTESIAN_POINT('',(1.303523839879,-20.73190860365,1.6));
#1222 = CARTESIAN_POINT('',(1.303523839879,-16.07805017686,1.6));
#1223 = CARTESIAN_POINT('',(1.303523839879,-11.77750227274,1.6));
#1224 = CARTESIAN_POINT('',(1.303523839879,-7.214037530639,1.6));
#1225 = ORIENTED_EDGE('',*,*,#1072,.F.);
#1226 = ORIENTED_EDGE('',*,*,#169,.F.);
#1227 = ( BOUNDED_SURFACE() B_SPLINE_SURFACE(2,11,(
    (#1228,#1229,#1230,#1231,#1232,#1233,#1234,#1235,#1236,#1237,#1238
      ,#1239)
    ,(#1240,#1241,#1242,#1243,#1244,#1245,#1246,#1247,#1248,#1249,#1250
      ,#1251)
    ,(#1252,#1253,#1254,#1255,#1256,#1257,#1258,#1259,#1260,#1261,#1262
,#1263
    )),.UNSPECIFIED.,.F.,.F.,.F.) B_SPLINE_SURFACE_WITH_KNOTS((3,3),(12,
    12),(0.,50.94311980556),(141.31176176566,192.25488157122),
.PIECEWISE_BEZIER_KNOTS.) GEOMETRIC_REPRESENTATION_ITEM() 
RATIONAL_B_SPLINE_SURFACE((
    (1.,1.,1.,1.,1.,1.,1.,1.,1.,1.,1.,1.)
    ,(0.707106781187,0.707106781187,0.707106781187,0.707106781187
      ,0.707106781186,0.707106781187,0.707106781186,0.707106781187
      ,0.707106781186,0.707106781187,0.707106781187,0.707106781187)
,(1.,1.,1.,1.,1.,1.,1.,1.,1.,1.,1.,1.
))) REPRESENTATION_ITEM('') SURFACE() );
#1228 = CARTESIAN_POINT('',(1.69596768174,-57.63906457168,2.));
#1229 = CARTESIAN_POINT('',(1.707129633547,-53.13143215459,2.));
#1230 = CARTESIAN_POINT('',(1.70411800297,-48.86357842038,2.));
#1231 = CARTESIAN_POINT('',(1.701680225899,-44.21701400097,2.));
#1232 = CARTESIAN_POINT('',(1.703539166468,-39.50748963828,2.));
#1233 = CARTESIAN_POINT('',(1.704026757768,-34.77292232414,2.));
#1234 = CARTESIAN_POINT('',(1.704032994985,-30.15735537963,2.));
#1235 = CARTESIAN_POINT('',(1.703535305744,-25.42270617729,2.));
#1236 = CARTESIAN_POINT('',(1.70168665984,-20.71316844482,2.));
#1237 = CARTESIAN_POINT('',(1.704113668843,-16.06644813506,2.));
#1238 = CARTESIAN_POINT('',(1.707125683169,-11.79824886449,2.));
#1239 = CARTESIAN_POINT('',(1.695979575618,-7.291358261918,2.));
#1240 = CARTESIAN_POINT('',(1.303523839879,-57.71644564809,2.));
#1241 = CARTESIAN_POINT('',(1.303523839879,-53.15220456834,2.));
#1242 = CARTESIAN_POINT('',(1.303523839879,-48.85196415798,2.));
#1243 = CARTESIAN_POINT('',(1.303523839879,-44.19825193116,2.));
#1244 = CARTESIAN_POINT('',(1.303523839879,-39.48941242293,2.));
#1245 = CARTESIAN_POINT('',(1.303523839879,-34.76620700256,2.));
#1246 = CARTESIAN_POINT('',(1.303523839879,-30.16404219296,2.));
#1247 = CARTESIAN_POINT('',(1.303523839879,-25.44075577341,2.));
#1248 = CARTESIAN_POINT('',(1.303523839879,-20.73190860365,2.));
#1249 = CARTESIAN_POINT('',(1.303523839879,-16.07805017686,2.));
#1250 = CARTESIAN_POINT('',(1.303523839879,-11.77750227274,2.));
#1251 = CARTESIAN_POINT('',(1.303523839879,-7.214037530639,2.));
#1252 = CARTESIAN_POINT('',(1.303523839879,-57.71644564809,1.6));
#1253 = CARTESIAN_POINT('',(1.303523839879,-53.15220456834,1.6));
#1254 = CARTESIAN_POINT('',(1.303523839879,-48.85196415798,1.6));
#1255 = CARTESIAN_POINT('',(1.303523839879,-44.19825193117,1.6));
#1256 = CARTESIAN_POINT('',(1.303523839879,-39.48941242292,1.6));
#1257 = CARTESIAN_POINT('',(1.303523839879,-34.76620700257,1.6));
#1258 = CARTESIAN_POINT('',(1.303523839879,-30.16404219296,1.6));
#1259 = CARTESIAN_POINT('',(1.303523839879,-25.44075577341,1.6));
#1260 = CARTESIAN_POINT('',(1.303523839879,-20.73190860365,1.6));
#1261 = CARTESIAN_POINT('',(1.303523839879,-16.07805017686,1.6));
#1262 = CARTESIAN_POINT('',(1.303523839879,-11.77750227274,1.6));
#1263 = CARTESIAN_POINT('',(1.303523839879,-7.214037530639,1.6));
#1264 = ADVANCED_FACE('',(#1265),#1335,.T.);
#1265 = FACE_BOUND('',#1266,.T.);
#1266 = EDGE_LOOP('',(#1267,#1274,#1329,#1334));
#1267 = ORIENTED_EDGE('',*,*,#1268,.T.);
#1268 = EDGE_CURVE('',#240,#1269,#1271,.T.);
#1269 = VERTEX_POINT('',#1270);
#1270 = CARTESIAN_POINT('',(64.79818635678,-57.11966112235,0.5));
#1271 = B_SPLINE_CURVE_WITH_KNOTS('',1,(#1272,#1273),.UNSPECIFIED.,.F.,
  .F.,(2,2),(0.,2.14167569483),.PIECEWISE_BEZIER_KNOTS.);
#1272 = CARTESIAN_POINT('',(63.298186356778,-57.11966112235,2.));
#1273 = CARTESIAN_POINT('',(64.79818635678,-57.11966112235,0.5));
#1274 = ORIENTED_EDGE('',*,*,#1275,.T.);
#1275 = EDGE_CURVE('',#1269,#1276,#1278,.T.);
#1276 = VERTEX_POINT('',#1277);
#1277 = CARTESIAN_POINT('',(66.161113537549,-55.7540583443,0.5));
#1278 = B_SPLINE_CURVE_WITH_KNOTS('',13,(#1279,#1280,#1281,#1282,#1283,
    #1284,#1285,#1286,#1287,#1288,#1289,#1290,#1291,#1292,#1293,#1294,
    #1295,#1296,#1297,#1298,#1299,#1300,#1301,#1302,#1303,#1304,#1305,
    #1306,#1307,#1308,#1309,#1310,#1311,#1312,#1313,#1314,#1315,#1316,
    #1317,#1318,#1319,#1320,#1321,#1322,#1323,#1324,#1325,#1326,#1327,
    #1328),.UNSPECIFIED.,.F.,.F.,(14,12,12,12,14),(-1.362526397215E-15,
    0.267709461854,0.535418923708,1.070837847415,2.14167569483),
  .UNSPECIFIED.);
#1279 = CARTESIAN_POINT('',(64.79818635678,-57.11966112235,0.5));
#1280 = CARTESIAN_POINT('',(64.79818635679,-57.09791440761,0.5));
#1281 = CARTESIAN_POINT('',(64.7985531599,-57.07625313117,0.5));
#1282 = CARTESIAN_POINT('',(64.799283569326,-57.05468049994,
    0.500000000001));
#1283 = CARTESIAN_POINT('',(64.800374387227,-57.03319971959,
    0.499999999998));
#1284 = CARTESIAN_POINT('',(64.801822418056,-57.01181399412,
    0.500000000003));
#1285 = CARTESIAN_POINT('',(64.803624462972,-56.99052651547,
    0.499999999996));
#1286 = CARTESIAN_POINT('',(64.805777330469,-56.96934047033,
    0.500000000004));
#1287 = CARTESIAN_POINT('',(64.808277826022,-56.94825902492,
    0.499999999997));
#1288 = CARTESIAN_POINT('',(64.811122766729,-56.92728533609,
    0.500000000004));
#1289 = CARTESIAN_POINT('',(64.814308972232,-56.90642253831,
    0.500000000006));
#1290 = CARTESIAN_POINT('',(64.817833275361,-56.88567375138,
    0.500000000025));
#1291 = CARTESIAN_POINT('',(64.82169251935,-56.86504207518,
    0.500000000068));
#1292 = CARTESIAN_POINT('',(64.830074605748,-56.82401911003,
    0.500000000263));
#1293 = CARTESIAN_POINT('',(64.834597459426,-56.80362784053,
    0.500000000456));
#1294 = CARTESIAN_POINT('',(64.839448968235,-56.78335984713,
    0.500000000724));
#1295 = CARTESIAN_POINT('',(64.844625999555,-56.76321818383,
    0.500000001084));
#1296 = CARTESIAN_POINT('',(64.850125441319,-56.74320589336,
    0.50000000158));
#1297 = CARTESIAN_POINT('',(64.855944205916,-56.72332601139,
    0.500000002299));
#1298 = CARTESIAN_POINT('',(64.862079224678,-56.70358156032,
    0.500000003353));
#1299 = CARTESIAN_POINT('',(64.868527454187,-56.68397555677,
    0.500000004894));
#1300 = CARTESIAN_POINT('',(64.875285870332,-56.66451100401,
    0.500000007106));
#1301 = CARTESIAN_POINT('',(64.882351472978,-56.64519089848,
    0.500000010205));
#1302 = CARTESIAN_POINT('',(64.889721282868,-56.62601822496,
    0.500000014444));
#1303 = CARTESIAN_POINT('',(64.897392343396,-56.60699595964,
    0.500000020108));
#1304 = CARTESIAN_POINT('',(64.921300472303,-56.55038928613,
    0.500000042335));
#1305 = CARTESIAN_POINT('',(64.938431246055,-56.51326596535,
    0.500000059268));
#1306 = CARTESIAN_POINT('',(64.956731881629,-56.47678005167,
    0.500000086136));
#1307 = CARTESIAN_POINT('',(64.976180094967,-56.44095511959,
    0.500000129688));
#1308 = CARTESIAN_POINT('',(64.996753469148,-56.40581536554,
    0.500000195531));
#1309 = CARTESIAN_POINT('',(65.018429469323,-56.37138562074,
    0.500000288254));
#1310 = CARTESIAN_POINT('',(65.041185420449,-56.3376913321,
    0.500000411249));
#1311 = CARTESIAN_POINT('',(65.064998534778,-56.30475858572,
    0.50000056693));
#1312 = CARTESIAN_POINT('',(65.089845883453,-56.27261408265,
    0.500000756506));
#1313 = CARTESIAN_POINT('',(65.115704421179,-56.24128515996,
    0.50000098018));
#1314 = CARTESIAN_POINT('',(65.142550968238,-56.21079977533,0.500001237)
  );
#1315 = CARTESIAN_POINT('',(65.170362221389,-56.18118651644,
    0.500001524955));
#1316 = CARTESIAN_POINT('',(65.256619802733,-56.09505075607,
    0.50000247286));
#1317 = CARTESIAN_POINT('',(65.317888396794,-56.04124168366,
    0.500003167499));
#1318 = CARTESIAN_POINT('',(65.382706068192,-55.99126891581,
    0.500003957661));
#1319 = CARTESIAN_POINT('',(65.450856971537,-55.94538588426,
    0.500004617088));
#1320 = CARTESIAN_POINT('',(65.522100842837,-55.90386125571,
    0.500004870743));
#1321 = CARTESIAN_POINT('',(65.596157442884,-55.86696309235,
    0.500004541105));
#1322 = CARTESIAN_POINT('',(65.672698511038,-55.83494385525,
    0.500003630637));
#1323 = CARTESIAN_POINT('',(65.751347177485,-55.80802621457,
    0.500002340133));
#1324 = CARTESIAN_POINT('',(65.831684905539,-55.7863897151,
    0.500001023343));
#1325 = CARTESIAN_POINT('',(65.913265881126,-55.77015824219,
    0.500000077421));
#1326 = CARTESIAN_POINT('',(65.995638930407,-55.75938834069,
    0.49999976964));
#1327 = CARTESIAN_POINT('',(66.078376898788,-55.75405834429,0.5));
#1328 = CARTESIAN_POINT('',(66.161113537549,-55.7540583443,0.5));
#1329 = ORIENTED_EDGE('',*,*,#1330,.F.);
#1330 = EDGE_CURVE('',#242,#1276,#1331,.T.);
#1331 = B_SPLINE_CURVE_WITH_KNOTS('',1,(#1332,#1333),.UNSPECIFIED.,.F.,
  .F.,(2,2),(0.,2.14167569483),.PIECEWISE_BEZIER_KNOTS.);
#1332 = CARTESIAN_POINT('',(66.161113537549,-54.25405835177,2.));
#1333 = CARTESIAN_POINT('',(66.161113537549,-55.7540583443,0.5));
#1334 = ORIENTED_EDGE('',*,*,#239,.F.);
#1335 = B_SPLINE_SURFACE_WITH_KNOTS('',1,13,(
    (#1336,#1337,#1338,#1339,#1340,#1341,#1342,#1343,#1344,#1345,#1346
      ,#1347,#1348,#1349,#1350,#1351,#1352,#1353,#1354,#1355,#1356,#1357
      ,#1358,#1359,#1360,#1361,#1362,#1363,#1364,#1365,#1366,#1367,#1368
      ,#1369,#1370,#1371,#1372,#1373,#1374,#1375,#1376,#1377,#1378,#1379
      ,#1380,#1381,#1382,#1383,#1384,#1385)
    ,(#1386,#1387,#1388,#1389,#1390,#1391,#1392,#1393,#1394,#1395,#1396
      ,#1397,#1398,#1399,#1400,#1401,#1402,#1403,#1404,#1405,#1406,#1407
      ,#1408,#1409,#1410,#1411,#1412,#1413,#1414,#1415,#1416,#1417,#1418
      ,#1419,#1420,#1421,#1422,#1423,#1424,#1425,#1426,#1427,#1428,#1429
      ,#1430,#1431,#1432,#1433,#1434,#1435
    )),.UNSPECIFIED.,.F.,.F.,.F.,(2,2),(14,12,12,12,14),(0.,
    2.14167569483),(-1.362526397215E-15,0.267709461854,0.535418923708,
    1.070837847415,2.14167569483),.UNSPECIFIED.);
#1336 = CARTESIAN_POINT('',(63.298186356778,-57.11966112235,2.));
#1337 = CARTESIAN_POINT('',(63.298186356791,-57.0746471992,2.));
#1338 = CARTESIAN_POINT('',(63.298947079858,-57.02903886002,
    1.999999999998));
#1339 = CARTESIAN_POINT('',(63.300465158874,-56.986258912,2.000000000004
    ));
#1340 = CARTESIAN_POINT('',(63.302736931144,-56.93637664032,
    1.999999999992));
#1341 = CARTESIAN_POINT('',(63.30575845316,-56.90045663495,
    2.000000000012));
#1342 = CARTESIAN_POINT('',(63.309525505702,-56.84468467408,
    1.999999999986));
#1343 = CARTESIAN_POINT('',(63.314033615385,-56.81121184582,
    2.000000000013));
#1344 = CARTESIAN_POINT('',(63.319278053469,-56.75901198831,
    1.99999999999));
#1345 = CARTESIAN_POINT('',(63.3252538609,-56.71928834401,2.000000000006
    ));
#1346 = CARTESIAN_POINT('',(63.331955847033,-56.67377150933,
    1.999999999997));
#1347 = CARTESIAN_POINT('',(63.339378609591,-56.63052281443,
    2.000000000001));
#1348 = CARTESIAN_POINT('',(63.347516539418,-56.58702087668,2.));
#1349 = CARTESIAN_POINT('',(63.365211127144,-56.50055916162,2.));
#1350 = CARTESIAN_POINT('',(63.374767859839,-56.45754851798,2.));
#1351 = CARTESIAN_POINT('',(63.38502814527,-56.41476922632,
    1.999999999999));
#1352 = CARTESIAN_POINT('',(63.395985945562,-56.3722322375,
    2.000000000002));
#1353 = CARTESIAN_POINT('',(63.407635068057,-56.32994831325,
    1.999999999998));
#1354 = CARTESIAN_POINT('',(63.419969170943,-56.28792802966,
    2.000000000001));
#1355 = CARTESIAN_POINT('',(63.432981754799,-56.24618177213,2.));
#1356 = CARTESIAN_POINT('',(63.446666173091,-56.20471974138,2.));
#1357 = CARTESIAN_POINT('',(63.461015621219,-56.16355194744,2.));
#1358 = CARTESIAN_POINT('',(63.476023146213,-56.12268821475,2.));
#1359 = CARTESIAN_POINT('',(63.491681639429,-56.08213817847,2.));
#1360 = CARTESIAN_POINT('',(63.507983841217,-56.04191128676,2.));
#1361 = CARTESIAN_POINT('',(63.558799332811,-55.92222782519,
    1.999999999999));
#1362 = CARTESIAN_POINT('',(63.59522418669,-55.84376896646,
    2.000000000003));
#1363 = CARTESIAN_POINT('',(63.634135648947,-55.76671376493,
    1.999999999992));
#1364 = CARTESIAN_POINT('',(63.675471910733,-55.69113289244,
    2.000000000016));
#1365 = CARTESIAN_POINT('',(63.719170596131,-55.61709414391,
    1.999999999976));
#1366 = CARTESIAN_POINT('',(63.765168779295,-55.54466245058,
    2.000000000028));
#1367 = CARTESIAN_POINT('',(63.81340295876,-55.47389986023,
    1.999999999974));
#1368 = CARTESIAN_POINT('',(63.863809089464,-55.40486556172,
    2.00000000002));
#1369 = CARTESIAN_POINT('',(63.916322549212,-55.3376158594,
    1.999999999988));
#1370 = CARTESIAN_POINT('',(63.970878168295,-55.27220419565,
    2.000000000006));
#1371 = CARTESIAN_POINT('',(64.027410207485,-55.20868113416,
    1.999999999998));
#1372 = CARTESIAN_POINT('',(64.085852371643,-55.14709437025,2.));
#1373 = CARTESIAN_POINT('',(64.266708665351,-54.96827743659,2.));
#1374 = CARTESIAN_POINT('',(64.394655291947,-54.85699412925,2.));
#1375 = CARTESIAN_POINT('',(64.529481705704,-54.75400517869,
    2.000000000001));
#1376 = CARTESIAN_POINT('',(64.670683571073,-54.65964292818,
    1.999999999997));
#1377 = CARTESIAN_POINT('',(64.817774677588,-54.5742124524,
    2.000000000005));
#1378 = CARTESIAN_POINT('',(64.970305339914,-54.49800343014,
    1.999999999992));
#1379 = CARTESIAN_POINT('',(65.127872730003,-54.4313071497,
    2.000000000009));
#1380 = CARTESIAN_POINT('',(65.29012311541,-54.37443860927,
    1.999999999992));
#1381 = CARTESIAN_POINT('',(65.456746038567,-54.32776376335,
    2.000000000005));
#1382 = CARTESIAN_POINT('',(65.627460398401,-54.29173185719,
    1.999999999997));
#1383 = CARTESIAN_POINT('',(65.801992470051,-54.26691290489,
    2.000000000001));
#1384 = CARTESIAN_POINT('',(65.980045834971,-54.25404026604,2.));
#1385 = CARTESIAN_POINT('',(66.161113537549,-54.25405835177,2.));
#1386 = CARTESIAN_POINT('',(64.79818635678,-57.11966112235,0.5));
#1387 = CARTESIAN_POINT('',(64.79818635679,-57.09791440761,0.5));
#1388 = CARTESIAN_POINT('',(64.7985531599,-57.07625313117,0.5));
#1389 = CARTESIAN_POINT('',(64.799283569326,-57.05468049994,
    0.500000000001));
#1390 = CARTESIAN_POINT('',(64.800374387227,-57.03319971959,
    0.499999999998));
#1391 = CARTESIAN_POINT('',(64.801822418056,-57.01181399412,
    0.500000000003));
#1392 = CARTESIAN_POINT('',(64.803624462972,-56.99052651547,
    0.499999999996));
#1393 = CARTESIAN_POINT('',(64.805777330469,-56.96934047033,
    0.500000000004));
#1394 = CARTESIAN_POINT('',(64.808277826022,-56.94825902492,
    0.499999999997));
#1395 = CARTESIAN_POINT('',(64.811122766729,-56.92728533609,
    0.500000000004));
#1396 = CARTESIAN_POINT('',(64.814308972232,-56.90642253831,
    0.500000000006));
#1397 = CARTESIAN_POINT('',(64.817833275361,-56.88567375138,
    0.500000000025));
#1398 = CARTESIAN_POINT('',(64.82169251935,-56.86504207518,
    0.500000000068));
#1399 = CARTESIAN_POINT('',(64.830074605748,-56.82401911003,
    0.500000000263));
#1400 = CARTESIAN_POINT('',(64.834597459426,-56.80362784053,
    0.500000000456));
#1401 = CARTESIAN_POINT('',(64.839448968235,-56.78335984713,
    0.500000000724));
#1402 = CARTESIAN_POINT('',(64.844625999555,-56.76321818383,
    0.500000001084));
#1403 = CARTESIAN_POINT('',(64.850125441319,-56.74320589336,
    0.50000000158));
#1404 = CARTESIAN_POINT('',(64.855944205916,-56.72332601139,
    0.500000002299));
#1405 = CARTESIAN_POINT('',(64.862079224678,-56.70358156032,
    0.500000003353));
#1406 = CARTESIAN_POINT('',(64.868527454187,-56.68397555677,
    0.500000004894));
#1407 = CARTESIAN_POINT('',(64.875285870332,-56.66451100401,
    0.500000007106));
#1408 = CARTESIAN_POINT('',(64.882351472978,-56.64519089848,
    0.500000010205));
#1409 = CARTESIAN_POINT('',(64.889721282868,-56.62601822496,
    0.500000014444));
#1410 = CARTESIAN_POINT('',(64.897392343396,-56.60699595964,
    0.500000020108));
#1411 = CARTESIAN_POINT('',(64.921300472303,-56.55038928613,
    0.500000042335));
#1412 = CARTESIAN_POINT('',(64.938431246055,-56.51326596535,
    0.500000059268));
#1413 = CARTESIAN_POINT('',(64.956731881629,-56.47678005167,
    0.500000086136));
#1414 = CARTESIAN_POINT('',(64.976180094967,-56.44095511959,
    0.500000129688));
#1415 = CARTESIAN_POINT('',(64.996753469148,-56.40581536554,
    0.500000195531));
#1416 = CARTESIAN_POINT('',(65.018429469323,-56.37138562074,
    0.500000288254));
#1417 = CARTESIAN_POINT('',(65.041185420449,-56.3376913321,
    0.500000411249));
#1418 = CARTESIAN_POINT('',(65.064998534778,-56.30475858572,
    0.50000056693));
#1419 = CARTESIAN_POINT('',(65.089845883453,-56.27261408265,
    0.500000756506));
#1420 = CARTESIAN_POINT('',(65.115704421179,-56.24128515996,
    0.50000098018));
#1421 = CARTESIAN_POINT('',(65.142550968238,-56.21079977533,0.500001237)
  );
#1422 = CARTESIAN_POINT('',(65.170362221389,-56.18118651644,
    0.500001524955));
#1423 = CARTESIAN_POINT('',(65.256619802733,-56.09505075607,
    0.50000247286));
#1424 = CARTESIAN_POINT('',(65.317888396794,-56.04124168366,
    0.500003167499));
#1425 = CARTESIAN_POINT('',(65.382706068192,-55.99126891581,
    0.500003957661));
#1426 = CARTESIAN_POINT('',(65.450856971537,-55.94538588426,
    0.500004617088));
#1427 = CARTESIAN_POINT('',(65.522100842837,-55.90386125571,
    0.500004870743));
#1428 = CARTESIAN_POINT('',(65.596157442884,-55.86696309235,
    0.500004541105));
#1429 = CARTESIAN_POINT('',(65.672698511038,-55.83494385525,
    0.500003630637));
#1430 = CARTESIAN_POINT('',(65.751347177485,-55.80802621457,
    0.500002340133));
#1431 = CARTESIAN_POINT('',(65.831684905539,-55.7863897151,
    0.500001023343));
#1432 = CARTESIAN_POINT('',(65.913265881126,-55.77015824219,
    0.500000077421));
#1433 = CARTESIAN_POINT('',(65.995638930407,-55.75938834069,
    0.49999976964));
#1434 = CARTESIAN_POINT('',(66.078376898788,-55.75405834429,0.5));
#1435 = CARTESIAN_POINT('',(66.161113537549,-55.7540583443,0.5));
#1436 = ADVANCED_FACE('',(#1437),#1460,.T.);
#1437 = FACE_BOUND('',#1438,.T.);
#1438 = EDGE_LOOP('',(#1439,#1446,#1458,#1459));
#1439 = ORIENTED_EDGE('',*,*,#1440,.T.);
#1440 = EDGE_CURVE('',#312,#1441,#1443,.T.);
#1441 = VERTEX_POINT('',#1442);
#1442 = CARTESIAN_POINT('',(66.161113537549,-58.4852639004,0.5));
#1443 = B_SPLINE_CURVE_WITH_KNOTS('',1,(#1444,#1445),.UNSPECIFIED.,.F.,
  .F.,(2,2),(0.,2.144680852494),.PIECEWISE_BEZIER_KNOTS.);
#1444 = CARTESIAN_POINT('',(66.161113537549,-59.98526389296,2.));
#1445 = CARTESIAN_POINT('',(66.161113537549,-58.4852639004,0.5));
#1446 = ORIENTED_EDGE('',*,*,#1447,.T.);
#1447 = EDGE_CURVE('',#1441,#1269,#1448,.T.);
#1448 = B_SPLINE_CURVE_WITH_KNOTS('',8,(#1449,#1450,#1451,#1452,#1453,
    #1454,#1455,#1456,#1457),.UNSPECIFIED.,.F.,.F.,(9,9),(6.427030522933
    ,8.572714969649),.PIECEWISE_BEZIER_KNOTS.);
#1449 = CARTESIAN_POINT('',(66.161113537549,-58.4852639004,0.5));
#1450 = CARTESIAN_POINT('',(65.89221946165,-58.4852639004,0.5));
#1451 = CARTESIAN_POINT('',(65.623407241605,-58.42600905182,
    0.499996419637));
#1452 = CARTESIAN_POINT('',(65.368824785238,-58.30315974047,
    0.500030839805));
#1453 = CARTESIAN_POINT('',(65.156824696731,-58.12489468256,
    0.499976761733));
#1454 = CARTESIAN_POINT('',(64.986148153555,-57.91493440548,
    0.50000950964));
#1455 = CARTESIAN_POINT('',(64.863552711845,-57.67050184239,
    0.499998109887));
#1456 = CARTESIAN_POINT('',(64.79818635678,-57.40289758074,0.5));
#1457 = CARTESIAN_POINT('',(64.79818635678,-57.11966112235,0.5));
#1458 = ORIENTED_EDGE('',*,*,#1268,.F.);
#1459 = ORIENTED_EDGE('',*,*,#326,.F.);
#1460 = B_SPLINE_SURFACE_WITH_KNOTS('',1,8,(
    (#1461,#1462,#1463,#1464,#1465,#1466,#1467,#1468,#1469)
    ,(#1470,#1471,#1472,#1473,#1474,#1475,#1476,#1477,#1478
  )),.UNSPECIFIED.,.F.,.F.,.F.,(2,2),(9,9),(0.,2.145684446716),(
    6.427030522933,8.572714969649),.PIECEWISE_BEZIER_KNOTS.);
#1461 = CARTESIAN_POINT('',(66.161113537549,-59.98526389296,2.));
#1462 = CARTESIAN_POINT('',(65.573044651506,-59.98532246244,2.));
#1463 = CARTESIAN_POINT('',(65.019706903279,-59.84223360167,2.));
#1464 = CARTESIAN_POINT('',(64.51615129906,-59.59429351805,2.));
#1465 = CARTESIAN_POINT('',(64.064374590347,-59.24476229272,2.));
#1466 = CARTESIAN_POINT('',(63.696033526235,-58.79857725432,2.));
#1467 = CARTESIAN_POINT('',(63.433536217065,-58.2767665351,2.));
#1468 = CARTESIAN_POINT('',(63.29818635678,-57.70593745519,2.));
#1469 = CARTESIAN_POINT('',(63.29818635678,-57.11966112235,2.));
#1470 = CARTESIAN_POINT('',(66.161113537549,-58.4852639004,0.5));
#1471 = CARTESIAN_POINT('',(65.89221946165,-58.4852639004,0.5));
#1472 = CARTESIAN_POINT('',(65.623407241605,-58.42600905182,
    0.499996419637));
#1473 = CARTESIAN_POINT('',(65.368824785238,-58.30315974047,
    0.500030839805));
#1474 = CARTESIAN_POINT('',(65.156824696731,-58.12489468256,
    0.499976761733));
#1475 = CARTESIAN_POINT('',(64.986148153555,-57.91493440548,
    0.50000950964));
#1476 = CARTESIAN_POINT('',(64.863552711845,-57.67050184239,
    0.499998109887));
#1477 = CARTESIAN_POINT('',(64.79818635678,-57.40289758074,0.5));
#1478 = CARTESIAN_POINT('',(64.79818635678,-57.11966112235,0.5));
#1479 = ADVANCED_FACE('',(#1480),#1504,.T.);
#1480 = FACE_BOUND('',#1481,.T.);
#1481 = EDGE_LOOP('',(#1482,#1483,#1498,#1503));
#1482 = ORIENTED_EDGE('',*,*,#1330,.T.);
#1483 = ORIENTED_EDGE('',*,*,#1484,.T.);
#1484 = EDGE_CURVE('',#1276,#1485,#1487,.T.);
#1485 = VERTEX_POINT('',#1486);
#1486 = CARTESIAN_POINT('',(67.523688722662,-57.11966112235,0.5));
#1487 = B_SPLINE_CURVE_WITH_KNOTS('',9,(#1488,#1489,#1490,#1491,#1492,
    #1493,#1494,#1495,#1496,#1497),.UNSPECIFIED.,.F.,.F.,(10,10),(
    2.14167569483,4.282349670439),.PIECEWISE_BEZIER_KNOTS.);
#1488 = CARTESIAN_POINT('',(66.161113537549,-55.7540583443,0.5));
#1489 = CARTESIAN_POINT('',(66.400018699269,-55.7540583443,0.5));
#1490 = CARTESIAN_POINT('',(66.638940436394,-55.80034835237,
    0.499997264357));
#1491 = CARTESIAN_POINT('',(66.868157177061,-55.89512715023,
    0.50001865712));
#1492 = CARTESIAN_POINT('',(67.071259351201,-56.03652080482,
    0.500003789882));
#1493 = CARTESIAN_POINT('',(67.241873734663,-56.20747694271,
    0.500002969648));
#1494 = CARTESIAN_POINT('',(67.38296413126,-56.41108994165,
    0.500019635116));
#1495 = CARTESIAN_POINT('',(67.47753690372,-56.64083333283,
    0.499997256386));
#1496 = CARTESIAN_POINT('',(67.523688722661,-56.88031937419,0.5));
#1497 = CARTESIAN_POINT('',(67.523688722662,-57.11966112235,0.5));
#1498 = ORIENTED_EDGE('',*,*,#1499,.F.);
#1499 = EDGE_CURVE('',#297,#1485,#1500,.T.);
#1500 = B_SPLINE_CURVE_WITH_KNOTS('',1,(#1501,#1502),.UNSPECIFIED.,.F.,
  .F.,(2,2),(0.,2.140673975609),.PIECEWISE_BEZIER_KNOTS.);
#1501 = CARTESIAN_POINT('',(69.023688604434,-57.11966112235,2.));
#1502 = CARTESIAN_POINT('',(67.523688722662,-57.11966112235,0.5));
#1503 = ORIENTED_EDGE('',*,*,#296,.F.);
#1504 = B_SPLINE_SURFACE_WITH_KNOTS('',1,9,(
    (#1505,#1506,#1507,#1508,#1509,#1510,#1511,#1512,#1513,#1514)
    ,(#1515,#1516,#1517,#1518,#1519,#1520,#1521,#1522,#1523,#1524
  )),.UNSPECIFIED.,.F.,.F.,.F.,(2,2),(10,10),(0.,2.140673975609),(
    2.14167569483,4.282349670439),.PIECEWISE_BEZIER_KNOTS.);
#1505 = CARTESIAN_POINT('',(66.161113537549,-54.25405835177,2.));
#1506 = CARTESIAN_POINT('',(66.684535322482,-54.25411057497,2.));
#1507 = CARTESIAN_POINT('',(67.180564503641,-54.36569666068,2.));
#1508 = CARTESIAN_POINT('',(67.642478208835,-54.56384756022,2.));
#1509 = CARTESIAN_POINT('',(68.068966153597,-54.84417836559,2.));
#1510 = CARTESIAN_POINT('',(68.436804574753,-55.2133831552,2.));
#1511 = CARTESIAN_POINT('',(68.71572664095,-55.64009824983,2.));
#1512 = CARTESIAN_POINT('',(68.912593564599,-56.10181715221,2.));
#1513 = CARTESIAN_POINT('',(69.023481286625,-56.59690205319,2.));
#1514 = CARTESIAN_POINT('',(69.023688604434,-57.11966112235,2.));
#1515 = CARTESIAN_POINT('',(66.161113537549,-55.7540583443,0.5));
#1516 = CARTESIAN_POINT('',(66.400018699269,-55.7540583443,0.5));
#1517 = CARTESIAN_POINT('',(66.638940436394,-55.80034835237,
    0.499997264357));
#1518 = CARTESIAN_POINT('',(66.868157177061,-55.89512715023,
    0.50001865712));
#1519 = CARTESIAN_POINT('',(67.071259351201,-56.03652080482,
    0.500003789882));
#1520 = CARTESIAN_POINT('',(67.241873734663,-56.20747694271,
    0.500002969648));
#1521 = CARTESIAN_POINT('',(67.38296413126,-56.41108994165,
    0.500019635116));
#1522 = CARTESIAN_POINT('',(67.47753690372,-56.64083333283,
    0.499997256386));
#1523 = CARTESIAN_POINT('',(67.523688722661,-56.88031937419,0.5));
#1524 = CARTESIAN_POINT('',(67.523688722662,-57.11966112235,0.5));
#1525 = ADVANCED_FACE('',(#1526),#1544,.T.);
#1526 = FACE_BOUND('',#1527,.T.);
#1527 = EDGE_LOOP('',(#1528,#1529,#1542,#1543));
#1528 = ORIENTED_EDGE('',*,*,#1499,.T.);
#1529 = ORIENTED_EDGE('',*,*,#1530,.T.);
#1530 = EDGE_CURVE('',#1485,#1441,#1531,.T.);
#1531 = B_SPLINE_CURVE_WITH_KNOTS('',9,(#1532,#1533,#1534,#1535,#1536,
    #1537,#1538,#1539,#1540,#1541),.UNSPECIFIED.,.F.,.F.,(10,10),(
    4.282349670439,6.427030522933),.PIECEWISE_BEZIER_KNOTS.);
#1532 = CARTESIAN_POINT('',(67.523688722662,-57.11966112235,0.5));
#1533 = CARTESIAN_POINT('',(67.523688722663,-57.3594508663,0.5));
#1534 = CARTESIAN_POINT('',(67.477535878968,-57.59908684987,
    0.49999712642));
#1535 = CARTESIAN_POINT('',(67.383039223515,-57.82888818186,
    0.500017986131));
#1536 = CARTESIAN_POINT('',(67.241935531473,-58.03249582309,
    0.500004459136));
#1537 = CARTESIAN_POINT('',(67.071274247137,-58.20331706251,
    0.500002804054));
#1538 = CARTESIAN_POINT('',(66.868140412713,-58.34449285957,
    0.500019013766));
#1539 = CARTESIAN_POINT('',(66.638940358621,-58.4390797408,0.49999718378
    ));
#1540 = CARTESIAN_POINT('',(66.400018699257,-58.4852639004,0.5));
#1541 = CARTESIAN_POINT('',(66.161113537549,-58.4852639004,0.5));
#1542 = ORIENTED_EDGE('',*,*,#1440,.F.);
#1543 = ORIENTED_EDGE('',*,*,#311,.F.);
#1544 = B_SPLINE_SURFACE_WITH_KNOTS('',1,9,(
    (#1545,#1546,#1547,#1548,#1549,#1550,#1551,#1552,#1553,#1554)
    ,(#1555,#1556,#1557,#1558,#1559,#1560,#1561,#1562,#1563,#1564
  )),.UNSPECIFIED.,.F.,.F.,.F.,(2,2),(10,10),(0.,2.144680852494),(
    4.282349670439,6.427030522933),.PIECEWISE_BEZIER_KNOTS.);
#1545 = CARTESIAN_POINT('',(69.023688604434,-57.11966112235,2.));
#1546 = CARTESIAN_POINT('',(69.023896310296,-57.64220645979,2.));
#1547 = CARTESIAN_POINT('',(68.912988470445,-58.13810717776,2.));
#1548 = CARTESIAN_POINT('',(68.715817887144,-58.60023606216,2.));
#1549 = CARTESIAN_POINT('',(68.436641048156,-59.02717570901,2.));
#1550 = CARTESIAN_POINT('',(68.068257234565,-59.39642325993,2.));
#1551 = CARTESIAN_POINT('',(67.641450332433,-59.67637304362,2.));
#1552 = CARTESIAN_POINT('',(67.179499070263,-59.87402586318,2.));
#1553 = CARTESIAN_POINT('',(66.683878998105,-59.98521185556,2.));
#1554 = CARTESIAN_POINT('',(66.161113537549,-59.98526389296,2.));
#1555 = CARTESIAN_POINT('',(67.523688722662,-57.11966112235,0.5));
#1556 = CARTESIAN_POINT('',(67.523688722663,-57.3594508663,0.5));
#1557 = CARTESIAN_POINT('',(67.477535878968,-57.59908684987,
    0.49999712642));
#1558 = CARTESIAN_POINT('',(67.383039223515,-57.82888818186,
    0.500017986131));
#1559 = CARTESIAN_POINT('',(67.241935531473,-58.03249582309,
    0.500004459136));
#1560 = CARTESIAN_POINT('',(67.071274247137,-58.20331706251,
    0.500002804054));
#1561 = CARTESIAN_POINT('',(66.868140412713,-58.34449285957,
    0.500019013766));
#1562 = CARTESIAN_POINT('',(66.638940358621,-58.4390797408,0.49999718378
    ));
#1563 = CARTESIAN_POINT('',(66.400018699257,-58.4852639004,0.5));
#1564 = CARTESIAN_POINT('',(66.161113537549,-58.4852639004,0.5));
#1565 = ADVANCED_FACE('',(#1566),#1595,.T.);
#1566 = FACE_BOUND('',#1567,.T.);
#1567 = EDGE_LOOP('',(#1568,#1575,#1589,#1594));
#1568 = ORIENTED_EDGE('',*,*,#1569,.T.);
#1569 = EDGE_CURVE('',#341,#1570,#1572,.T.);
#1570 = VERTEX_POINT('',#1571);
#1571 = CARTESIAN_POINT('',(6.501721765493,-7.770636112641,0.5));
#1572 = B_SPLINE_CURVE_WITH_KNOTS('',1,(#1573,#1574),.UNSPECIFIED.,.F.,
  .F.,(2,2),(0.,2.14336941053),.PIECEWISE_BEZIER_KNOTS.);
#1573 = CARTESIAN_POINT('',(5.001721765492,-7.770636112641,2.));
#1574 = CARTESIAN_POINT('',(6.501721765493,-7.770636112641,0.5));
#1575 = ORIENTED_EDGE('',*,*,#1576,.T.);
#1576 = EDGE_CURVE('',#1570,#1577,#1579,.T.);
#1577 = VERTEX_POINT('',#1578);
#1578 = CARTESIAN_POINT('',(7.864296950606,-6.405033334594,0.5));
#1579 = B_SPLINE_CURVE_WITH_KNOTS('',8,(#1580,#1581,#1582,#1583,#1584,
    #1585,#1586,#1587,#1588),.UNSPECIFIED.,.F.,.F.,(9,9),(
    1.56692640629E-16,2.14336941053),.PIECEWISE_BEZIER_KNOTS.);
#1580 = CARTESIAN_POINT('',(6.501721765493,-7.770636112641,0.5));
#1581 = CARTESIAN_POINT('',(6.501721765493,-7.488061112585,0.5));
#1582 = CARTESIAN_POINT('',(6.567090922365,-7.220741277014,
    0.499998157482));
#1583 = CARTESIAN_POINT('',(6.689664078548,-6.976305655742,
    0.500009299918));
#1584 = CARTESIAN_POINT('',(6.860364552116,-6.766147683447,0.499977196)
  );
#1585 = CARTESIAN_POINT('',(7.072280795206,-6.587628078285,0.50003038471
    ));
#1586 = CARTESIAN_POINT('',(7.326791940268,-6.46447973429,0.499996348785
    ));
#1587 = CARTESIAN_POINT('',(7.595474993901,-6.405033334594,0.5));
#1588 = CARTESIAN_POINT('',(7.864296950606,-6.405033334594,0.5));
#1589 = ORIENTED_EDGE('',*,*,#1590,.F.);
#1590 = EDGE_CURVE('',#343,#1577,#1591,.T.);
#1591 = B_SPLINE_CURVE_WITH_KNOTS('',1,(#1592,#1593),.UNSPECIFIED.,.F.,
  .F.,(2,2),(0.,2.14336941053),.PIECEWISE_BEZIER_KNOTS.);
#1592 = CARTESIAN_POINT('',(7.864296950606,-4.905033402129,2.));
#1593 = CARTESIAN_POINT('',(7.864296950606,-6.405033334594,0.5));
#1594 = ORIENTED_EDGE('',*,*,#340,.F.);
#1595 = B_SPLINE_SURFACE_WITH_KNOTS('',1,8,(
    (#1596,#1597,#1598,#1599,#1600,#1601,#1602,#1603,#1604)
    ,(#1605,#1606,#1607,#1608,#1609,#1610,#1611,#1612,#1613
  )),.UNSPECIFIED.,.F.,.F.,.F.,(2,2),(9,9),(0.,2.14336941053),(
    1.56692640629E-16,2.14336941053),.PIECEWISE_BEZIER_KNOTS.);
#1596 = CARTESIAN_POINT('',(5.001721765492,-7.770636112641,2.));
#1597 = CARTESIAN_POINT('',(5.001721765493,-7.184311875136,2.));
#1598 = CARTESIAN_POINT('',(5.137390520838,-6.613808981852,2.));
#1599 = CARTESIAN_POINT('',(5.399978741301,-6.092969586688,2.));
#1600 = CARTESIAN_POINT('',(5.767188591727,-5.647570631479,2.));
#1601 = CARTESIAN_POINT('',(6.218049093691,-5.297570708371,2.));
#1602 = CARTESIAN_POINT('',(6.721246793744,-5.04873556959,2.));
#1603 = CARTESIAN_POINT('',(7.27529193227,-4.904856519627,2.));
#1604 = CARTESIAN_POINT('',(7.864296950606,-4.905033402129,2.));
#1605 = CARTESIAN_POINT('',(6.501721765493,-7.770636112641,0.5));
#1606 = CARTESIAN_POINT('',(6.501721765493,-7.488061112585,0.5));
#1607 = CARTESIAN_POINT('',(6.567090922365,-7.220741277014,
    0.499998157482));
#1608 = CARTESIAN_POINT('',(6.689664078548,-6.976305655742,
    0.500009299918));
#1609 = CARTESIAN_POINT('',(6.860364552116,-6.766147683447,0.499977196)
  );
#1610 = CARTESIAN_POINT('',(7.072280795206,-6.587628078285,0.50003038471
    ));
#1611 = CARTESIAN_POINT('',(7.326791940268,-6.46447973429,0.499996348785
    ));
#1612 = CARTESIAN_POINT('',(7.595474993901,-6.405033334594,0.5));
#1613 = CARTESIAN_POINT('',(7.864296950606,-6.405033334594,0.5));
#1614 = ADVANCED_FACE('',(#1615),#1638,.T.);
#1615 = FACE_BOUND('',#1616,.T.);
#1616 = EDGE_LOOP('',(#1617,#1624,#1636,#1637));
#1617 = ORIENTED_EDGE('',*,*,#1618,.T.);
#1618 = EDGE_CURVE('',#372,#1619,#1621,.T.);
#1619 = VERTEX_POINT('',#1620);
#1620 = CARTESIAN_POINT('',(7.864296950606,-9.136238890687,0.5));
#1621 = B_SPLINE_CURVE_WITH_KNOTS('',1,(#1622,#1623),.UNSPECIFIED.,.F.,
  .F.,(2,2),(0.,2.141362510333),.PIECEWISE_BEZIER_KNOTS.);
#1622 = CARTESIAN_POINT('',(7.864296950606,-10.63623882323,2.));
#1623 = CARTESIAN_POINT('',(7.864296950606,-9.136238890687,0.5));
#1624 = ORIENTED_EDGE('',*,*,#1625,.T.);
#1625 = EDGE_CURVE('',#1619,#1570,#1626,.T.);
#1626 = B_SPLINE_CURVE_WITH_KNOTS('',8,(#1627,#1628,#1629,#1630,#1631,
    #1632,#1633,#1634,#1635),.UNSPECIFIED.,.F.,.F.,(9,9),(6.425092389777
    ,8.569465250406),.PIECEWISE_BEZIER_KNOTS.);
#1627 = CARTESIAN_POINT('',(7.864296950606,-9.136238890687,0.5));
#1628 = CARTESIAN_POINT('',(7.595474993928,-9.136238890687,0.5));
#1629 = CARTESIAN_POINT('',(7.326792068576,-9.076826057871,0.49999634868
    ));
#1630 = CARTESIAN_POINT('',(7.072286519354,-8.953740853135,
    0.500030366503));
#1631 = CARTESIAN_POINT('',(6.860359393198,-8.775276242509,
    0.499977218106));
#1632 = CARTESIAN_POINT('',(6.689666310907,-8.56515466271,0.500009287674
    ));
#1633 = CARTESIAN_POINT('',(6.567090455437,-8.320720209543,
    0.499998160481));
#1634 = CARTESIAN_POINT('',(6.501721765493,-8.053343404363,0.5));
#1635 = CARTESIAN_POINT('',(6.501721765493,-7.770636112641,0.5));
#1636 = ORIENTED_EDGE('',*,*,#1569,.F.);
#1637 = ORIENTED_EDGE('',*,*,#386,.F.);
#1638 = B_SPLINE_SURFACE_WITH_KNOTS('',1,8,(
    (#1639,#1640,#1641,#1642,#1643,#1644,#1645,#1646,#1647)
    ,(#1648,#1649,#1650,#1651,#1652,#1653,#1654,#1655,#1656
  )),.UNSPECIFIED.,.F.,.F.,.F.,(2,2),(9,9),(0.,2.144372860628),(
    6.425092389777,8.569465250406),.PIECEWISE_BEZIER_KNOTS.);
#1639 = CARTESIAN_POINT('',(7.864296950606,-10.63623882323,2.));
#1640 = CARTESIAN_POINT('',(7.275476475785,-10.63641554835,2.));
#1641 = CARTESIAN_POINT('',(6.721536569131,-10.49266651372,2.));
#1642 = CARTESIAN_POINT('',(6.21829236139,-10.24397103775,2.));
#1643 = CARTESIAN_POINT('',(5.767298401814,-9.89405835195,2.));
#1644 = CARTESIAN_POINT('',(5.39989410345,-9.44853322094,2.));
#1645 = CARTESIAN_POINT('',(5.137326015007,-8.927513872414,2.));
#1646 = CARTESIAN_POINT('',(5.001721765493,-8.356950503657,2.));
#1647 = CARTESIAN_POINT('',(5.001721765493,-7.770636112641,2.));
#1648 = CARTESIAN_POINT('',(7.864296950606,-9.136238890687,0.5));
#1649 = CARTESIAN_POINT('',(7.595474993928,-9.136238890687,0.5));
#1650 = CARTESIAN_POINT('',(7.326792068576,-9.076826057871,0.49999634868
    ));
#1651 = CARTESIAN_POINT('',(7.072286519354,-8.953740853135,
    0.500030366503));
#1652 = CARTESIAN_POINT('',(6.860359393198,-8.775276242509,
    0.499977218106));
#1653 = CARTESIAN_POINT('',(6.689666310907,-8.56515466271,0.500009287674
    ));
#1654 = CARTESIAN_POINT('',(6.567090455437,-8.320720209543,
    0.499998160481));
#1655 = CARTESIAN_POINT('',(6.501721765493,-8.053343404363,0.5));
#1656 = CARTESIAN_POINT('',(6.501721765493,-7.770636112641,0.5));
#1657 = ADVANCED_FACE('',(#1658),#1682,.T.);
#1658 = FACE_BOUND('',#1659,.T.);
#1659 = EDGE_LOOP('',(#1660,#1661,#1676,#1681));
#1660 = ORIENTED_EDGE('',*,*,#1590,.T.);
#1661 = ORIENTED_EDGE('',*,*,#1662,.T.);
#1662 = EDGE_CURVE('',#1577,#1663,#1665,.T.);
#1663 = VERTEX_POINT('',#1664);
#1664 = CARTESIAN_POINT('',(9.225816148751,-7.770636112641,0.5));
#1665 = B_SPLINE_CURVE_WITH_KNOTS('',9,(#1666,#1667,#1668,#1669,#1670,
    #1671,#1672,#1673,#1674,#1675),.UNSPECIFIED.,.F.,.F.,(10,10),(
    2.14336941053,4.283729879445),.PIECEWISE_BEZIER_KNOTS.);
#1666 = CARTESIAN_POINT('',(7.864296950606,-6.405033334594,0.5));
#1667 = CARTESIAN_POINT('',(8.102914350121,-6.405033334594,0.5));
#1668 = CARTESIAN_POINT('',(8.341593279802,-6.451367429778,
    0.499997290237));
#1669 = CARTESIAN_POINT('',(8.570594472737,-6.546225049802,
    0.500019096648));
#1670 = CARTESIAN_POINT('',(8.773517987836,-6.687645317737,0.50000296027
    ));
#1671 = CARTESIAN_POINT('',(8.944059663199,-6.858642585372,
    0.500003688796));
#1672 = CARTESIAN_POINT('',(9.085046268522,-7.062235139403,
    0.500018468343));
#1673 = CARTESIAN_POINT('',(9.179613801742,-7.291877490959,
    0.499997292224));
#1674 = CARTESIAN_POINT('',(9.225816148751,-7.531273609791,0.5));
#1675 = CARTESIAN_POINT('',(9.225816148751,-7.770636112641,0.5));
#1676 = ORIENTED_EDGE('',*,*,#1677,.F.);
#1677 = EDGE_CURVE('',#357,#1663,#1678,.T.);
#1678 = B_SPLINE_CURVE_WITH_KNOTS('',1,(#1679,#1680),.UNSPECIFIED.,.F.,
  .F.,(2,2),(0.,2.140360468915),.PIECEWISE_BEZIER_KNOTS.);
#1679 = CARTESIAN_POINT('',(10.725816141335,-7.770636112641,2.));
#1680 = CARTESIAN_POINT('',(9.225816148751,-7.770636112641,0.5));
#1681 = ORIENTED_EDGE('',*,*,#356,.F.);
#1682 = B_SPLINE_SURFACE_WITH_KNOTS('',1,9,(
    (#1683,#1684,#1685,#1686,#1687,#1688,#1689,#1690,#1691,#1692)
    ,(#1693,#1694,#1695,#1696,#1697,#1698,#1699,#1700,#1701,#1702
  )),.UNSPECIFIED.,.F.,.F.,.F.,(2,2),(10,10),(0.,2.140360468915),(
    2.14336941053,4.283729879445),.PIECEWISE_BEZIER_KNOTS.);
#1683 = CARTESIAN_POINT('',(7.864296950606,-4.905033402129,2.));
#1684 = CARTESIAN_POINT('',(8.387971633104,-4.905190410296,2.));
#1685 = CARTESIAN_POINT('',(8.883951842815,-5.016964633976,2.));
#1686 = CARTESIAN_POINT('',(9.345649572271,-5.215341460325,2.));
#1687 = CARTESIAN_POINT('',(9.771706870563,-5.495885568248,
    2.000000000001));
#1688 = CARTESIAN_POINT('',(10.138919214207,-5.8647474474,2.));
#1689 = CARTESIAN_POINT('',(10.417777515548,-6.291037405045,2.));
#1690 = CARTESIAN_POINT('',(10.614789957403,-6.752593912821,2.));
#1691 = CARTESIAN_POINT('',(10.725764180275,-7.247930181292,2.));
#1692 = CARTESIAN_POINT('',(10.725816141335,-7.770636112641,2.));
#1693 = CARTESIAN_POINT('',(7.864296950606,-6.405033334594,0.5));
#1694 = CARTESIAN_POINT('',(8.102914350121,-6.405033334594,0.5));
#1695 = CARTESIAN_POINT('',(8.341593279802,-6.451367429778,
    0.499997290237));
#1696 = CARTESIAN_POINT('',(8.570594472737,-6.546225049802,
    0.500019096648));
#1697 = CARTESIAN_POINT('',(8.773517987836,-6.687645317737,0.50000296027
    ));
#1698 = CARTESIAN_POINT('',(8.944059663199,-6.858642585372,
    0.500003688796));
#1699 = CARTESIAN_POINT('',(9.085046268522,-7.062235139403,
    0.500018468343));
#1700 = CARTESIAN_POINT('',(9.179613801742,-7.291877490959,
    0.499997292224));
#1701 = CARTESIAN_POINT('',(9.225816148751,-7.531273609791,0.5));
#1702 = CARTESIAN_POINT('',(9.225816148751,-7.770636112641,0.5));
#1703 = ADVANCED_FACE('',(#1704),#1722,.T.);
#1704 = FACE_BOUND('',#1705,.T.);
#1705 = EDGE_LOOP('',(#1706,#1707,#1720,#1721));
#1706 = ORIENTED_EDGE('',*,*,#1677,.T.);
#1707 = ORIENTED_EDGE('',*,*,#1708,.T.);
#1708 = EDGE_CURVE('',#1663,#1619,#1709,.T.);
#1709 = B_SPLINE_CURVE_WITH_KNOTS('',9,(#1710,#1711,#1712,#1713,#1714,
    #1715,#1716,#1717,#1718,#1719),.UNSPECIFIED.,.F.,.F.,(10,10),(
    4.283729879445,6.425092389777),.PIECEWISE_BEZIER_KNOTS.);
#1710 = CARTESIAN_POINT('',(9.225816148751,-7.770636112641,0.5));
#1711 = CARTESIAN_POINT('',(9.225816148751,-8.010110676588,0.5));
#1712 = CARTESIAN_POINT('',(9.179613545996,-8.249544247945,
    0.499997259828));
#1713 = CARTESIAN_POINT('',(9.085065060531,-8.479201093318,
    0.500018061468));
#1714 = CARTESIAN_POINT('',(8.944074995355,-8.682792229855,
    0.500004055101));
#1715 = CARTESIAN_POINT('',(8.773521806715,-8.853755778775,
    0.500002717434));
#1716 = CARTESIAN_POINT('',(8.570590252365,-8.995121676436,
    0.500019184422));
#1717 = CARTESIAN_POINT('',(8.341593238365,-9.089931264001,
    0.499997270233));
#1718 = CARTESIAN_POINT('',(8.102914350097,-9.136238890687,0.5));
#1719 = CARTESIAN_POINT('',(7.864296950606,-9.136238890687,0.5));
#1720 = ORIENTED_EDGE('',*,*,#1618,.F.);
#1721 = ORIENTED_EDGE('',*,*,#371,.F.);
#1722 = B_SPLINE_SURFACE_WITH_KNOTS('',1,9,(
    (#1723,#1724,#1725,#1726,#1727,#1728,#1729,#1730,#1731,#1732)
    ,(#1733,#1734,#1735,#1736,#1737,#1738,#1739,#1740,#1741,#1742
  )),.UNSPECIFIED.,.F.,.F.,.F.,(2,2),(10,10),(0.,2.141362510333),(
    4.283729879445,6.425092389777),.PIECEWISE_BEZIER_KNOTS.);
#1723 = CARTESIAN_POINT('',(10.725816141335,-7.770636112641,2.));
#1724 = CARTESIAN_POINT('',(10.725868126721,-8.293288378079,2.));
#1725 = CARTESIAN_POINT('',(10.614888832078,-8.788829058149,2.));
#1726 = CARTESIAN_POINT('',(10.417800233616,-9.250488285917,2.));
#1727 = CARTESIAN_POINT('',(10.13887780739,-9.676833977055,2.));
#1728 = CARTESIAN_POINT('',(9.771530174105,-10.0457062042,2.));
#1729 = CARTESIAN_POINT('',(9.345392792524,-10.32615586011,2.));
#1730 = CARTESIAN_POINT('',(8.883685295355,-10.52440792531,2.));
#1731 = CARTESIAN_POINT('',(8.38780733499,-10.63608195475,2.));
#1732 = CARTESIAN_POINT('',(7.864296950606,-10.63623882323,2.));
#1733 = CARTESIAN_POINT('',(9.225816148751,-7.770636112641,0.5));
#1734 = CARTESIAN_POINT('',(9.225816148751,-8.010110676588,0.5));
#1735 = CARTESIAN_POINT('',(9.179613545996,-8.249544247945,
    0.499997259828));
#1736 = CARTESIAN_POINT('',(9.085065060531,-8.479201093318,
    0.500018061468));
#1737 = CARTESIAN_POINT('',(8.944074995355,-8.682792229855,
    0.500004055101));
#1738 = CARTESIAN_POINT('',(8.773521806715,-8.853755778775,
    0.500002717434));
#1739 = CARTESIAN_POINT('',(8.570590252365,-8.995121676436,
    0.500019184422));
#1740 = CARTESIAN_POINT('',(8.341593238365,-9.089931264001,
    0.499997270233));
#1741 = CARTESIAN_POINT('',(8.102914350097,-9.136238890687,0.5));
#1742 = CARTESIAN_POINT('',(7.864296950606,-9.136238890687,0.5));
#1743 = ADVANCED_FACE('',(#1744),#1814,.T.);
#1744 = FACE_BOUND('',#1745,.T.);
#1745 = EDGE_LOOP('',(#1746,#1753,#1808,#1813));
#1746 = ORIENTED_EDGE('',*,*,#1747,.T.);
#1747 = EDGE_CURVE('',#401,#1748,#1750,.T.);
#1748 = VERTEX_POINT('',#1749);
#1749 = CARTESIAN_POINT('',(6.501721765493,-57.11966112235,0.5));
#1750 = B_SPLINE_CURVE_WITH_KNOTS('',1,(#1751,#1752),.UNSPECIFIED.,.F.,
  .F.,(2,2),(0.,2.142057752356),.PIECEWISE_BEZIER_KNOTS.);
#1751 = CARTESIAN_POINT('',(5.001721765491,-57.11966112235,2.));
#1752 = CARTESIAN_POINT('',(6.501721765493,-57.11966112235,0.5));
#1753 = ORIENTED_EDGE('',*,*,#1754,.T.);
#1754 = EDGE_CURVE('',#1748,#1755,#1757,.T.);
#1755 = VERTEX_POINT('',#1756);
#1756 = CARTESIAN_POINT('',(7.864296950606,-55.7540583443,0.5));
#1757 = B_SPLINE_CURVE_WITH_KNOTS('',13,(#1758,#1759,#1760,#1761,#1762,
    #1763,#1764,#1765,#1766,#1767,#1768,#1769,#1770,#1771,#1772,#1773,
    #1774,#1775,#1776,#1777,#1778,#1779,#1780,#1781,#1782,#1783,#1784,
    #1785,#1786,#1787,#1788,#1789,#1790,#1791,#1792,#1793,#1794,#1795,
    #1796,#1797,#1798,#1799,#1800,#1801,#1802,#1803,#1804,#1805,#1806,
    #1807),.UNSPECIFIED.,.F.,.F.,(14,12,12,12,14),(-1.110394174331E-14,
    0.267757219045,0.535514438089,1.071028876178,2.142057752356),
  .UNSPECIFIED.);
#1758 = CARTESIAN_POINT('',(6.501721765493,-57.11966112235,0.5));
#1759 = CARTESIAN_POINT('',(6.501721765492,-57.0979144076,0.5));
#1760 = CARTESIAN_POINT('',(6.502088568661,-57.07625313122,0.5));
#1761 = CARTESIAN_POINT('',(6.502818975504,-57.05468049982,0.5));
#1762 = CARTESIAN_POINT('',(6.50390978658,-57.03319971966,0.5));
#1763 = CARTESIAN_POINT('',(6.505357802363,-57.01181399311,0.5));
#1764 = CARTESIAN_POINT('',(6.507159824165,-56.99052651376,0.5));
#1765 = CARTESIAN_POINT('',(6.509312654923,-56.96934046552,0.5));
#1766 = CARTESIAN_POINT('',(6.511813101261,-56.94825901644,0.5));
#1767 = CARTESIAN_POINT('',(6.514657975035,-56.92728532114,
    0.500000000002));
#1768 = CARTESIAN_POINT('',(6.517844095825,-56.90642251478,
    0.500000000007));
#1769 = CARTESIAN_POINT('',(6.521368293039,-56.88567371628,
    0.500000000024));
#1770 = CARTESIAN_POINT('',(6.525227408299,-56.86504202534,
    0.500000000068));
#1771 = CARTESIAN_POINT('',(6.533609186942,-56.82401902398,0.50000000026
    ));
#1772 = CARTESIAN_POINT('',(6.538131861442,-56.80362773289,0.50000000045
    ));
#1773 = CARTESIAN_POINT('',(6.542983163977,-56.78335971482,
    0.500000000718));
#1774 = CARTESIAN_POINT('',(6.548159959226,-56.76321802165,
    0.500000001067));
#1775 = CARTESIAN_POINT('',(6.553659134173,-56.74320570014,
    0.500000001569));
#1776 = CARTESIAN_POINT('',(6.559477597192,-56.72332577959,
    0.500000002266));
#1777 = CARTESIAN_POINT('',(6.565612279448,-56.70358129095,
    0.500000003323));
#1778 = CARTESIAN_POINT('',(6.572060133138,-56.6839752424,0.500000004833
    ));
#1779 = CARTESIAN_POINT('',(6.578818133317,-56.66451064538,
    0.500000007027));
#1780 = CARTESIAN_POINT('',(6.585883276323,-56.64519049133,
    0.500000010083));
#1781 = CARTESIAN_POINT('',(6.593252580906,-56.62601776912,
    0.500000014272));
#1782 = CARTESIAN_POINT('',(6.60092308756,-56.60699545417,0.500000019863
    ));
#1783 = CARTESIAN_POINT('',(6.624829401411,-56.55038863366,
    0.500000041805));
#1784 = CARTESIAN_POINT('',(6.641958762984,-56.51326521019,
    0.500000058519));
#1785 = CARTESIAN_POINT('',(6.660257759494,-56.47677920466,0.50000008504
    ));
#1786 = CARTESIAN_POINT('',(6.679704077832,-56.44095420243,
    0.500000127994));
#1787 = CARTESIAN_POINT('',(6.700275276067,-56.405814416,0.500000192931)
  );
#1788 = CARTESIAN_POINT('',(6.721948783013,-56.37138467972,
    0.500000284295));
#1789 = CARTESIAN_POINT('',(6.744701898922,-56.337690458,0.500000405471)
  );
#1790 = CARTESIAN_POINT('',(6.768511794577,-56.30475783464,0.50000055872
    ));
#1791 = CARTESIAN_POINT('',(6.793355512272,-56.27261352441,
    0.500000745252));
#1792 = CARTESIAN_POINT('',(6.819209964934,-56.2412848626,0.500000965159
    ));
#1793 = CARTESIAN_POINT('',(6.846051936774,-56.21079981281,
    0.500001217467));
#1794 = CARTESIAN_POINT('',(6.873858082893,-56.18118696221,
    0.500001500103));
#1795 = CARTESIAN_POINT('',(6.960098622621,-56.09505264708,
    0.500002429525));
#1796 = CARTESIAN_POINT('',(7.021353581143,-56.04124480382,
    0.500003112689));
#1797 = CARTESIAN_POINT('',(7.086155074169,-55.99127348289,
    0.500003883917));
#1798 = CARTESIAN_POINT('',(7.154287017606,-55.94539199087,
    0.500004520516));
#1799 = CARTESIAN_POINT('',(7.225509000678,-55.90386878867,
    0.500004755767));
#1800 = CARTESIAN_POINT('',(7.299540797765,-55.86697168372,
    0.500004420045));
#1801 = CARTESIAN_POINT('',(7.376054361561,-55.83495285779,
    0.500003519719));
#1802 = CARTESIAN_POINT('',(7.454673303282,-55.80803475874,
    0.500002254083));
#1803 = CARTESIAN_POINT('',(7.534979852946,-55.78639682231,
    0.500000969995));
#1804 = CARTESIAN_POINT('',(7.616529306972,-55.77016305867,
    0.500000054568));
#1805 = CARTESIAN_POINT('',(7.698871956651,-55.75939047316,
    0.499999765603));
#1806 = CARTESIAN_POINT('',(7.781582502399,-55.75405834431,0.5));
#1807 = CARTESIAN_POINT('',(7.864296950606,-55.7540583443,0.5));
#1808 = ORIENTED_EDGE('',*,*,#1809,.F.);
#1809 = EDGE_CURVE('',#403,#1755,#1810,.T.);
#1810 = B_SPLINE_CURVE_WITH_KNOTS('',1,(#1811,#1812),.UNSPECIFIED.,.F.,
  .F.,(2,2),(0.,2.142057752356),.PIECEWISE_BEZIER_KNOTS.);
#1811 = CARTESIAN_POINT('',(7.864296950606,-54.25405841176,2.));
#1812 = CARTESIAN_POINT('',(7.864296950606,-55.7540583443,0.5));
#1813 = ORIENTED_EDGE('',*,*,#400,.F.);
#1814 = B_SPLINE_SURFACE_WITH_KNOTS('',1,13,(
    (#1815,#1816,#1817,#1818,#1819,#1820,#1821,#1822,#1823,#1824,#1825
      ,#1826,#1827,#1828,#1829,#1830,#1831,#1832,#1833,#1834,#1835,#1836
      ,#1837,#1838,#1839,#1840,#1841,#1842,#1843,#1844,#1845,#1846,#1847
      ,#1848,#1849,#1850,#1851,#1852,#1853,#1854,#1855,#1856,#1857,#1858
      ,#1859,#1860,#1861,#1862,#1863,#1864)
    ,(#1865,#1866,#1867,#1868,#1869,#1870,#1871,#1872,#1873,#1874,#1875
      ,#1876,#1877,#1878,#1879,#1880,#1881,#1882,#1883,#1884,#1885,#1886
      ,#1887,#1888,#1889,#1890,#1891,#1892,#1893,#1894,#1895,#1896,#1897
      ,#1898,#1899,#1900,#1901,#1902,#1903,#1904,#1905,#1906,#1907,#1908
      ,#1909,#1910,#1911,#1912,#1913,#1914
    )),.UNSPECIFIED.,.F.,.F.,.F.,(2,2),(14,12,12,12,14),(0.,
    2.142057752356),(-1.110394174331E-14,0.267757219045,0.535514438089,
    1.071028876178,2.142057752356),.UNSPECIFIED.);
#1815 = CARTESIAN_POINT('',(5.001721765491,-57.11966112235,2.));
#1816 = CARTESIAN_POINT('',(5.001721765493,-57.07464719919,2.));
#1817 = CARTESIAN_POINT('',(5.00248248862,-57.02903900035,2.000000000001
    ));
#1818 = CARTESIAN_POINT('',(5.004000557309,-56.98625934328,
    1.999999999999));
#1819 = CARTESIAN_POINT('',(5.006272298505,-56.93637752354,
    2.000000000002));
#1820 = CARTESIAN_POINT('',(5.009293755014,-56.90045813907,
    1.999999999998));
#1821 = CARTESIAN_POINT('',(5.013060697071,-56.84468697768,
    2.000000000002));
#1822 = CARTESIAN_POINT('',(5.017568634304,-56.81121513262,
    1.999999999999));
#1823 = CARTESIAN_POINT('',(5.022812826838,-56.75901644955,2.));
#1824 = CARTESIAN_POINT('',(5.028788297582,-56.71929417394,2.));
#1825 = CARTESIAN_POINT('',(5.035489842499,-56.67377890603,
    1.999999999999));
#1826 = CARTESIAN_POINT('',(5.042912042299,-56.63053197701,2.));
#1827 = CARTESIAN_POINT('',(5.051049272449,-56.5870320042,2.));
#1828 = CARTESIAN_POINT('',(5.068742154919,-56.5005746136,2.));
#1829 = CARTESIAN_POINT('',(5.078297883429,-56.45756632961,
    1.999999999998));
#1830 = CARTESIAN_POINT('',(5.088556995978,-56.41478959351,
    2.000000000007));
#1831 = CARTESIAN_POINT('',(5.099513437274,-56.37225535119,
    1.999999999985));
#1832 = CARTESIAN_POINT('',(5.111161000522,-56.32997436202,
    2.000000000023));
#1833 = CARTESIAN_POINT('',(5.12349332637,-56.28795719074,1.999999999972
    ));
#1834 = CARTESIAN_POINT('',(5.136503904537,-56.2462142202,2.000000000027
    ));
#1835 = CARTESIAN_POINT('',(5.150186071735,-56.20475563488,
    1.999999999979));
#1836 = CARTESIAN_POINT('',(5.164533013883,-56.16359143861,
    2.000000000013));
#1837 = CARTESIAN_POINT('',(5.17953776413,-56.12273143865,1.999999999994
    ));
#1838 = CARTESIAN_POINT('',(5.195193204332,-56.08218525765,
    2.000000000002));
#1839 = CARTESIAN_POINT('',(5.211492064136,-56.04196232619,2.));
#1840 = CARTESIAN_POINT('',(5.26229663606,-55.92229100734,2.));
#1841 = CARTESIAN_POINT('',(5.298713031255,-55.8438406441,1.999999999999
    ));
#1842 = CARTESIAN_POINT('',(5.337614783035,-55.7667941461,2.000000000004
    ));
#1843 = CARTESIAN_POINT('',(5.378940041169,-55.69122199435,
    1.999999999993));
#1844 = CARTESIAN_POINT('',(5.422626429555,-55.61719180436,
    2.000000000012));
#1845 = CARTESIAN_POINT('',(5.46861104552,-55.54476832097,1.999999999985
    ));
#1846 = CARTESIAN_POINT('',(5.516830460921,-55.47401342651,
    2.000000000014));
#1847 = CARTESIAN_POINT('',(5.567220720704,-55.40498613007,
    1.999999999989));
#1848 = CARTESIAN_POINT('',(5.61971734448,-55.33774257925,2.000000000007
    ));
#1849 = CARTESIAN_POINT('',(5.674255325082,-55.27233604943,
    1.999999999997));
#1850 = CARTESIAN_POINT('',(5.730769129669,-55.20881695193,
    2.000000000001));
#1851 = CARTESIAN_POINT('',(5.789192699029,-55.1472328289,2.));
#1852 = CARTESIAN_POINT('',(5.969992945735,-54.96841940983,2.));
#1853 = CARTESIAN_POINT('',(6.097901781879,-54.85713270414,
    2.000000000002));
#1854 = CARTESIAN_POINT('',(6.232692226934,-54.75413403207,
    1.999999999996));
#1855 = CARTESIAN_POINT('',(6.373862462106,-54.65975548954,
    2.000000000008));
#1856 = CARTESIAN_POINT('',(6.520929033975,-54.57430250663,
    1.999999999988));
#1857 = CARTESIAN_POINT('',(6.673445162404,-54.49806592065,
    2.000000000013));
#1858 = CARTESIAN_POINT('',(6.831010899121,-54.43133906613,
    1.999999999988));
#1859 = CARTESIAN_POINT('',(6.993275140558,-54.37443991757,
    2.000000000009));
#1860 = CARTESIAN_POINT('',(7.159929490614,-54.32773824091,
    1.999999999994));
#1861 = CARTESIAN_POINT('',(7.3306939778,-54.29168780006,2.000000000003)
  );
#1862 = CARTESIAN_POINT('',(7.505294622843,-54.26686357654,
    1.999999999999));
#1863 = CARTESIAN_POINT('',(7.683432859704,-54.25400403481,2.));
#1864 = CARTESIAN_POINT('',(7.864296950606,-54.25405841176,2.));
#1865 = CARTESIAN_POINT('',(6.501721765493,-57.11966112235,0.5));
#1866 = CARTESIAN_POINT('',(6.501721765492,-57.0979144076,0.5));
#1867 = CARTESIAN_POINT('',(6.502088568661,-57.07625313122,0.5));
#1868 = CARTESIAN_POINT('',(6.502818975504,-57.05468049982,0.5));
#1869 = CARTESIAN_POINT('',(6.50390978658,-57.03319971966,0.5));
#1870 = CARTESIAN_POINT('',(6.505357802363,-57.01181399311,0.5));
#1871 = CARTESIAN_POINT('',(6.507159824165,-56.99052651376,0.5));
#1872 = CARTESIAN_POINT('',(6.509312654923,-56.96934046552,0.5));
#1873 = CARTESIAN_POINT('',(6.511813101261,-56.94825901644,0.5));
#1874 = CARTESIAN_POINT('',(6.514657975035,-56.92728532114,
    0.500000000002));
#1875 = CARTESIAN_POINT('',(6.517844095825,-56.90642251478,
    0.500000000007));
#1876 = CARTESIAN_POINT('',(6.521368293039,-56.88567371628,
    0.500000000024));
#1877 = CARTESIAN_POINT('',(6.525227408299,-56.86504202534,
    0.500000000068));
#1878 = CARTESIAN_POINT('',(6.533609186942,-56.82401902398,0.50000000026
    ));
#1879 = CARTESIAN_POINT('',(6.538131861442,-56.80362773289,0.50000000045
    ));
#1880 = CARTESIAN_POINT('',(6.542983163977,-56.78335971482,
    0.500000000718));
#1881 = CARTESIAN_POINT('',(6.548159959226,-56.76321802165,
    0.500000001067));
#1882 = CARTESIAN_POINT('',(6.553659134173,-56.74320570014,
    0.500000001569));
#1883 = CARTESIAN_POINT('',(6.559477597192,-56.72332577959,
    0.500000002266));
#1884 = CARTESIAN_POINT('',(6.565612279448,-56.70358129095,
    0.500000003323));
#1885 = CARTESIAN_POINT('',(6.572060133138,-56.6839752424,0.500000004833
    ));
#1886 = CARTESIAN_POINT('',(6.578818133317,-56.66451064538,
    0.500000007027));
#1887 = CARTESIAN_POINT('',(6.585883276323,-56.64519049133,
    0.500000010083));
#1888 = CARTESIAN_POINT('',(6.593252580906,-56.62601776912,
    0.500000014272));
#1889 = CARTESIAN_POINT('',(6.60092308756,-56.60699545417,0.500000019863
    ));
#1890 = CARTESIAN_POINT('',(6.624829401411,-56.55038863366,
    0.500000041805));
#1891 = CARTESIAN_POINT('',(6.641958762984,-56.51326521019,
    0.500000058519));
#1892 = CARTESIAN_POINT('',(6.660257759494,-56.47677920466,0.50000008504
    ));
#1893 = CARTESIAN_POINT('',(6.679704077832,-56.44095420243,
    0.500000127994));
#1894 = CARTESIAN_POINT('',(6.700275276067,-56.405814416,0.500000192931)
  );
#1895 = CARTESIAN_POINT('',(6.721948783013,-56.37138467972,
    0.500000284295));
#1896 = CARTESIAN_POINT('',(6.744701898922,-56.337690458,0.500000405471)
  );
#1897 = CARTESIAN_POINT('',(6.768511794577,-56.30475783464,0.50000055872
    ));
#1898 = CARTESIAN_POINT('',(6.793355512272,-56.27261352441,
    0.500000745252));
#1899 = CARTESIAN_POINT('',(6.819209964934,-56.2412848626,0.500000965159
    ));
#1900 = CARTESIAN_POINT('',(6.846051936774,-56.21079981281,
    0.500001217467));
#1901 = CARTESIAN_POINT('',(6.873858082893,-56.18118696221,
    0.500001500103));
#1902 = CARTESIAN_POINT('',(6.960098622621,-56.09505264708,
    0.500002429525));
#1903 = CARTESIAN_POINT('',(7.021353581143,-56.04124480382,
    0.500003112689));
#1904 = CARTESIAN_POINT('',(7.086155074169,-55.99127348289,
    0.500003883917));
#1905 = CARTESIAN_POINT('',(7.154287017606,-55.94539199087,
    0.500004520516));
#1906 = CARTESIAN_POINT('',(7.225509000678,-55.90386878867,
    0.500004755767));
#1907 = CARTESIAN_POINT('',(7.299540797765,-55.86697168372,
    0.500004420045));
#1908 = CARTESIAN_POINT('',(7.376054361561,-55.83495285779,
    0.500003519719));
#1909 = CARTESIAN_POINT('',(7.454673303282,-55.80803475874,
    0.500002254083));
#1910 = CARTESIAN_POINT('',(7.534979852946,-55.78639682231,
    0.500000969995));
#1911 = CARTESIAN_POINT('',(7.616529306972,-55.77016305867,
    0.500000054568));
#1912 = CARTESIAN_POINT('',(7.698871956651,-55.75939047316,
    0.499999765603));
#1913 = CARTESIAN_POINT('',(7.781582502399,-55.75405834431,0.5));
#1914 = CARTESIAN_POINT('',(7.864296950606,-55.7540583443,0.5));
#1915 = ADVANCED_FACE('',(#1916),#1939,.T.);
#1916 = FACE_BOUND('',#1917,.T.);
#1917 = EDGE_LOOP('',(#1918,#1925,#1937,#1938));
#1918 = ORIENTED_EDGE('',*,*,#1919,.T.);
#1919 = EDGE_CURVE('',#473,#1920,#1922,.T.);
#1920 = VERTEX_POINT('',#1921);
#1921 = CARTESIAN_POINT('',(7.864296950606,-58.4852639004,0.5));
#1922 = B_SPLINE_CURVE_WITH_KNOTS('',1,(#1923,#1924),.UNSPECIFIED.,.F.,
  .F.,(2,2),(0.,2.143054490471),.PIECEWISE_BEZIER_KNOTS.);
#1923 = CARTESIAN_POINT('',(7.864296950606,-59.98526383325,2.));
#1924 = CARTESIAN_POINT('',(7.864296950606,-58.4852639004,0.5));
#1925 = ORIENTED_EDGE('',*,*,#1926,.T.);
#1926 = EDGE_CURVE('',#1920,#1748,#1927,.T.);
#1927 = B_SPLINE_CURVE_WITH_KNOTS('',8,(#1928,#1929,#1930,#1931,#1932,
    #1933,#1934,#1935,#1936),.UNSPECIFIED.,.F.,.F.,(9,9),(6.424162894923
    ,8.570230114293),.PIECEWISE_BEZIER_KNOTS.);
#1928 = CARTESIAN_POINT('',(7.864296950606,-58.4852639004,0.5));
#1929 = CARTESIAN_POINT('',(7.59547499404,-58.4852639004,0.5));
#1930 = CARTESIAN_POINT('',(7.326792572012,-58.42598533839,
    0.499996348287));
#1931 = CARTESIAN_POINT('',(7.072309424749,-58.30315265303,
    0.500030293648));
#1932 = CARTESIAN_POINT('',(6.860338760712,-58.12490809309,
    0.499977306532));
#1933 = CARTESIAN_POINT('',(6.68967523426,-57.91493202512,0.500009238705
    ));
#1934 = CARTESIAN_POINT('',(6.567088589965,-57.67050226905,
    0.499998172474));
#1935 = CARTESIAN_POINT('',(6.501721765493,-57.40289758074,0.5));
#1936 = CARTESIAN_POINT('',(6.501721765493,-57.11966112235,0.5));
#1937 = ORIENTED_EDGE('',*,*,#1747,.F.);
#1938 = ORIENTED_EDGE('',*,*,#487,.F.);
#1939 = B_SPLINE_SURFACE_WITH_KNOTS('',1,8,(
    (#1940,#1941,#1942,#1943,#1944,#1945,#1946,#1947,#1948)
    ,(#1949,#1950,#1951,#1952,#1953,#1954,#1955,#1956,#1957
  )),.UNSPECIFIED.,.F.,.F.,.F.,(2,2),(9,9),(0.,2.14606721937),(
    6.424162894923,8.570230114293),.PIECEWISE_BEZIER_KNOTS.);
#1940 = CARTESIAN_POINT('',(7.864296950606,-59.98526383325,2.));
#1941 = CARTESIAN_POINT('',(7.276214649848,-59.98543992953,2.));
#1942 = CARTESIAN_POINT('',(6.722695524484,-59.84221058794,2.));
#1943 = CARTESIAN_POINT('',(6.219267358918,-59.59407260024,2.));
#1944 = CARTESIAN_POINT('',(5.767738213228,-59.24451388868,2.));
#1945 = CARTESIAN_POINT('',(5.399553527423,-58.79847814088,2.));
#1946 = CARTESIAN_POINT('',(5.137069196505,-58.2767412822,2.));
#1947 = CARTESIAN_POINT('',(5.001721765493,-57.70593745519,2.));
#1948 = CARTESIAN_POINT('',(5.001721765493,-57.11966112235,2.));
#1949 = CARTESIAN_POINT('',(7.864296950606,-58.4852639004,0.5));
#1950 = CARTESIAN_POINT('',(7.59547499404,-58.4852639004,0.5));
#1951 = CARTESIAN_POINT('',(7.326792572012,-58.42598533839,
    0.499996348287));
#1952 = CARTESIAN_POINT('',(7.072309424749,-58.30315265303,
    0.500030293648));
#1953 = CARTESIAN_POINT('',(6.860338760712,-58.12490809309,
    0.499977306532));
#1954 = CARTESIAN_POINT('',(6.68967523426,-57.91493202512,0.500009238705
    ));
#1955 = CARTESIAN_POINT('',(6.567088589965,-57.67050226905,
    0.499998172474));
#1956 = CARTESIAN_POINT('',(6.501721765493,-57.40289758074,0.5));
#1957 = CARTESIAN_POINT('',(6.501721765493,-57.11966112235,0.5));
#1958 = ADVANCED_FACE('',(#1959),#1983,.T.);
#1959 = FACE_BOUND('',#1960,.T.);
#1960 = EDGE_LOOP('',(#1961,#1962,#1977,#1982));
#1961 = ORIENTED_EDGE('',*,*,#1809,.T.);
#1962 = ORIENTED_EDGE('',*,*,#1963,.T.);
#1963 = EDGE_CURVE('',#1755,#1964,#1966,.T.);
#1964 = VERTEX_POINT('',#1965);
#1965 = CARTESIAN_POINT('',(9.225816148751,-57.11966112235,0.5));
#1966 = B_SPLINE_CURVE_WITH_KNOTS('',9,(#1967,#1968,#1969,#1970,#1971,
    #1972,#1973,#1974,#1975,#1976),.UNSPECIFIED.,.F.,.F.,(10,10),(
    2.142057752356,4.281108404452),.PIECEWISE_BEZIER_KNOTS.);
#1967 = CARTESIAN_POINT('',(7.864296950606,-55.7540583443,0.5));
#1968 = CARTESIAN_POINT('',(8.102914350097,-55.7540583443,0.5));
#1969 = CARTESIAN_POINT('',(8.341593272854,-55.8003662821,0.499997322686
    ));
#1970 = CARTESIAN_POINT('',(8.570589819975,-55.89517378055,0.50001891331
    ));
#1971 = CARTESIAN_POINT('',(8.77351559709,-56.03654668911,0.500003386043
    ));
#1972 = CARTESIAN_POINT('',(8.944053075833,-56.20748178052,
    0.500003208767));
#1973 = CARTESIAN_POINT('',(9.085100997482,-56.41109143847,
    0.500019521368));
#1974 = CARTESIAN_POINT('',(9.179664561367,-56.64083299979,
    0.499997281103));
#1975 = CARTESIAN_POINT('',(9.225816148751,-56.88031937419,0.5));
#1976 = CARTESIAN_POINT('',(9.225816148751,-57.11966112235,0.5));
#1977 = ORIENTED_EDGE('',*,*,#1978,.F.);
#1978 = EDGE_CURVE('',#458,#1964,#1979,.T.);
#1979 = B_SPLINE_CURVE_WITH_KNOTS('',1,(#1980,#1981),.UNSPECIFIED.,.F.,
  .F.,(2,2),(0.,2.139050652095),.PIECEWISE_BEZIER_KNOTS.);
#1980 = CARTESIAN_POINT('',(10.725816030522,-57.11966112235,2.));
#1981 = CARTESIAN_POINT('',(9.225816148751,-57.11966112235,0.5));
#1982 = ORIENTED_EDGE('',*,*,#457,.F.);
#1983 = B_SPLINE_SURFACE_WITH_KNOTS('',1,9,(
    (#1984,#1985,#1986,#1987,#1988,#1989,#1990,#1991,#1992,#1993)
    ,(#1994,#1995,#1996,#1997,#1998,#1999,#2000,#2001,#2002,#2003
  )),.UNSPECIFIED.,.F.,.F.,.F.,(2,2),(10,10),(0.,2.139050652095),(
    2.142057752356,4.281108404452),.PIECEWISE_BEZIER_KNOTS.);
#1984 = CARTESIAN_POINT('',(7.864296950606,-54.25405841176,2.));
#1985 = CARTESIAN_POINT('',(8.38780733499,-54.25421528024,2.));
#1986 = CARTESIAN_POINT('',(8.883686403529,-54.36588725806,2.));
#1987 = CARTESIAN_POINT('',(9.345428432807,-54.56415254358,2.));
#1988 = CARTESIAN_POINT('',(9.77169151009,-54.84461589703,2.));
#1989 = CARTESIAN_POINT('',(10.139154099452,-55.21376739454,2.));
#1990 = CARTESIAN_POINT('',(10.417917173481,-55.64029289404,2.));
#1991 = CARTESIAN_POINT('',(10.614720143992,-56.10188012424,2.));
#1992 = CARTESIAN_POINT('',(10.725608712715,-56.59690205319,2.));
#1993 = CARTESIAN_POINT('',(10.725816030522,-57.11966112235,2.));
#1994 = CARTESIAN_POINT('',(7.864296950606,-55.7540583443,0.5));
#1995 = CARTESIAN_POINT('',(8.102914350097,-55.7540583443,0.5));
#1996 = CARTESIAN_POINT('',(8.341593272854,-55.8003662821,0.499997322686
    ));
#1997 = CARTESIAN_POINT('',(8.570589819975,-55.89517378055,0.50001891331
    ));
#1998 = CARTESIAN_POINT('',(8.77351559709,-56.03654668911,0.500003386043
    ));
#1999 = CARTESIAN_POINT('',(8.944053075833,-56.20748178052,
    0.500003208767));
#2000 = CARTESIAN_POINT('',(9.085100997482,-56.41109143847,
    0.500019521368));
#2001 = CARTESIAN_POINT('',(9.179664561367,-56.64083299979,
    0.499997281103));
#2002 = CARTESIAN_POINT('',(9.225816148751,-56.88031937419,0.5));
#2003 = CARTESIAN_POINT('',(9.225816148751,-57.11966112235,0.5));
#2004 = ADVANCED_FACE('',(#2005),#2023,.T.);
#2005 = FACE_BOUND('',#2006,.T.);
#2006 = EDGE_LOOP('',(#2007,#2008,#2021,#2022));
#2007 = ORIENTED_EDGE('',*,*,#1978,.T.);
#2008 = ORIENTED_EDGE('',*,*,#2009,.T.);
#2009 = EDGE_CURVE('',#1964,#1920,#2010,.T.);
#2010 = B_SPLINE_CURVE_WITH_KNOTS('',9,(#2011,#2012,#2013,#2014,#2015,
    #2016,#2017,#2018,#2019,#2020),.UNSPECIFIED.,.F.,.F.,(10,10),(
    4.281108404452,6.424162894923),.PIECEWISE_BEZIER_KNOTS.);
#2011 = CARTESIAN_POINT('',(9.225816148751,-57.11966112235,0.5));
#2012 = CARTESIAN_POINT('',(9.225816148751,-57.3594508663,0.5));
#2013 = CARTESIAN_POINT('',(9.179663531208,-57.59908717962,
    0.499997150934));
#2014 = CARTESIAN_POINT('',(9.085176120964,-57.82888673261,0.50001787326
    ));
#2015 = CARTESIAN_POINT('',(8.944114702857,-58.03249101695,
    0.500004698262));
#2016 = CARTESIAN_POINT('',(8.773530585831,-58.20329105348,0.50000239974
    ));
#2017 = CARTESIAN_POINT('',(8.570573046042,-58.34444642325,
    0.500019270092));
#2018 = CARTESIAN_POINT('',(8.341593092511,-58.43906184607,
    0.499997241604));
#2019 = CARTESIAN_POINT('',(8.102914349998,-58.4852639004,0.5));
#2020 = CARTESIAN_POINT('',(7.864296950606,-58.4852639004,0.5));
#2021 = ORIENTED_EDGE('',*,*,#1919,.F.);
#2022 = ORIENTED_EDGE('',*,*,#472,.F.);
#2023 = B_SPLINE_SURFACE_WITH_KNOTS('',1,9,(
    (#2024,#2025,#2026,#2027,#2028,#2029,#2030,#2031,#2032,#2033)
    ,(#2034,#2035,#2036,#2037,#2038,#2039,#2040,#2041,#2042,#2043
  )),.UNSPECIFIED.,.F.,.F.,.F.,(2,2),(10,10),(0.,2.143054490471),(
    4.281108404452,6.424162894923),.PIECEWISE_BEZIER_KNOTS.);
#2024 = CARTESIAN_POINT('',(10.725816030522,-57.11966112235,2.));
#2025 = CARTESIAN_POINT('',(10.726023736384,-57.64220645979,2.));
#2026 = CARTESIAN_POINT('',(10.615114986364,-58.13804429746,2.));
#2027 = CARTESIAN_POINT('',(10.418008352935,-58.60004159653,2.));
#2028 = CARTESIAN_POINT('',(10.138990304656,-59.02679105111,2.));
#2029 = CARTESIAN_POINT('',(9.77098374979,-59.39598578988,2.));
#2030 = CARTESIAN_POINT('',(9.344400390134,-59.67606915253,2.));
#2031 = CARTESIAN_POINT('',(8.882620239314,-59.8738359603,2.));
#2032 = CARTESIAN_POINT('',(8.387150142534,-59.98510752297,2.));
#2033 = CARTESIAN_POINT('',(7.864296950606,-59.98526383325,2.));
#2034 = CARTESIAN_POINT('',(9.225816148751,-57.11966112235,0.5));
#2035 = CARTESIAN_POINT('',(9.225816148751,-57.3594508663,0.5));
#2036 = CARTESIAN_POINT('',(9.179663531208,-57.59908717962,
    0.499997150934));
#2037 = CARTESIAN_POINT('',(9.085176120964,-57.82888673261,0.50001787326
    ));
#2038 = CARTESIAN_POINT('',(8.944114702857,-58.03249101695,
    0.500004698262));
#2039 = CARTESIAN_POINT('',(8.773530585831,-58.20329105348,0.50000239974
    ));
#2040 = CARTESIAN_POINT('',(8.570573046042,-58.34444642325,
    0.500019270092));
#2041 = CARTESIAN_POINT('',(8.341593092511,-58.43906184607,
    0.499997241604));
#2042 = CARTESIAN_POINT('',(8.102914349998,-58.4852639004,0.5));
#2043 = CARTESIAN_POINT('',(7.864296950606,-58.4852639004,0.5));
#2044 = ADVANCED_FACE('',(#2045),#2071,.F.);
#2045 = FACE_BOUND('',#2046,.F.);
#2046 = EDGE_LOOP('',(#2047,#2055,#2056,#2064));
#2047 = ORIENTED_EDGE('',*,*,#2048,.T.);
#2048 = EDGE_CURVE('',#2049,#508,#2051,.T.);
#2049 = VERTEX_POINT('',#2050);
#2050 = CARTESIAN_POINT('',(66.161113537549,-9.136238890687,0.));
#2051 = LINE('',#2052,#2053);
#2052 = CARTESIAN_POINT('',(66.161113537549,-9.136238890687,0.));
#2053 = VECTOR('',#2054,1.);
#2054 = DIRECTION('',(0.,0.,1.));
#2055 = ORIENTED_EDGE('',*,*,#514,.T.);
#2056 = ORIENTED_EDGE('',*,*,#2057,.F.);
#2057 = EDGE_CURVE('',#2058,#515,#2060,.T.);
#2058 = VERTEX_POINT('',#2059);
#2059 = CARTESIAN_POINT('',(64.79818635678,-7.770636112641,0.));
#2060 = LINE('',#2061,#2062);
#2061 = CARTESIAN_POINT('',(64.79818635678,-7.770636112641,0.));
#2062 = VECTOR('',#2063,1.);
#2063 = DIRECTION('',(0.,0.,1.));
#2064 = ORIENTED_EDGE('',*,*,#2065,.F.);
#2065 = EDGE_CURVE('',#2049,#2058,#2066,.T.);
#2066 = B_SPLINE_CURVE_WITH_KNOTS('',3,(#2067,#2068,#2069,#2070),
  .UNSPECIFIED.,.F.,.F.,(4,4),(0.,1.),.PIECEWISE_BEZIER_KNOTS.);
#2067 = CARTESIAN_POINT('',(66.161113537549,-9.136238890687,0.));
#2068 = CARTESIAN_POINT('',(65.408546824614,-9.136238890687,0.));
#2069 = CARTESIAN_POINT('',(64.79818635678,-8.5245222239,0.));
#2070 = CARTESIAN_POINT('',(64.79818635678,-7.770636112641,0.));
#2071 = SURFACE_OF_LINEAR_EXTRUSION('',#2072,#2077);
#2072 = B_SPLINE_CURVE_WITH_KNOTS('',3,(#2073,#2074,#2075,#2076),
  .UNSPECIFIED.,.F.,.F.,(4,4),(0.,1.),.PIECEWISE_BEZIER_KNOTS.);
#2073 = CARTESIAN_POINT('',(66.161113537549,-9.136238890687,0.));
#2074 = CARTESIAN_POINT('',(65.408546824614,-9.136238890687,0.));
#2075 = CARTESIAN_POINT('',(64.79818635678,-8.5245222239,0.));
#2076 = CARTESIAN_POINT('',(64.79818635678,-7.770636112641,0.));
#2077 = VECTOR('',#2078,1.);
#2078 = DIRECTION('',(0.,0.,-1.));
#2079 = ADVANCED_FACE('',(#2080),#2099,.F.);
#2080 = FACE_BOUND('',#2081,.F.);
#2081 = EDGE_LOOP('',(#2082,#2090,#2091,#2092));
#2082 = ORIENTED_EDGE('',*,*,#2083,.T.);
#2083 = EDGE_CURVE('',#2084,#608,#2086,.T.);
#2084 = VERTEX_POINT('',#2085);
#2085 = CARTESIAN_POINT('',(67.523688722662,-7.770636112641,0.));
#2086 = LINE('',#2087,#2088);
#2087 = CARTESIAN_POINT('',(67.523688722662,-7.770636112641,0.));
#2088 = VECTOR('',#2089,1.);
#2089 = DIRECTION('',(0.,0.,1.));
#2090 = ORIENTED_EDGE('',*,*,#614,.T.);
#2091 = ORIENTED_EDGE('',*,*,#2048,.F.);
#2092 = ORIENTED_EDGE('',*,*,#2093,.F.);
#2093 = EDGE_CURVE('',#2084,#2049,#2094,.T.);
#2094 = B_SPLINE_CURVE_WITH_KNOTS('',3,(#2095,#2096,#2097,#2098),
  .UNSPECIFIED.,.F.,.F.,(4,4),(0.,1.),.PIECEWISE_BEZIER_KNOTS.);
#2095 = CARTESIAN_POINT('',(67.523688722662,-7.770636112641,0.));
#2096 = CARTESIAN_POINT('',(67.523688722662,-8.5245222239,0.));
#2097 = CARTESIAN_POINT('',(66.913328254828,-9.136238890687,0.));
#2098 = CARTESIAN_POINT('',(66.161113537549,-9.136238890687,0.));
#2099 = SURFACE_OF_LINEAR_EXTRUSION('',#2100,#2105);
#2100 = B_SPLINE_CURVE_WITH_KNOTS('',3,(#2101,#2102,#2103,#2104),
  .UNSPECIFIED.,.F.,.F.,(4,4),(0.,1.),.PIECEWISE_BEZIER_KNOTS.);
#2101 = CARTESIAN_POINT('',(67.523688722662,-7.770636112641,0.));
#2102 = CARTESIAN_POINT('',(67.523688722662,-8.5245222239,0.));
#2103 = CARTESIAN_POINT('',(66.913328254828,-9.136238890687,0.));
#2104 = CARTESIAN_POINT('',(66.161113537549,-9.136238890687,0.));
#2105 = VECTOR('',#2106,1.);
#2106 = DIRECTION('',(0.,0.,-1.));
#2107 = ADVANCED_FACE('',(#2108),#2127,.F.);
#2108 = FACE_BOUND('',#2109,.F.);
#2109 = EDGE_LOOP('',(#2110,#2111,#2112,#2120));
#2110 = ORIENTED_EDGE('',*,*,#2057,.T.);
#2111 = ORIENTED_EDGE('',*,*,#651,.T.);
#2112 = ORIENTED_EDGE('',*,*,#2113,.F.);
#2113 = EDGE_CURVE('',#2114,#652,#2116,.T.);
#2114 = VERTEX_POINT('',#2115);
#2115 = CARTESIAN_POINT('',(66.161113537549,-6.405033334594,0.));
#2116 = LINE('',#2117,#2118);
#2117 = CARTESIAN_POINT('',(66.161113537549,-6.405033334594,0.));
#2118 = VECTOR('',#2119,1.);
#2119 = DIRECTION('',(0.,0.,1.));
#2120 = ORIENTED_EDGE('',*,*,#2121,.F.);
#2121 = EDGE_CURVE('',#2058,#2114,#2122,.T.);
#2122 = B_SPLINE_CURVE_WITH_KNOTS('',3,(#2123,#2124,#2125,#2126),
  .UNSPECIFIED.,.F.,.F.,(4,4),(0.,1.),.PIECEWISE_BEZIER_KNOTS.);
#2123 = CARTESIAN_POINT('',(64.79818635678,-7.770636112641,0.));
#2124 = CARTESIAN_POINT('',(64.79818635678,-7.017102779159,0.));
#2125 = CARTESIAN_POINT('',(65.408546824614,-6.405033334594,0.));
#2126 = CARTESIAN_POINT('',(66.161113537549,-6.405033334594,0.));
#2127 = SURFACE_OF_LINEAR_EXTRUSION('',#2128,#2133);
#2128 = B_SPLINE_CURVE_WITH_KNOTS('',3,(#2129,#2130,#2131,#2132),
  .UNSPECIFIED.,.F.,.F.,(4,4),(0.,1.),.PIECEWISE_BEZIER_KNOTS.);
#2129 = CARTESIAN_POINT('',(64.79818635678,-7.770636112641,0.));
#2130 = CARTESIAN_POINT('',(64.79818635678,-7.017102779159,0.));
#2131 = CARTESIAN_POINT('',(65.408546824614,-6.405033334594,0.));
#2132 = CARTESIAN_POINT('',(66.161113537549,-6.405033334594,0.));
#2133 = VECTOR('',#2134,1.);
#2134 = DIRECTION('',(0.,0.,-1.));
#2135 = ADVANCED_FACE('',(#2136),#2148,.F.);
#2136 = FACE_BOUND('',#2137,.F.);
#2137 = EDGE_LOOP('',(#2138,#2139,#2140,#2141));
#2138 = ORIENTED_EDGE('',*,*,#2113,.T.);
#2139 = ORIENTED_EDGE('',*,*,#697,.T.);
#2140 = ORIENTED_EDGE('',*,*,#2083,.F.);
#2141 = ORIENTED_EDGE('',*,*,#2142,.F.);
#2142 = EDGE_CURVE('',#2114,#2084,#2143,.T.);
#2143 = B_SPLINE_CURVE_WITH_KNOTS('',3,(#2144,#2145,#2146,#2147),
  .UNSPECIFIED.,.F.,.F.,(4,4),(0.,1.),.PIECEWISE_BEZIER_KNOTS.);
#2144 = CARTESIAN_POINT('',(66.161113537549,-6.405033334594,0.));
#2145 = CARTESIAN_POINT('',(66.913328254828,-6.405033334594,0.));
#2146 = CARTESIAN_POINT('',(67.523688722662,-7.017102779159,0.));
#2147 = CARTESIAN_POINT('',(67.523688722662,-7.770636112641,0.));
#2148 = SURFACE_OF_LINEAR_EXTRUSION('',#2149,#2154);
#2149 = B_SPLINE_CURVE_WITH_KNOTS('',3,(#2150,#2151,#2152,#2153),
  .UNSPECIFIED.,.F.,.F.,(4,4),(0.,1.),.PIECEWISE_BEZIER_KNOTS.);
#2150 = CARTESIAN_POINT('',(66.161113537549,-6.405033334594,0.));
#2151 = CARTESIAN_POINT('',(66.913328254828,-6.405033334594,0.));
#2152 = CARTESIAN_POINT('',(67.523688722662,-7.017102779159,0.));
#2153 = CARTESIAN_POINT('',(67.523688722662,-7.770636112641,0.));
#2154 = VECTOR('',#2155,1.);
#2155 = DIRECTION('',(0.,0.,-1.));
#2156 = ADVANCED_FACE('',(#2157),#2191,.T.);
#2157 = FACE_BOUND('',#2158,.T.);
#2158 = EDGE_LOOP('',(#2159,#2167,#2168,#2176));
#2159 = ORIENTED_EDGE('',*,*,#2160,.T.);
#2160 = EDGE_CURVE('',#2161,#737,#2163,.T.);
#2161 = VERTEX_POINT('',#2162);
#2162 = CARTESIAN_POINT('',(88.774770551098,-7.214037530639,0.6));
#2163 = LINE('',#2164,#2165);
#2164 = CARTESIAN_POINT('',(88.774770551098,-7.214037530639,0.));
#2165 = VECTOR('',#2166,1.);
#2166 = DIRECTION('',(0.,0.,1.));
#2167 = ORIENTED_EDGE('',*,*,#744,.T.);
#2168 = ORIENTED_EDGE('',*,*,#2169,.F.);
#2169 = EDGE_CURVE('',#2170,#745,#2172,.T.);
#2170 = VERTEX_POINT('',#2171);
#2171 = CARTESIAN_POINT('',(88.774770551098,-57.71644564809,0.6));
#2172 = LINE('',#2173,#2174);
#2173 = CARTESIAN_POINT('',(88.774770551098,-57.71644564809,0.));
#2174 = VECTOR('',#2175,1.);
#2175 = DIRECTION('',(0.,0.,1.));
#2176 = ORIENTED_EDGE('',*,*,#2177,.F.);
#2177 = EDGE_CURVE('',#2161,#2170,#2178,.T.);
#2178 = ( BOUNDED_CURVE() B_SPLINE_CURVE(11,(#2179,#2180,#2181,#2182,
    #2183,#2184,#2185,#2186,#2187,#2188,#2189,#2190),.UNSPECIFIED.,.F.,
.F.) B_SPLINE_CURVE_WITH_KNOTS((12,12),(4.6E-16,50.986191561895),
.PIECEWISE_BEZIER_KNOTS.) CURVE() GEOMETRIC_REPRESENTATION_ITEM() 
RATIONAL_B_SPLINE_CURVE((1.,1.,1.,0.999999999999,1.000000000001,
    0.999999999998,1.000000000002,0.999999999999,1.000000000001,1.,1.,1.
)) REPRESENTATION_ITEM('') );
#2179 = CARTESIAN_POINT('',(88.774770551098,-7.214037530639,0.6));
#2180 = CARTESIAN_POINT('',(88.774770551098,-11.80516554131,0.6));
#2181 = CARTESIAN_POINT('',(88.774770551098,-16.39615369517,0.6));
#2182 = CARTESIAN_POINT('',(88.774770551098,-20.98831597475,0.6));
#2183 = CARTESIAN_POINT('',(88.774770551098,-25.58219830899,0.6));
#2184 = CARTESIAN_POINT('',(88.774770551098,-30.2043605033,0.6));
#2185 = CARTESIAN_POINT('',(88.774770551098,-34.82083351932,0.6));
#2186 = CARTESIAN_POINT('',(88.774770551098,-39.51992992399,0.6));
#2187 = CARTESIAN_POINT('',(88.774770551098,-44.1992725113,0.6));
#2188 = CARTESIAN_POINT('',(88.774770551098,-48.8518090155,0.6));
#2189 = CARTESIAN_POINT('',(88.774770551098,-53.15220456834,0.6));
#2190 = CARTESIAN_POINT('',(88.774770551098,-57.71644564809,0.6));
#2191 = SURFACE_OF_LINEAR_EXTRUSION('',#2192,#2195);
#2192 = B_SPLINE_CURVE_WITH_KNOTS('',1,(#2193,#2194),.UNSPECIFIED.,.F.,
  .F.,(2,2),(0.,146.193),.PIECEWISE_BEZIER_KNOTS.);
#2193 = CARTESIAN_POINT('',(88.774770551098,-7.214037530639,0.));
#2194 = CARTESIAN_POINT('',(88.774770551098,-57.71644564809,0.));
#2195 = VECTOR('',#2196,1.);
#2196 = DIRECTION('',(0.,0.,-1.));
#2197 = ADVANCED_FACE('',(#2198),#2225,.T.);
#2198 = FACE_BOUND('',#2199,.T.);
#2199 = EDGE_LOOP('',(#2200,#2208,#2209,#2210));
#2200 = ORIENTED_EDGE('',*,*,#2201,.T.);
#2201 = EDGE_CURVE('',#2202,#809,#2204,.T.);
#2202 = VERTEX_POINT('',#2203);
#2203 = CARTESIAN_POINT('',(85.751112331449,-4.252492553856,0.6));
#2204 = LINE('',#2205,#2206);
#2205 = CARTESIAN_POINT('',(85.751112331449,-4.252492553856,0.));
#2206 = VECTOR('',#2207,1.);
#2207 = DIRECTION('',(0.,0.,1.));
#2208 = ORIENTED_EDGE('',*,*,#816,.T.);
#2209 = ORIENTED_EDGE('',*,*,#2160,.F.);
#2210 = ORIENTED_EDGE('',*,*,#2211,.F.);
#2211 = EDGE_CURVE('',#2202,#2161,#2212,.T.);
#2212 = ( BOUNDED_CURVE() B_SPLINE_CURVE(11,(#2213,#2214,#2215,#2216,
    #2217,#2218,#2219,#2220,#2221,#2222,#2223,#2224),.UNSPECIFIED.,.F.,
.F.) B_SPLINE_CURVE_WITH_KNOTS((12,12),(277.7026927771,282.65682088951),
.PIECEWISE_BEZIER_KNOTS.) CURVE() GEOMETRIC_REPRESENTATION_ITEM() 
RATIONAL_B_SPLINE_CURVE((1.,1.,1.,0.999999999999,1.000000000001,
    0.999999999999,1.000000000001,0.999999999999,1.000000000001,1.,1.,1.
)) REPRESENTATION_ITEM('') );
#2213 = CARTESIAN_POINT('',(85.751112331449,-4.252492553856,0.6));
#2214 = CARTESIAN_POINT('',(86.202969910061,-4.252492553856,0.6));
#2215 = CARTESIAN_POINT('',(86.642576278215,-4.323622706912,0.6));
#2216 = CARTESIAN_POINT('',(87.076134472585,-4.462573274273,0.6));
#2217 = CARTESIAN_POINT('',(87.473542415684,-4.674429466104,0.6));
#2218 = CARTESIAN_POINT('',(87.811476946226,-4.939609849966,0.6));
#2219 = CARTESIAN_POINT('',(88.099988237333,-5.222546288994,0.6));
#2220 = CARTESIAN_POINT('',(88.358548415016,-5.559783042222,0.6));
#2221 = CARTESIAN_POINT('',(88.559092407536,-5.932234317048,0.6));
#2222 = CARTESIAN_POINT('',(88.70104153143,-6.338788351086,0.6));
#2223 = CARTESIAN_POINT('',(88.774770551098,-6.767935642097,0.6));
#2224 = CARTESIAN_POINT('',(88.774770551098,-7.214037530639,0.6));
#2225 = SURFACE_OF_LINEAR_EXTRUSION('',#2226,#2231);
#2226 = B_SPLINE_CURVE_WITH_KNOTS('',3,(#2227,#2228,#2229,#2230),
  .UNSPECIFIED.,.F.,.F.,(4,4),(0.,1.),.PIECEWISE_BEZIER_KNOTS.);
#2227 = CARTESIAN_POINT('',(85.751112331449,-4.252492553856,0.));
#2228 = CARTESIAN_POINT('',(87.421515046422,-4.252492553856,0.));
#2229 = CARTESIAN_POINT('',(88.774770551098,-5.578330605984,0.));
#2230 = CARTESIAN_POINT('',(88.774770551098,-7.214037530639,0.));
#2231 = VECTOR('',#2232,1.);
#2232 = DIRECTION('',(0.,0.,-1.));
#2233 = ADVANCED_FACE('',(#2234),#2262,.T.);
#2234 = FACE_BOUND('',#2235,.T.);
#2235 = EDGE_LOOP('',(#2236,#2237,#2238,#2246));
#2236 = ORIENTED_EDGE('',*,*,#2169,.T.);
#2237 = ORIENTED_EDGE('',*,*,#874,.T.);
#2238 = ORIENTED_EDGE('',*,*,#2239,.F.);
#2239 = EDGE_CURVE('',#2240,#875,#2242,.T.);
#2240 = VERTEX_POINT('',#2241);
#2241 = CARTESIAN_POINT('',(85.751112331449,-60.67626337363,0.6));
#2242 = LINE('',#2243,#2244);
#2243 = CARTESIAN_POINT('',(85.751112331449,-60.67626337363,0.));
#2244 = VECTOR('',#2245,1.);
#2245 = DIRECTION('',(0.,0.,1.));
#2246 = ORIENTED_EDGE('',*,*,#2247,.F.);
#2247 = EDGE_CURVE('',#2170,#2240,#2248,.T.);
#2248 = ( BOUNDED_CURVE() B_SPLINE_CURVE(12,(#2249,#2250,#2251,#2252,
    #2253,#2254,#2255,#2256,#2257,#2258,#2259,#2260,#2261),
.UNSPECIFIED.,.F.,.F.) B_SPLINE_CURVE_WITH_KNOTS((13,13),(
50.986191561895,55.936134560794),.PIECEWISE_BEZIER_KNOTS.) CURVE() 
GEOMETRIC_REPRESENTATION_ITEM() RATIONAL_B_SPLINE_CURVE((1.,1.,1.,1.,1.,
1.,1.,1.,1.,1.,1.,1.,1.)) REPRESENTATION_ITEM('') );
#2249 = CARTESIAN_POINT('',(88.774770551098,-57.71644564809,0.6));
#2250 = CARTESIAN_POINT('',(88.774770551098,-58.12263416264,0.6));
#2251 = CARTESIAN_POINT('',(88.714027740703,-58.51887102146,0.6));
#2252 = CARTESIAN_POINT('',(88.594699712918,-58.91046275606,0.6));
#2253 = CARTESIAN_POINT('',(88.415109257253,-59.27070936604,0.6));
#2254 = CARTESIAN_POINT('',(88.185398762064,-59.59563630585,0.6));
#2255 = CARTESIAN_POINT('',(87.934800261825,-59.85101837558,0.6));
#2256 = CARTESIAN_POINT('',(87.669948003747,-60.1023112807,0.6));
#2257 = CARTESIAN_POINT('',(87.336944299851,-60.32490818587,0.6));
#2258 = CARTESIAN_POINT('',(86.968684357711,-60.50093511654,0.6));
#2259 = CARTESIAN_POINT('',(86.569141623047,-60.61702133278,0.6));
#2260 = CARTESIAN_POINT('',(86.1653071532,-60.67626337363,0.6));
#2261 = CARTESIAN_POINT('',(85.751112331449,-60.67626337363,0.6));
#2262 = SURFACE_OF_LINEAR_EXTRUSION('',#2263,#2268);
#2263 = B_SPLINE_CURVE_WITH_KNOTS('',3,(#2264,#2265,#2266,#2267),
  .UNSPECIFIED.,.F.,.F.,(4,4),(0.,1.),.PIECEWISE_BEZIER_KNOTS.);
#2264 = CARTESIAN_POINT('',(88.774770551098,-57.71644564809,0.));
#2265 = CARTESIAN_POINT('',(88.774770551098,-59.35077077175,0.));
#2266 = CARTESIAN_POINT('',(87.421515046422,-60.67626337363,0.));
#2267 = CARTESIAN_POINT('',(85.751112331449,-60.67626337363,0.));
#2268 = VECTOR('',#2269,1.);
#2269 = DIRECTION('',(0.,0.,-1.));
#2270 = ADVANCED_FACE('',(#2271),#2298,.T.);
#2271 = FACE_BOUND('',#2272,.T.);
#2272 = EDGE_LOOP('',(#2273,#2281,#2282,#2283));
#2273 = ORIENTED_EDGE('',*,*,#2274,.T.);
#2274 = EDGE_CURVE('',#2275,#943,#2277,.T.);
#2275 = VERTEX_POINT('',#2276);
#2276 = CARTESIAN_POINT('',(4.325770948469,-4.252492553856,0.6));
#2277 = LINE('',#2278,#2279);
#2278 = CARTESIAN_POINT('',(4.325770948469,-4.252492553856,0.));
#2279 = VECTOR('',#2280,1.);
#2280 = DIRECTION('',(0.,0.,1.));
#2281 = ORIENTED_EDGE('',*,*,#950,.T.);
#2282 = ORIENTED_EDGE('',*,*,#2201,.F.);
#2283 = ORIENTED_EDGE('',*,*,#2284,.F.);
#2284 = EDGE_CURVE('',#2275,#2202,#2285,.T.);
#2285 = ( BOUNDED_CURVE() B_SPLINE_CURVE(11,(#2286,#2287,#2288,#2289,
    #2290,#2291,#2292,#2293,#2294,#2295,#2296,#2297),.UNSPECIFIED.,.F.,
.F.) B_SPLINE_CURVE_WITH_KNOTS((12,12),(197.20482457012,277.7026927771),
.PIECEWISE_BEZIER_KNOTS.) CURVE() GEOMETRIC_REPRESENTATION_ITEM() 
RATIONAL_B_SPLINE_CURVE((1.,1.,1.,1.000000000001,0.999999999999,
    1.000000000001,0.999999999999,1.000000000001,1.,1.,1.,1.)) 
REPRESENTATION_ITEM('') );
#2286 = CARTESIAN_POINT('',(4.325770948469,-4.252492553856,0.6));
#2287 = CARTESIAN_POINT('',(11.669461619915,-4.252492553856,0.6));
#2288 = CARTESIAN_POINT('',(18.606045795832,-4.252492553856,0.6));
#2289 = CARTESIAN_POINT('',(26.112917390342,-4.252492553856,0.6));
#2290 = CARTESIAN_POINT('',(33.705457064495,-4.252492553856,0.6));
#2291 = CARTESIAN_POINT('',(41.326545512628,-4.252492553856,0.6));
#2292 = CARTESIAN_POINT('',(48.75090455772,-4.252492553856,0.6));
#2293 = CARTESIAN_POINT('',(56.372249831454,-4.252492553856,0.6));
#2294 = CARTESIAN_POINT('',(63.964858932104,-4.252492553856,0.6));
#2295 = CARTESIAN_POINT('',(71.472116713626,-4.252492553856,0.6));
#2296 = CARTESIAN_POINT('',(78.409039016796,-4.252492553856,0.6));
#2297 = CARTESIAN_POINT('',(85.751112331449,-4.252492553856,0.6));
#2298 = SURFACE_OF_LINEAR_EXTRUSION('',#2299,#2302);
#2299 = B_SPLINE_CURVE_WITH_KNOTS('',1,(#2300,#2301),.UNSPECIFIED.,.F.,
  .F.,(2,2),(0.,230.812),.PIECEWISE_BEZIER_KNOTS.);
#2300 = CARTESIAN_POINT('',(4.325770948469,-4.252492553856,0.));
#2301 = CARTESIAN_POINT('',(85.751112331449,-4.252492553856,0.));
#2302 = VECTOR('',#2303,1.);
#2303 = DIRECTION('',(0.,0.,-1.));
#2304 = ADVANCED_FACE('',(#2305),#2332,.T.);
#2305 = FACE_BOUND('',#2306,.T.);
#2306 = EDGE_LOOP('',(#2307,#2308,#2309,#2317));
#2307 = ORIENTED_EDGE('',*,*,#2239,.T.);
#2308 = ORIENTED_EDGE('',*,*,#1008,.T.);
#2309 = ORIENTED_EDGE('',*,*,#2310,.F.);
#2310 = EDGE_CURVE('',#2311,#1009,#2313,.T.);
#2311 = VERTEX_POINT('',#2312);
#2312 = CARTESIAN_POINT('',(4.325770948469,-60.67626337363,0.6));
#2313 = LINE('',#2314,#2315);
#2314 = CARTESIAN_POINT('',(4.325770948469,-60.67626337363,0.));
#2315 = VECTOR('',#2316,1.);
#2316 = DIRECTION('',(0.,0.,1.));
#2317 = ORIENTED_EDGE('',*,*,#2318,.F.);
#2318 = EDGE_CURVE('',#2240,#2311,#2319,.T.);
#2319 = ( BOUNDED_CURVE() B_SPLINE_CURVE(11,(#2320,#2321,#2322,#2323,
    #2324,#2325,#2326,#2327,#2328,#2329,#2330,#2331),.UNSPECIFIED.,.F.,
.F.) B_SPLINE_CURVE_WITH_KNOTS((12,12),(55.936134560794,136.36600034479)
,.PIECEWISE_BEZIER_KNOTS.) CURVE() GEOMETRIC_REPRESENTATION_ITEM() 
RATIONAL_B_SPLINE_CURVE((1.,1.,1.,1.,1.,1.,1.,1.,1.,1.,1.,1.)) 
REPRESENTATION_ITEM('') );
#2320 = CARTESIAN_POINT('',(85.751112331449,-60.67626337363,0.6));
#2321 = CARTESIAN_POINT('',(78.409180090083,-60.67626337363,0.6));
#2322 = CARTESIAN_POINT('',(71.472049797143,-60.67626337363,0.6));
#2323 = CARTESIAN_POINT('',(63.964812209402,-60.67626337363,0.6));
#2324 = CARTESIAN_POINT('',(56.372239051621,-60.67626337363,0.6));
#2325 = CARTESIAN_POINT('',(48.750935706683,-60.67626337363,0.6));
#2326 = CARTESIAN_POINT('',(41.326514375213,-60.67626337363,0.6));
#2327 = CARTESIAN_POINT('',(33.705467844829,-60.67626337363,0.6));
#2328 = CARTESIAN_POINT('',(26.112964261467,-60.67626337363,0.6));
#2329 = CARTESIAN_POINT('',(18.606112782292,-60.67626337363,0.6));
#2330 = CARTESIAN_POINT('',(11.669320317668,-60.67626337363,0.6));
#2331 = CARTESIAN_POINT('',(4.325770948469,-60.67626337363,0.6));
#2332 = SURFACE_OF_LINEAR_EXTRUSION('',#2333,#2336);
#2333 = B_SPLINE_CURVE_WITH_KNOTS('',1,(#2334,#2335),.UNSPECIFIED.,.F.,
  .F.,(2,2),(0.,230.812),.PIECEWISE_BEZIER_KNOTS.);
#2334 = CARTESIAN_POINT('',(85.751112331449,-60.67626337363,0.));
#2335 = CARTESIAN_POINT('',(4.325770948469,-60.67626337363,0.));
#2336 = VECTOR('',#2337,1.);
#2337 = DIRECTION('',(0.,0.,-1.));
#2338 = ADVANCED_FACE('',(#2339),#2367,.T.);
#2339 = FACE_BOUND('',#2340,.T.);
#2340 = EDGE_LOOP('',(#2341,#2349,#2350,#2351));
#2341 = ORIENTED_EDGE('',*,*,#2342,.T.);
#2342 = EDGE_CURVE('',#2343,#1073,#2345,.T.);
#2343 = VERTEX_POINT('',#2344);
#2344 = CARTESIAN_POINT('',(1.303523839879,-7.214037530639,0.6));
#2345 = LINE('',#2346,#2347);
#2346 = CARTESIAN_POINT('',(1.303523839879,-7.214037530639,0.));
#2347 = VECTOR('',#2348,1.);
#2348 = DIRECTION('',(0.,0.,1.));
#2349 = ORIENTED_EDGE('',*,*,#1080,.T.);
#2350 = ORIENTED_EDGE('',*,*,#2274,.F.);
#2351 = ORIENTED_EDGE('',*,*,#2352,.F.);
#2352 = EDGE_CURVE('',#2343,#2275,#2353,.T.);
#2353 = ( BOUNDED_CURVE() B_SPLINE_CURVE(12,(#2354,#2355,#2356,#2357,
    #2358,#2359,#2360,#2361,#2362,#2363,#2364,#2365,#2366),
.UNSPECIFIED.,.F.,.F.) B_SPLINE_CURVE_WITH_KNOTS((13,13),(
192.25488157122,197.20482457012),.PIECEWISE_BEZIER_KNOTS.) CURVE() 
GEOMETRIC_REPRESENTATION_ITEM() RATIONAL_B_SPLINE_CURVE((1.,1.,1.,
    1.000000000001,0.999999999999,1.000000000002,0.999999999998,
    1.000000000002,0.999999999999,1.000000000001,1.,1.,1.)) 
REPRESENTATION_ITEM('') );
#2354 = CARTESIAN_POINT('',(1.303523839879,-7.214037530639,0.6));
#2355 = CARTESIAN_POINT('',(1.303523839879,-6.807574736435,0.6));
#2356 = CARTESIAN_POINT('',(1.36424652253,-6.411054970774,0.6));
#2357 = CARTESIAN_POINT('',(1.483547493112,-6.019209401208,0.6));
#2358 = CARTESIAN_POINT('',(1.663115484668,-5.658729347105,0.6));
#2359 = CARTESIAN_POINT('',(1.892731545763,-5.333603402253,0.6));
#2360 = CARTESIAN_POINT('',(2.143404599501,-5.07799884868,0.6));
#2361 = CARTESIAN_POINT('',(2.408069411736,-4.826746629615,0.6));
#2362 = CARTESIAN_POINT('',(2.740896155448,-4.604018911067,0.6));
#2363 = CARTESIAN_POINT('',(3.108946365867,-4.427925039046,0.6));
#2364 = CARTESIAN_POINT('',(3.508257998925,-4.311777907155,0.6));
#2365 = CARTESIAN_POINT('',(3.911826909346,-4.252492553856,0.6));
#2366 = CARTESIAN_POINT('',(4.325770948469,-4.252492553856,0.6));
#2367 = SURFACE_OF_LINEAR_EXTRUSION('',#2368,#2373);
#2368 = B_SPLINE_CURVE_WITH_KNOTS('',3,(#2369,#2370,#2371,#2372),
  .UNSPECIFIED.,.F.,.F.,(4,4),(0.,1.),.PIECEWISE_BEZIER_KNOTS.);
#2369 = CARTESIAN_POINT('',(1.303523839879,-7.214037530639,0.));
#2370 = CARTESIAN_POINT('',(1.303523839879,-5.578330605984,0.));
#2371 = CARTESIAN_POINT('',(2.656779344554,-4.252492553856,0.));
#2372 = CARTESIAN_POINT('',(4.325770948469,-4.252492553856,0.));
#2373 = VECTOR('',#2374,1.);
#2374 = DIRECTION('',(0.,0.,-1.));
#2375 = ADVANCED_FACE('',(#2376),#2404,.T.);
#2376 = FACE_BOUND('',#2377,.T.);
#2377 = EDGE_LOOP('',(#2378,#2379,#2380,#2388));
#2378 = ORIENTED_EDGE('',*,*,#2310,.T.);
#2379 = ORIENTED_EDGE('',*,*,#1142,.T.);
#2380 = ORIENTED_EDGE('',*,*,#2381,.F.);
#2381 = EDGE_CURVE('',#2382,#1143,#2384,.T.);
#2382 = VERTEX_POINT('',#2383);
#2383 = CARTESIAN_POINT('',(1.303523839879,-57.71644564809,0.6));
#2384 = LINE('',#2385,#2386);
#2385 = CARTESIAN_POINT('',(1.303523839879,-57.71644564809,0.));
#2386 = VECTOR('',#2387,1.);
#2387 = DIRECTION('',(0.,0.,1.));
#2388 = ORIENTED_EDGE('',*,*,#2389,.F.);
#2389 = EDGE_CURVE('',#2311,#2382,#2390,.T.);
#2390 = ( BOUNDED_CURVE() B_SPLINE_CURVE(12,(#2391,#2392,#2393,#2394,
    #2395,#2396,#2397,#2398,#2399,#2400,#2401,#2402,#2403),
.UNSPECIFIED.,.F.,.F.) B_SPLINE_CURVE_WITH_KNOTS((13,13),(
136.36600034479,141.31176176566),.PIECEWISE_BEZIER_KNOTS.) CURVE() 
GEOMETRIC_REPRESENTATION_ITEM() RATIONAL_B_SPLINE_CURVE((1.,1.,
    1.000000000001,0.999999999997,1.000000000005,0.999999999993,
    1.000000000007,0.999999999994,1.000000000004,0.999999999998,
1.000000000001,1.,1.)) REPRESENTATION_ITEM('') );
#2391 = CARTESIAN_POINT('',(4.325770948469,-60.67626337363,0.6));
#2392 = CARTESIAN_POINT('',(3.911834874173,-60.67626337363,0.6));
#2393 = CARTESIAN_POINT('',(3.508268302154,-60.61699531478,0.6));
#2394 = CARTESIAN_POINT('',(3.108967471341,-60.50088818685,0.6));
#2395 = CARTESIAN_POINT('',(2.740912952182,-60.32484722327,0.6));
#2396 = CARTESIAN_POINT('',(2.408115150741,-60.1022455596,0.6));
#2397 = CARTESIAN_POINT('',(2.143367311534,-59.85105312269,0.6));
#2398 = CARTESIAN_POINT('',(1.892799230882,-59.59559844798,0.6));
#2399 = CARTESIAN_POINT('',(1.663166343761,-59.27070777896,0.6));
#2400 = CARTESIAN_POINT('',(1.483585544865,-58.91045686736,0.6));
#2401 = CARTESIAN_POINT('',(1.364267063909,-58.51887128642,0.6));
#2402 = CARTESIAN_POINT('',(1.303523839879,-58.12263416264,0.6));
#2403 = CARTESIAN_POINT('',(1.303523839879,-57.71644564809,0.6));
#2404 = SURFACE_OF_LINEAR_EXTRUSION('',#2405,#2410);
#2405 = B_SPLINE_CURVE_WITH_KNOTS('',3,(#2406,#2407,#2408,#2409),
  .UNSPECIFIED.,.F.,.F.,(4,4),(0.,1.),.PIECEWISE_BEZIER_KNOTS.);
#2406 = CARTESIAN_POINT('',(4.325770948469,-60.67626337363,0.));
#2407 = CARTESIAN_POINT('',(2.656779344554,-60.67626337363,0.));
#2408 = CARTESIAN_POINT('',(1.303523839879,-59.35077077175,0.));
#2409 = CARTESIAN_POINT('',(1.303523839879,-57.71644564809,0.));
#2410 = VECTOR('',#2411,1.);
#2411 = DIRECTION('',(0.,0.,-1.));
#2412 = ADVANCED_FACE('',(#2413),#2433,.T.);
#2413 = FACE_BOUND('',#2414,.T.);
#2414 = EDGE_LOOP('',(#2415,#2416,#2417,#2418));
#2415 = ORIENTED_EDGE('',*,*,#2381,.T.);
#2416 = ORIENTED_EDGE('',*,*,#1211,.T.);
#2417 = ORIENTED_EDGE('',*,*,#2342,.F.);
#2418 = ORIENTED_EDGE('',*,*,#2419,.F.);
#2419 = EDGE_CURVE('',#2382,#2343,#2420,.T.);
#2420 = ( BOUNDED_CURVE() B_SPLINE_CURVE(11,(#2421,#2422,#2423,#2424,
    #2425,#2426,#2427,#2428,#2429,#2430,#2431,#2432),.UNSPECIFIED.,.F.,
.F.) B_SPLINE_CURVE_WITH_KNOTS((12,12),(141.31176176566,192.25488157122)
,.PIECEWISE_BEZIER_KNOTS.) CURVE() GEOMETRIC_REPRESENTATION_ITEM() 
RATIONAL_B_SPLINE_CURVE((1.,1.,1.,1.,1.,1.,1.,1.,1.,1.,1.,1.)) 
REPRESENTATION_ITEM('') );
#2421 = CARTESIAN_POINT('',(1.303523839879,-57.71644564809,0.6));
#2422 = CARTESIAN_POINT('',(1.303523839879,-53.15220456834,0.6));
#2423 = CARTESIAN_POINT('',(1.303523839879,-48.85196415798,0.6));
#2424 = CARTESIAN_POINT('',(1.303523839879,-44.19825193117,0.6));
#2425 = CARTESIAN_POINT('',(1.303523839879,-39.48941242292,0.6));
#2426 = CARTESIAN_POINT('',(1.303523839879,-34.76620700257,0.6));
#2427 = CARTESIAN_POINT('',(1.303523839879,-30.16404219296,0.6));
#2428 = CARTESIAN_POINT('',(1.303523839879,-25.44075577341,0.6));
#2429 = CARTESIAN_POINT('',(1.303523839879,-20.73190860365,0.6));
#2430 = CARTESIAN_POINT('',(1.303523839879,-16.07805017686,0.6));
#2431 = CARTESIAN_POINT('',(1.303523839879,-11.77750227274,0.6));
#2432 = CARTESIAN_POINT('',(1.303523839879,-7.214037530639,0.6));
#2433 = SURFACE_OF_LINEAR_EXTRUSION('',#2434,#2437);
#2434 = B_SPLINE_CURVE_WITH_KNOTS('',1,(#2435,#2436),.UNSPECIFIED.,.F.,
  .F.,(2,2),(0.,146.193),.PIECEWISE_BEZIER_KNOTS.);
#2435 = CARTESIAN_POINT('',(1.303523839879,-57.71644564809,0.));
#2436 = CARTESIAN_POINT('',(1.303523839879,-7.214037530639,0.));
#2437 = VECTOR('',#2438,1.);
#2438 = DIRECTION('',(0.,0.,-1.));
#2439 = ADVANCED_FACE('',(#2440),#2466,.F.);
#2440 = FACE_BOUND('',#2441,.F.);
#2441 = EDGE_LOOP('',(#2442,#2450,#2451,#2459));
#2442 = ORIENTED_EDGE('',*,*,#2443,.T.);
#2443 = EDGE_CURVE('',#2444,#1269,#2446,.T.);
#2444 = VERTEX_POINT('',#2445);
#2445 = CARTESIAN_POINT('',(64.79818635678,-57.11966112235,0.));
#2446 = LINE('',#2447,#2448);
#2447 = CARTESIAN_POINT('',(64.79818635678,-57.11966112235,0.));
#2448 = VECTOR('',#2449,1.);
#2449 = DIRECTION('',(0.,0.,1.));
#2450 = ORIENTED_EDGE('',*,*,#1275,.T.);
#2451 = ORIENTED_EDGE('',*,*,#2452,.F.);
#2452 = EDGE_CURVE('',#2453,#1276,#2455,.T.);
#2453 = VERTEX_POINT('',#2454);
#2454 = CARTESIAN_POINT('',(66.161113537549,-55.7540583443,0.));
#2455 = LINE('',#2456,#2457);
#2456 = CARTESIAN_POINT('',(66.161113537549,-55.7540583443,0.));
#2457 = VECTOR('',#2458,1.);
#2458 = DIRECTION('',(0.,0.,1.));
#2459 = ORIENTED_EDGE('',*,*,#2460,.F.);
#2460 = EDGE_CURVE('',#2444,#2453,#2461,.T.);
#2461 = B_SPLINE_CURVE_WITH_KNOTS('',3,(#2462,#2463,#2464,#2465),
  .UNSPECIFIED.,.F.,.F.,(4,4),(0.,1.),.PIECEWISE_BEZIER_KNOTS.);
#2462 = CARTESIAN_POINT('',(64.79818635678,-57.11966112235,0.));
#2463 = CARTESIAN_POINT('',(64.79818635678,-56.36577501109,0.));
#2464 = CARTESIAN_POINT('',(65.408546824614,-55.7540583443,0.));
#2465 = CARTESIAN_POINT('',(66.161113537549,-55.7540583443,0.));
#2466 = SURFACE_OF_LINEAR_EXTRUSION('',#2467,#2472);
#2467 = B_SPLINE_CURVE_WITH_KNOTS('',3,(#2468,#2469,#2470,#2471),
  .UNSPECIFIED.,.F.,.F.,(4,4),(0.,1.),.PIECEWISE_BEZIER_KNOTS.);
#2468 = CARTESIAN_POINT('',(64.79818635678,-57.11966112235,0.));
#2469 = CARTESIAN_POINT('',(64.79818635678,-56.36577501109,0.));
#2470 = CARTESIAN_POINT('',(65.408546824614,-55.7540583443,0.));
#2471 = CARTESIAN_POINT('',(66.161113537549,-55.7540583443,0.));
#2472 = VECTOR('',#2473,1.);
#2473 = DIRECTION('',(0.,0.,-1.));
#2474 = ADVANCED_FACE('',(#2475),#2494,.F.);
#2475 = FACE_BOUND('',#2476,.F.);
#2476 = EDGE_LOOP('',(#2477,#2485,#2486,#2487));
#2477 = ORIENTED_EDGE('',*,*,#2478,.T.);
#2478 = EDGE_CURVE('',#2479,#1441,#2481,.T.);
#2479 = VERTEX_POINT('',#2480);
#2480 = CARTESIAN_POINT('',(66.161113537549,-58.4852639004,0.));
#2481 = LINE('',#2482,#2483);
#2482 = CARTESIAN_POINT('',(66.161113537549,-58.4852639004,0.));
#2483 = VECTOR('',#2484,1.);
#2484 = DIRECTION('',(0.,0.,1.));
#2485 = ORIENTED_EDGE('',*,*,#1447,.T.);
#2486 = ORIENTED_EDGE('',*,*,#2443,.F.);
#2487 = ORIENTED_EDGE('',*,*,#2488,.F.);
#2488 = EDGE_CURVE('',#2479,#2444,#2489,.T.);
#2489 = B_SPLINE_CURVE_WITH_KNOTS('',3,(#2490,#2491,#2492,#2493),
  .UNSPECIFIED.,.F.,.F.,(4,4),(0.,1.),.PIECEWISE_BEZIER_KNOTS.);
#2490 = CARTESIAN_POINT('',(66.161113537549,-58.4852639004,0.));
#2491 = CARTESIAN_POINT('',(65.408546824614,-58.4852639004,0.));
#2492 = CARTESIAN_POINT('',(64.79818635678,-57.87495834472,0.));
#2493 = CARTESIAN_POINT('',(64.79818635678,-57.11966112235,0.));
#2494 = SURFACE_OF_LINEAR_EXTRUSION('',#2495,#2500);
#2495 = B_SPLINE_CURVE_WITH_KNOTS('',3,(#2496,#2497,#2498,#2499),
  .UNSPECIFIED.,.F.,.F.,(4,4),(0.,1.),.PIECEWISE_BEZIER_KNOTS.);
#2496 = CARTESIAN_POINT('',(66.161113537549,-58.4852639004,0.));
#2497 = CARTESIAN_POINT('',(65.408546824614,-58.4852639004,0.));
#2498 = CARTESIAN_POINT('',(64.79818635678,-57.87495834472,0.));
#2499 = CARTESIAN_POINT('',(64.79818635678,-57.11966112235,0.));
#2500 = VECTOR('',#2501,1.);
#2501 = DIRECTION('',(0.,0.,-1.));
#2502 = ADVANCED_FACE('',(#2503),#2522,.F.);
#2503 = FACE_BOUND('',#2504,.F.);
#2504 = EDGE_LOOP('',(#2505,#2506,#2507,#2515));
#2505 = ORIENTED_EDGE('',*,*,#2452,.T.);
#2506 = ORIENTED_EDGE('',*,*,#1484,.T.);
#2507 = ORIENTED_EDGE('',*,*,#2508,.F.);
#2508 = EDGE_CURVE('',#2509,#1485,#2511,.T.);
#2509 = VERTEX_POINT('',#2510);
#2510 = CARTESIAN_POINT('',(67.523688722662,-57.11966112235,0.));
#2511 = LINE('',#2512,#2513);
#2512 = CARTESIAN_POINT('',(67.523688722662,-57.11966112235,0.));
#2513 = VECTOR('',#2514,1.);
#2514 = DIRECTION('',(0.,0.,1.));
#2515 = ORIENTED_EDGE('',*,*,#2516,.F.);
#2516 = EDGE_CURVE('',#2453,#2509,#2517,.T.);
#2517 = B_SPLINE_CURVE_WITH_KNOTS('',3,(#2518,#2519,#2520,#2521),
  .UNSPECIFIED.,.F.,.F.,(4,4),(0.,1.),.PIECEWISE_BEZIER_KNOTS.);
#2518 = CARTESIAN_POINT('',(66.161113537549,-55.7540583443,0.));
#2519 = CARTESIAN_POINT('',(66.913328254828,-55.7540583443,0.));
#2520 = CARTESIAN_POINT('',(67.523688722662,-56.36577501109,0.));
#2521 = CARTESIAN_POINT('',(67.523688722662,-57.11966112235,0.));
#2522 = SURFACE_OF_LINEAR_EXTRUSION('',#2523,#2528);
#2523 = B_SPLINE_CURVE_WITH_KNOTS('',3,(#2524,#2525,#2526,#2527),
  .UNSPECIFIED.,.F.,.F.,(4,4),(0.,1.),.PIECEWISE_BEZIER_KNOTS.);
#2524 = CARTESIAN_POINT('',(66.161113537549,-55.7540583443,0.));
#2525 = CARTESIAN_POINT('',(66.913328254828,-55.7540583443,0.));
#2526 = CARTESIAN_POINT('',(67.523688722662,-56.36577501109,0.));
#2527 = CARTESIAN_POINT('',(67.523688722662,-57.11966112235,0.));
#2528 = VECTOR('',#2529,1.);
#2529 = DIRECTION('',(0.,0.,-1.));
#2530 = ADVANCED_FACE('',(#2531),#2543,.F.);
#2531 = FACE_BOUND('',#2532,.F.);
#2532 = EDGE_LOOP('',(#2533,#2534,#2535,#2536));
#2533 = ORIENTED_EDGE('',*,*,#2508,.T.);
#2534 = ORIENTED_EDGE('',*,*,#1530,.T.);
#2535 = ORIENTED_EDGE('',*,*,#2478,.F.);
#2536 = ORIENTED_EDGE('',*,*,#2537,.F.);
#2537 = EDGE_CURVE('',#2509,#2479,#2538,.T.);
#2538 = B_SPLINE_CURVE_WITH_KNOTS('',3,(#2539,#2540,#2541,#2542),
  .UNSPECIFIED.,.F.,.F.,(4,4),(0.,1.),.PIECEWISE_BEZIER_KNOTS.);
#2539 = CARTESIAN_POINT('',(67.523688722662,-57.11966112235,0.));
#2540 = CARTESIAN_POINT('',(67.523688722662,-57.87495834472,0.));
#2541 = CARTESIAN_POINT('',(66.913328254828,-58.4852639004,0.));
#2542 = CARTESIAN_POINT('',(66.161113537549,-58.4852639004,0.));
#2543 = SURFACE_OF_LINEAR_EXTRUSION('',#2544,#2549);
#2544 = B_SPLINE_CURVE_WITH_KNOTS('',3,(#2545,#2546,#2547,#2548),
  .UNSPECIFIED.,.F.,.F.,(4,4),(0.,1.),.PIECEWISE_BEZIER_KNOTS.);
#2545 = CARTESIAN_POINT('',(67.523688722662,-57.11966112235,0.));
#2546 = CARTESIAN_POINT('',(67.523688722662,-57.87495834472,0.));
#2547 = CARTESIAN_POINT('',(66.913328254828,-58.4852639004,0.));
#2548 = CARTESIAN_POINT('',(66.161113537549,-58.4852639004,0.));
#2549 = VECTOR('',#2550,1.);
#2550 = DIRECTION('',(0.,0.,-1.));
#2551 = ADVANCED_FACE('',(#2552),#2578,.F.);
#2552 = FACE_BOUND('',#2553,.F.);
#2553 = EDGE_LOOP('',(#2554,#2562,#2563,#2571));
#2554 = ORIENTED_EDGE('',*,*,#2555,.T.);
#2555 = EDGE_CURVE('',#2556,#1570,#2558,.T.);
#2556 = VERTEX_POINT('',#2557);
#2557 = CARTESIAN_POINT('',(6.501721765493,-7.770636112641,0.));
#2558 = LINE('',#2559,#2560);
#2559 = CARTESIAN_POINT('',(6.501721765493,-7.770636112641,0.));
#2560 = VECTOR('',#2561,1.);
#2561 = DIRECTION('',(0.,0.,1.));
#2562 = ORIENTED_EDGE('',*,*,#1576,.T.);
#2563 = ORIENTED_EDGE('',*,*,#2564,.F.);
#2564 = EDGE_CURVE('',#2565,#1577,#2567,.T.);
#2565 = VERTEX_POINT('',#2566);
#2566 = CARTESIAN_POINT('',(7.864296950606,-6.405033334594,0.));
#2567 = LINE('',#2568,#2569);
#2568 = CARTESIAN_POINT('',(7.864296950606,-6.405033334594,0.));
#2569 = VECTOR('',#2570,1.);
#2570 = DIRECTION('',(0.,0.,1.));
#2571 = ORIENTED_EDGE('',*,*,#2572,.F.);
#2572 = EDGE_CURVE('',#2556,#2565,#2573,.T.);
#2573 = B_SPLINE_CURVE_WITH_KNOTS('',3,(#2574,#2575,#2576,#2577),
  .UNSPECIFIED.,.F.,.F.,(4,4),(0.,1.),.PIECEWISE_BEZIER_KNOTS.);
#2574 = CARTESIAN_POINT('',(6.501721765493,-7.770636112641,0.));
#2575 = CARTESIAN_POINT('',(6.501721765493,-7.017102779159,0.));
#2576 = CARTESIAN_POINT('',(7.112082233327,-6.405033334594,0.));
#2577 = CARTESIAN_POINT('',(7.864296950606,-6.405033334594,0.));
#2578 = SURFACE_OF_LINEAR_EXTRUSION('',#2579,#2584);
#2579 = B_SPLINE_CURVE_WITH_KNOTS('',3,(#2580,#2581,#2582,#2583),
  .UNSPECIFIED.,.F.,.F.,(4,4),(0.,1.),.PIECEWISE_BEZIER_KNOTS.);
#2580 = CARTESIAN_POINT('',(6.501721765493,-7.770636112641,0.));
#2581 = CARTESIAN_POINT('',(6.501721765493,-7.017102779159,0.));
#2582 = CARTESIAN_POINT('',(7.112082233327,-6.405033334594,0.));
#2583 = CARTESIAN_POINT('',(7.864296950606,-6.405033334594,0.));
#2584 = VECTOR('',#2585,1.);
#2585 = DIRECTION('',(0.,0.,-1.));
#2586 = ADVANCED_FACE('',(#2587),#2606,.F.);
#2587 = FACE_BOUND('',#2588,.F.);
#2588 = EDGE_LOOP('',(#2589,#2597,#2598,#2599));
#2589 = ORIENTED_EDGE('',*,*,#2590,.T.);
#2590 = EDGE_CURVE('',#2591,#1619,#2593,.T.);
#2591 = VERTEX_POINT('',#2592);
#2592 = CARTESIAN_POINT('',(7.864296950606,-9.136238890687,0.));
#2593 = LINE('',#2594,#2595);
#2594 = CARTESIAN_POINT('',(7.864296950606,-9.136238890687,0.));
#2595 = VECTOR('',#2596,1.);
#2596 = DIRECTION('',(0.,0.,1.));
#2597 = ORIENTED_EDGE('',*,*,#1625,.T.);
#2598 = ORIENTED_EDGE('',*,*,#2555,.F.);
#2599 = ORIENTED_EDGE('',*,*,#2600,.F.);
#2600 = EDGE_CURVE('',#2591,#2556,#2601,.T.);
#2601 = B_SPLINE_CURVE_WITH_KNOTS('',3,(#2602,#2603,#2604,#2605),
  .UNSPECIFIED.,.F.,.F.,(4,4),(0.,1.),.PIECEWISE_BEZIER_KNOTS.);
#2602 = CARTESIAN_POINT('',(7.864296950606,-9.136238890687,0.));
#2603 = CARTESIAN_POINT('',(7.112082233327,-9.136238890687,0.));
#2604 = CARTESIAN_POINT('',(6.501721765493,-8.5245222239,0.));
#2605 = CARTESIAN_POINT('',(6.501721765493,-7.770636112641,0.));
#2606 = SURFACE_OF_LINEAR_EXTRUSION('',#2607,#2612);
#2607 = B_SPLINE_CURVE_WITH_KNOTS('',3,(#2608,#2609,#2610,#2611),
  .UNSPECIFIED.,.F.,.F.,(4,4),(0.,1.),.PIECEWISE_BEZIER_KNOTS.);
#2608 = CARTESIAN_POINT('',(7.864296950606,-9.136238890687,0.));
#2609 = CARTESIAN_POINT('',(7.112082233327,-9.136238890687,0.));
#2610 = CARTESIAN_POINT('',(6.501721765493,-8.5245222239,0.));
#2611 = CARTESIAN_POINT('',(6.501721765493,-7.770636112641,0.));
#2612 = VECTOR('',#2613,1.);
#2613 = DIRECTION('',(0.,0.,-1.));
#2614 = ADVANCED_FACE('',(#2615),#2634,.F.);
#2615 = FACE_BOUND('',#2616,.F.);
#2616 = EDGE_LOOP('',(#2617,#2618,#2619,#2627));
#2617 = ORIENTED_EDGE('',*,*,#2564,.T.);
#2618 = ORIENTED_EDGE('',*,*,#1662,.T.);
#2619 = ORIENTED_EDGE('',*,*,#2620,.F.);
#2620 = EDGE_CURVE('',#2621,#1663,#2623,.T.);
#2621 = VERTEX_POINT('',#2622);
#2622 = CARTESIAN_POINT('',(9.225816148751,-7.770636112641,0.));
#2623 = LINE('',#2624,#2625);
#2624 = CARTESIAN_POINT('',(9.225816148751,-7.770636112641,0.));
#2625 = VECTOR('',#2626,1.);
#2626 = DIRECTION('',(0.,0.,1.));
#2627 = ORIENTED_EDGE('',*,*,#2628,.F.);
#2628 = EDGE_CURVE('',#2565,#2621,#2629,.T.);
#2629 = B_SPLINE_CURVE_WITH_KNOTS('',3,(#2630,#2631,#2632,#2633),
  .UNSPECIFIED.,.F.,.F.,(4,4),(0.,1.),.PIECEWISE_BEZIER_KNOTS.);
#2630 = CARTESIAN_POINT('',(7.864296950606,-6.405033334594,0.));
#2631 = CARTESIAN_POINT('',(8.615455680916,-6.405033334594,0.));
#2632 = CARTESIAN_POINT('',(9.225816148751,-7.017102779159,0.));
#2633 = CARTESIAN_POINT('',(9.225816148751,-7.770636112641,0.));
#2634 = SURFACE_OF_LINEAR_EXTRUSION('',#2635,#2640);
#2635 = B_SPLINE_CURVE_WITH_KNOTS('',3,(#2636,#2637,#2638,#2639),
  .UNSPECIFIED.,.F.,.F.,(4,4),(0.,1.),.PIECEWISE_BEZIER_KNOTS.);
#2636 = CARTESIAN_POINT('',(7.864296950606,-6.405033334594,0.));
#2637 = CARTESIAN_POINT('',(8.615455680916,-6.405033334594,0.));
#2638 = CARTESIAN_POINT('',(9.225816148751,-7.017102779159,0.));
#2639 = CARTESIAN_POINT('',(9.225816148751,-7.770636112641,0.));
#2640 = VECTOR('',#2641,1.);
#2641 = DIRECTION('',(0.,0.,-1.));
#2642 = ADVANCED_FACE('',(#2643),#2655,.F.);
#2643 = FACE_BOUND('',#2644,.F.);
#2644 = EDGE_LOOP('',(#2645,#2646,#2647,#2648));
#2645 = ORIENTED_EDGE('',*,*,#2620,.T.);
#2646 = ORIENTED_EDGE('',*,*,#1708,.T.);
#2647 = ORIENTED_EDGE('',*,*,#2590,.F.);
#2648 = ORIENTED_EDGE('',*,*,#2649,.F.);
#2649 = EDGE_CURVE('',#2621,#2591,#2650,.T.);
#2650 = B_SPLINE_CURVE_WITH_KNOTS('',3,(#2651,#2652,#2653,#2654),
  .UNSPECIFIED.,.F.,.F.,(4,4),(0.,1.),.PIECEWISE_BEZIER_KNOTS.);
#2651 = CARTESIAN_POINT('',(9.225816148751,-7.770636112641,0.));
#2652 = CARTESIAN_POINT('',(9.225816148751,-8.5245222239,0.));
#2653 = CARTESIAN_POINT('',(8.615455680916,-9.136238890687,0.));
#2654 = CARTESIAN_POINT('',(7.864296950606,-9.136238890687,0.));
#2655 = SURFACE_OF_LINEAR_EXTRUSION('',#2656,#2661);
#2656 = B_SPLINE_CURVE_WITH_KNOTS('',3,(#2657,#2658,#2659,#2660),
  .UNSPECIFIED.,.F.,.F.,(4,4),(0.,1.),.PIECEWISE_BEZIER_KNOTS.);
#2657 = CARTESIAN_POINT('',(9.225816148751,-7.770636112641,0.));
#2658 = CARTESIAN_POINT('',(9.225816148751,-8.5245222239,0.));
#2659 = CARTESIAN_POINT('',(8.615455680916,-9.136238890687,0.));
#2660 = CARTESIAN_POINT('',(7.864296950606,-9.136238890687,0.));
#2661 = VECTOR('',#2662,1.);
#2662 = DIRECTION('',(0.,0.,-1.));
#2663 = ADVANCED_FACE('',(#2664),#2690,.F.);
#2664 = FACE_BOUND('',#2665,.F.);
#2665 = EDGE_LOOP('',(#2666,#2674,#2675,#2683));
#2666 = ORIENTED_EDGE('',*,*,#2667,.T.);
#2667 = EDGE_CURVE('',#2668,#1748,#2670,.T.);
#2668 = VERTEX_POINT('',#2669);
#2669 = CARTESIAN_POINT('',(6.501721765493,-57.11966112235,0.));
#2670 = LINE('',#2671,#2672);
#2671 = CARTESIAN_POINT('',(6.501721765493,-57.11966112235,0.));
#2672 = VECTOR('',#2673,1.);
#2673 = DIRECTION('',(0.,0.,1.));
#2674 = ORIENTED_EDGE('',*,*,#1754,.T.);
#2675 = ORIENTED_EDGE('',*,*,#2676,.F.);
#2676 = EDGE_CURVE('',#2677,#1755,#2679,.T.);
#2677 = VERTEX_POINT('',#2678);
#2678 = CARTESIAN_POINT('',(7.864296950606,-55.7540583443,0.));
#2679 = LINE('',#2680,#2681);
#2680 = CARTESIAN_POINT('',(7.864296950606,-55.7540583443,0.));
#2681 = VECTOR('',#2682,1.);
#2682 = DIRECTION('',(0.,0.,1.));
#2683 = ORIENTED_EDGE('',*,*,#2684,.F.);
#2684 = EDGE_CURVE('',#2668,#2677,#2685,.T.);
#2685 = B_SPLINE_CURVE_WITH_KNOTS('',3,(#2686,#2687,#2688,#2689),
  .UNSPECIFIED.,.F.,.F.,(4,4),(0.,1.),.PIECEWISE_BEZIER_KNOTS.);
#2686 = CARTESIAN_POINT('',(6.501721765493,-57.11966112235,0.));
#2687 = CARTESIAN_POINT('',(6.501721765493,-56.36577501109,0.));
#2688 = CARTESIAN_POINT('',(7.112082233327,-55.7540583443,0.));
#2689 = CARTESIAN_POINT('',(7.864296950606,-55.7540583443,0.));
#2690 = SURFACE_OF_LINEAR_EXTRUSION('',#2691,#2696);
#2691 = B_SPLINE_CURVE_WITH_KNOTS('',3,(#2692,#2693,#2694,#2695),
  .UNSPECIFIED.,.F.,.F.,(4,4),(0.,1.),.PIECEWISE_BEZIER_KNOTS.);
#2692 = CARTESIAN_POINT('',(6.501721765493,-57.11966112235,0.));
#2693 = CARTESIAN_POINT('',(6.501721765493,-56.36577501109,0.));
#2694 = CARTESIAN_POINT('',(7.112082233327,-55.7540583443,0.));
#2695 = CARTESIAN_POINT('',(7.864296950606,-55.7540583443,0.));
#2696 = VECTOR('',#2697,1.);
#2697 = DIRECTION('',(0.,0.,-1.));
#2698 = ADVANCED_FACE('',(#2699),#2718,.F.);
#2699 = FACE_BOUND('',#2700,.F.);
#2700 = EDGE_LOOP('',(#2701,#2709,#2710,#2711));
#2701 = ORIENTED_EDGE('',*,*,#2702,.T.);
#2702 = EDGE_CURVE('',#2703,#1920,#2705,.T.);
#2703 = VERTEX_POINT('',#2704);
#2704 = CARTESIAN_POINT('',(7.864296950606,-58.4852639004,0.));
#2705 = LINE('',#2706,#2707);
#2706 = CARTESIAN_POINT('',(7.864296950606,-58.4852639004,0.));
#2707 = VECTOR('',#2708,1.);
#2708 = DIRECTION('',(0.,0.,1.));
#2709 = ORIENTED_EDGE('',*,*,#1926,.T.);
#2710 = ORIENTED_EDGE('',*,*,#2667,.F.);
#2711 = ORIENTED_EDGE('',*,*,#2712,.F.);
#2712 = EDGE_CURVE('',#2703,#2668,#2713,.T.);
#2713 = B_SPLINE_CURVE_WITH_KNOTS('',3,(#2714,#2715,#2716,#2717),
  .UNSPECIFIED.,.F.,.F.,(4,4),(0.,1.),.PIECEWISE_BEZIER_KNOTS.);
#2714 = CARTESIAN_POINT('',(7.864296950606,-58.4852639004,0.));
#2715 = CARTESIAN_POINT('',(7.112082233327,-58.4852639004,0.));
#2716 = CARTESIAN_POINT('',(6.501721765493,-57.87495834472,0.));
#2717 = CARTESIAN_POINT('',(6.501721765493,-57.11966112235,0.));
#2718 = SURFACE_OF_LINEAR_EXTRUSION('',#2719,#2724);
#2719 = B_SPLINE_CURVE_WITH_KNOTS('',3,(#2720,#2721,#2722,#2723),
  .UNSPECIFIED.,.F.,.F.,(4,4),(0.,1.),.PIECEWISE_BEZIER_KNOTS.);
#2720 = CARTESIAN_POINT('',(7.864296950606,-58.4852639004,0.));
#2721 = CARTESIAN_POINT('',(7.112082233327,-58.4852639004,0.));
#2722 = CARTESIAN_POINT('',(6.501721765493,-57.87495834472,0.));
#2723 = CARTESIAN_POINT('',(6.501721765493,-57.11966112235,0.));
#2724 = VECTOR('',#2725,1.);
#2725 = DIRECTION('',(0.,0.,-1.));
#2726 = ADVANCED_FACE('',(#2727),#2746,.F.);
#2727 = FACE_BOUND('',#2728,.F.);
#2728 = EDGE_LOOP('',(#2729,#2730,#2731,#2739));
#2729 = ORIENTED_EDGE('',*,*,#2676,.T.);
#2730 = ORIENTED_EDGE('',*,*,#1963,.T.);
#2731 = ORIENTED_EDGE('',*,*,#2732,.F.);
#2732 = EDGE_CURVE('',#2733,#1964,#2735,.T.);
#2733 = VERTEX_POINT('',#2734);
#2734 = CARTESIAN_POINT('',(9.225816148751,-57.11966112235,0.));
#2735 = LINE('',#2736,#2737);
#2736 = CARTESIAN_POINT('',(9.225816148751,-57.11966112235,0.));
#2737 = VECTOR('',#2738,1.);
#2738 = DIRECTION('',(0.,0.,1.));
#2739 = ORIENTED_EDGE('',*,*,#2740,.F.);
#2740 = EDGE_CURVE('',#2677,#2733,#2741,.T.);
#2741 = B_SPLINE_CURVE_WITH_KNOTS('',3,(#2742,#2743,#2744,#2745),
  .UNSPECIFIED.,.F.,.F.,(4,4),(0.,1.),.PIECEWISE_BEZIER_KNOTS.);
#2742 = CARTESIAN_POINT('',(7.864296950606,-55.7540583443,0.));
#2743 = CARTESIAN_POINT('',(8.615455680916,-55.7540583443,0.));
#2744 = CARTESIAN_POINT('',(9.225816148751,-56.36577501109,0.));
#2745 = CARTESIAN_POINT('',(9.225816148751,-57.11966112235,0.));
#2746 = SURFACE_OF_LINEAR_EXTRUSION('',#2747,#2752);
#2747 = B_SPLINE_CURVE_WITH_KNOTS('',3,(#2748,#2749,#2750,#2751),
  .UNSPECIFIED.,.F.,.F.,(4,4),(0.,1.),.PIECEWISE_BEZIER_KNOTS.);
#2748 = CARTESIAN_POINT('',(7.864296950606,-55.7540583443,0.));
#2749 = CARTESIAN_POINT('',(8.615455680916,-55.7540583443,0.));
#2750 = CARTESIAN_POINT('',(9.225816148751,-56.36577501109,0.));
#2751 = CARTESIAN_POINT('',(9.225816148751,-57.11966112235,0.));
#2752 = VECTOR('',#2753,1.);
#2753 = DIRECTION('',(0.,0.,-1.));
#2754 = ADVANCED_FACE('',(#2755),#2767,.F.);
#2755 = FACE_BOUND('',#2756,.F.);
#2756 = EDGE_LOOP('',(#2757,#2758,#2759,#2760));
#2757 = ORIENTED_EDGE('',*,*,#2732,.T.);
#2758 = ORIENTED_EDGE('',*,*,#2009,.T.);
#2759 = ORIENTED_EDGE('',*,*,#2702,.F.);
#2760 = ORIENTED_EDGE('',*,*,#2761,.F.);
#2761 = EDGE_CURVE('',#2733,#2703,#2762,.T.);
#2762 = B_SPLINE_CURVE_WITH_KNOTS('',3,(#2763,#2764,#2765,#2766),
  .UNSPECIFIED.,.F.,.F.,(4,4),(0.,1.),.PIECEWISE_BEZIER_KNOTS.);
#2763 = CARTESIAN_POINT('',(9.225816148751,-57.11966112235,0.));
#2764 = CARTESIAN_POINT('',(9.225816148751,-57.87495834472,0.));
#2765 = CARTESIAN_POINT('',(8.615455680916,-58.4852639004,0.));
#2766 = CARTESIAN_POINT('',(7.864296950606,-58.4852639004,0.));
#2767 = SURFACE_OF_LINEAR_EXTRUSION('',#2768,#2773);
#2768 = B_SPLINE_CURVE_WITH_KNOTS('',3,(#2769,#2770,#2771,#2772),
  .UNSPECIFIED.,.F.,.F.,(4,4),(0.,1.),.PIECEWISE_BEZIER_KNOTS.);
#2769 = CARTESIAN_POINT('',(9.225816148751,-57.11966112235,0.));
#2770 = CARTESIAN_POINT('',(9.225816148751,-57.87495834472,0.));
#2771 = CARTESIAN_POINT('',(8.615455680916,-58.4852639004,0.));
#2772 = CARTESIAN_POINT('',(7.864296950606,-58.4852639004,0.));
#2773 = VECTOR('',#2774,1.);
#2774 = DIRECTION('',(0.,0.,-1.));
#2775 = ADVANCED_FACE('',(#2776),#2802,.T.);
#2776 = FACE_BOUND('',#2777,.T.);
#2777 = EDGE_LOOP('',(#2778,#2786,#2795,#2801));
#2778 = ORIENTED_EDGE('',*,*,#2779,.T.);
#2779 = EDGE_CURVE('',#2049,#2780,#2782,.T.);
#2780 = VERTEX_POINT('',#2781);
#2781 = CARTESIAN_POINT('',(66.161113537549,-9.136238890687,-3.));
#2782 = LINE('',#2783,#2784);
#2783 = CARTESIAN_POINT('',(66.161113537549,-9.136238890687,0.));
#2784 = VECTOR('',#2785,1.);
#2785 = DIRECTION('',(0.,0.,-1.));
#2786 = ORIENTED_EDGE('',*,*,#2787,.T.);
#2787 = EDGE_CURVE('',#2780,#2788,#2790,.T.);
#2788 = VERTEX_POINT('',#2789);
#2789 = CARTESIAN_POINT('',(64.79818635678,-7.770636112641,-3.));
#2790 = B_SPLINE_CURVE_WITH_KNOTS('',3,(#2791,#2792,#2793,#2794),
  .UNSPECIFIED.,.F.,.F.,(4,4),(0.,1.),.PIECEWISE_BEZIER_KNOTS.);
#2791 = CARTESIAN_POINT('',(66.161113537549,-9.136238890687,-3.));
#2792 = CARTESIAN_POINT('',(65.408546824614,-9.136238890687,-3.));
#2793 = CARTESIAN_POINT('',(64.79818635678,-8.5245222239,-3.));
#2794 = CARTESIAN_POINT('',(64.79818635678,-7.770636112641,-3.));
#2795 = ORIENTED_EDGE('',*,*,#2796,.F.);
#2796 = EDGE_CURVE('',#2058,#2788,#2797,.T.);
#2797 = LINE('',#2798,#2799);
#2798 = CARTESIAN_POINT('',(64.79818635678,-7.770636112641,0.));
#2799 = VECTOR('',#2800,1.);
#2800 = DIRECTION('',(0.,0.,-1.));
#2801 = ORIENTED_EDGE('',*,*,#2065,.F.);
#2802 = SURFACE_OF_LINEAR_EXTRUSION('',#2803,#2808);
#2803 = B_SPLINE_CURVE_WITH_KNOTS('',3,(#2804,#2805,#2806,#2807),
  .UNSPECIFIED.,.F.,.F.,(4,4),(0.,1.),.PIECEWISE_BEZIER_KNOTS.);
#2804 = CARTESIAN_POINT('',(66.161113537549,-9.136238890687,0.));
#2805 = CARTESIAN_POINT('',(65.408546824614,-9.136238890687,0.));
#2806 = CARTESIAN_POINT('',(64.79818635678,-8.5245222239,0.));
#2807 = CARTESIAN_POINT('',(64.79818635678,-7.770636112641,0.));
#2808 = VECTOR('',#2809,1.);
#2809 = DIRECTION('',(0.,0.,1.));
#2810 = ADVANCED_FACE('',(#2811),#2830,.T.);
#2811 = FACE_BOUND('',#2812,.T.);
#2812 = EDGE_LOOP('',(#2813,#2821,#2828,#2829));
#2813 = ORIENTED_EDGE('',*,*,#2814,.T.);
#2814 = EDGE_CURVE('',#2084,#2815,#2817,.T.);
#2815 = VERTEX_POINT('',#2816);
#2816 = CARTESIAN_POINT('',(67.523688722662,-7.770636112641,-3.));
#2817 = LINE('',#2818,#2819);
#2818 = CARTESIAN_POINT('',(67.523688722662,-7.770636112641,0.));
#2819 = VECTOR('',#2820,1.);
#2820 = DIRECTION('',(0.,0.,-1.));
#2821 = ORIENTED_EDGE('',*,*,#2822,.T.);
#2822 = EDGE_CURVE('',#2815,#2780,#2823,.T.);
#2823 = B_SPLINE_CURVE_WITH_KNOTS('',3,(#2824,#2825,#2826,#2827),
  .UNSPECIFIED.,.F.,.F.,(4,4),(0.,1.),.PIECEWISE_BEZIER_KNOTS.);
#2824 = CARTESIAN_POINT('',(67.523688722662,-7.770636112641,-3.));
#2825 = CARTESIAN_POINT('',(67.523688722662,-8.5245222239,-3.));
#2826 = CARTESIAN_POINT('',(66.913328254828,-9.136238890687,-3.));
#2827 = CARTESIAN_POINT('',(66.161113537549,-9.136238890687,-3.));
#2828 = ORIENTED_EDGE('',*,*,#2779,.F.);
#2829 = ORIENTED_EDGE('',*,*,#2093,.F.);
#2830 = SURFACE_OF_LINEAR_EXTRUSION('',#2831,#2836);
#2831 = B_SPLINE_CURVE_WITH_KNOTS('',3,(#2832,#2833,#2834,#2835),
  .UNSPECIFIED.,.F.,.F.,(4,4),(0.,1.),.PIECEWISE_BEZIER_KNOTS.);
#2832 = CARTESIAN_POINT('',(67.523688722662,-7.770636112641,0.));
#2833 = CARTESIAN_POINT('',(67.523688722662,-8.5245222239,0.));
#2834 = CARTESIAN_POINT('',(66.913328254828,-9.136238890687,0.));
#2835 = CARTESIAN_POINT('',(66.161113537549,-9.136238890687,0.));
#2836 = VECTOR('',#2837,1.);
#2837 = DIRECTION('',(0.,0.,1.));
#2838 = ADVANCED_FACE('',(#2839),#2858,.T.);
#2839 = FACE_BOUND('',#2840,.T.);
#2840 = EDGE_LOOP('',(#2841,#2842,#2851,#2857));
#2841 = ORIENTED_EDGE('',*,*,#2796,.T.);
#2842 = ORIENTED_EDGE('',*,*,#2843,.T.);
#2843 = EDGE_CURVE('',#2788,#2844,#2846,.T.);
#2844 = VERTEX_POINT('',#2845);
#2845 = CARTESIAN_POINT('',(66.161113537549,-6.405033334594,-3.));
#2846 = B_SPLINE_CURVE_WITH_KNOTS('',3,(#2847,#2848,#2849,#2850),
  .UNSPECIFIED.,.F.,.F.,(4,4),(0.,1.),.PIECEWISE_BEZIER_KNOTS.);
#2847 = CARTESIAN_POINT('',(64.79818635678,-7.770636112641,-3.));
#2848 = CARTESIAN_POINT('',(64.79818635678,-7.017102779159,-3.));
#2849 = CARTESIAN_POINT('',(65.408546824614,-6.405033334594,-3.));
#2850 = CARTESIAN_POINT('',(66.161113537549,-6.405033334594,-3.));
#2851 = ORIENTED_EDGE('',*,*,#2852,.F.);
#2852 = EDGE_CURVE('',#2114,#2844,#2853,.T.);
#2853 = LINE('',#2854,#2855);
#2854 = CARTESIAN_POINT('',(66.161113537549,-6.405033334594,0.));
#2855 = VECTOR('',#2856,1.);
#2856 = DIRECTION('',(0.,0.,-1.));
#2857 = ORIENTED_EDGE('',*,*,#2121,.F.);
#2858 = SURFACE_OF_LINEAR_EXTRUSION('',#2859,#2864);
#2859 = B_SPLINE_CURVE_WITH_KNOTS('',3,(#2860,#2861,#2862,#2863),
  .UNSPECIFIED.,.F.,.F.,(4,4),(0.,1.),.PIECEWISE_BEZIER_KNOTS.);
#2860 = CARTESIAN_POINT('',(64.79818635678,-7.770636112641,0.));
#2861 = CARTESIAN_POINT('',(64.79818635678,-7.017102779159,0.));
#2862 = CARTESIAN_POINT('',(65.408546824614,-6.405033334594,0.));
#2863 = CARTESIAN_POINT('',(66.161113537549,-6.405033334594,0.));
#2864 = VECTOR('',#2865,1.);
#2865 = DIRECTION('',(0.,0.,1.));
#2866 = ADVANCED_FACE('',(#2867),#2879,.T.);
#2867 = FACE_BOUND('',#2868,.T.);
#2868 = EDGE_LOOP('',(#2869,#2870,#2877,#2878));
#2869 = ORIENTED_EDGE('',*,*,#2852,.T.);
#2870 = ORIENTED_EDGE('',*,*,#2871,.T.);
#2871 = EDGE_CURVE('',#2844,#2815,#2872,.T.);
#2872 = B_SPLINE_CURVE_WITH_KNOTS('',3,(#2873,#2874,#2875,#2876),
  .UNSPECIFIED.,.F.,.F.,(4,4),(0.,1.),.PIECEWISE_BEZIER_KNOTS.);
#2873 = CARTESIAN_POINT('',(66.161113537549,-6.405033334594,-3.));
#2874 = CARTESIAN_POINT('',(66.913328254828,-6.405033334594,-3.));
#2875 = CARTESIAN_POINT('',(67.523688722662,-7.017102779159,-3.));
#2876 = CARTESIAN_POINT('',(67.523688722662,-7.770636112641,-3.));
#2877 = ORIENTED_EDGE('',*,*,#2814,.F.);
#2878 = ORIENTED_EDGE('',*,*,#2142,.F.);
#2879 = SURFACE_OF_LINEAR_EXTRUSION('',#2880,#2885);
#2880 = B_SPLINE_CURVE_WITH_KNOTS('',3,(#2881,#2882,#2883,#2884),
  .UNSPECIFIED.,.F.,.F.,(4,4),(0.,1.),.PIECEWISE_BEZIER_KNOTS.);
#2881 = CARTESIAN_POINT('',(66.161113537549,-6.405033334594,0.));
#2882 = CARTESIAN_POINT('',(66.913328254828,-6.405033334594,0.));
#2883 = CARTESIAN_POINT('',(67.523688722662,-7.017102779159,0.));
#2884 = CARTESIAN_POINT('',(67.523688722662,-7.770636112641,0.));
#2885 = VECTOR('',#2886,1.);
#2886 = DIRECTION('',(0.,0.,1.));
#2887 = ADVANCED_FACE('',(#2888),#2922,.T.);
#2888 = FACE_BOUND('',#2889,.T.);
#2889 = EDGE_LOOP('',(#2890,#2898,#2899,#2907));
#2890 = ORIENTED_EDGE('',*,*,#2891,.T.);
#2891 = EDGE_CURVE('',#2892,#2161,#2894,.T.);
#2892 = VERTEX_POINT('',#2893);
#2893 = CARTESIAN_POINT('',(88.174770551098,-7.214037530639,0.));
#2894 = ( BOUNDED_CURVE() B_SPLINE_CURVE(2,(#2895,#2896,#2897),
.UNSPECIFIED.,.F.,.F.) B_SPLINE_CURVE_WITH_KNOTS((3,3),(0.,
50.986191561895),.PIECEWISE_BEZIER_KNOTS.) CURVE() 
GEOMETRIC_REPRESENTATION_ITEM() RATIONAL_B_SPLINE_CURVE((1.,
0.707106781187,1.)) REPRESENTATION_ITEM('') );
#2895 = CARTESIAN_POINT('',(88.174770551098,-7.214037530639,0.));
#2896 = CARTESIAN_POINT('',(88.774770551098,-7.214037530639,1.1E-16));
#2897 = CARTESIAN_POINT('',(88.774770551098,-7.214037530639,0.6));
#2898 = ORIENTED_EDGE('',*,*,#2177,.T.);
#2899 = ORIENTED_EDGE('',*,*,#2900,.F.);
#2900 = EDGE_CURVE('',#2901,#2170,#2903,.T.);
#2901 = VERTEX_POINT('',#2902);
#2902 = CARTESIAN_POINT('',(88.186104788306,-57.60037403348,0.));
#2903 = ( BOUNDED_CURVE() B_SPLINE_CURVE(2,(#2904,#2905,#2906),
.UNSPECIFIED.,.F.,.F.) B_SPLINE_CURVE_WITH_KNOTS((3,3),(0.,
50.986191561895),.PIECEWISE_BEZIER_KNOTS.) CURVE() 
GEOMETRIC_REPRESENTATION_ITEM() RATIONAL_B_SPLINE_CURVE((1.,
0.707106781187,1.)) REPRESENTATION_ITEM('') );
#2904 = CARTESIAN_POINT('',(88.186104788306,-57.60037403348,0.));
#2905 = CARTESIAN_POINT('',(88.774770551098,-57.71644564809,1.1E-16));
#2906 = CARTESIAN_POINT('',(88.774770551098,-57.71644564809,0.6));
#2907 = ORIENTED_EDGE('',*,*,#2908,.F.);
#2908 = EDGE_CURVE('',#2892,#2901,#2909,.T.);
#2909 = ( BOUNDED_CURVE() B_SPLINE_CURVE(11,(#2910,#2911,#2912,#2913,
    #2914,#2915,#2916,#2917,#2918,#2919,#2920,#2921),.UNSPECIFIED.,.F.,
.F.) B_SPLINE_CURVE_WITH_KNOTS((12,12),(4.6E-16,50.986191561895),
.PIECEWISE_BEZIER_KNOTS.) CURVE() GEOMETRIC_REPRESENTATION_ITEM() 
RATIONAL_B_SPLINE_CURVE((1.,1.,1.,0.999999999999,1.000000000001,
    0.999999999998,1.000000000002,0.999999999999,1.000000000001,1.,1.,1.
)) REPRESENTATION_ITEM('') );
#2910 = CARTESIAN_POINT('',(88.174770551098,-7.214037530639,0.));
#2911 = CARTESIAN_POINT('',(88.174770551098,-11.80516554131,3.3E-16));
#2912 = CARTESIAN_POINT('',(88.174799488361,-16.39614367132,-1.28E-15));
#2913 = CARTESIAN_POINT('',(88.174592047078,-20.99112738001,1.72E-15));
#2914 = CARTESIAN_POINT('',(88.175325907442,-25.59123026727,1.67E-15));
#2915 = CARTESIAN_POINT('',(88.173661007481,-30.22376285386,-1.188E-14)
  );
#2916 = CARTESIAN_POINT('',(88.176684978169,-34.84889559415,2.442E-14));
#2917 = CARTESIAN_POINT('',(88.174557094533,-39.55672632134,-2.859E-14)
  );
#2918 = CARTESIAN_POINT('',(88.177189539198,-44.23008765562,2.137E-14));
#2919 = CARTESIAN_POINT('',(88.173849442053,-48.86921759695,-1.049E-14)
  );
#2920 = CARTESIAN_POINT('',(88.169361860596,-53.12104594772,2.94E-15));
#2921 = CARTESIAN_POINT('',(88.186104788306,-57.60037403348,0.));
#2922 = ( BOUNDED_SURFACE() B_SPLINE_SURFACE(2,11,(
    (#2923,#2924,#2925,#2926,#2927,#2928,#2929,#2930,#2931,#2932,#2933
      ,#2934)
    ,(#2935,#2936,#2937,#2938,#2939,#2940,#2941,#2942,#2943,#2944,#2945
      ,#2946)
    ,(#2947,#2948,#2949,#2950,#2951,#2952,#2953,#2954,#2955,#2956,#2957
,#2958
    )),.UNSPECIFIED.,.F.,.F.,.F.) B_SPLINE_SURFACE_WITH_KNOTS((3,3),(12,
    12),(0.,50.986191561895),(4.6E-16,50.986191561895),
.PIECEWISE_BEZIER_KNOTS.) GEOMETRIC_REPRESENTATION_ITEM() 
RATIONAL_B_SPLINE_SURFACE((
    (1.,1.,1.,0.999999999999,1.000000000001,0.999999999998
      ,1.000000000002,0.999999999999,1.000000000001,1.,1.,1.)
    ,(0.707106781187,0.707106781187,0.707106781187,0.707106781186
      ,0.707106781187,0.707106781186,0.707106781187,0.707106781186
      ,0.707106781187,0.707106781186,0.707106781187,0.707106781187)
    ,(1.,1.,1.,0.999999999999,1.000000000001,0.999999999998
      ,1.000000000002,0.999999999999,1.000000000001,1.,1.,1.
))) REPRESENTATION_ITEM('') SURFACE() );
#2923 = CARTESIAN_POINT('',(88.174770551098,-7.214037530639,0.));
#2924 = CARTESIAN_POINT('',(88.174770551098,-11.80516554131,3.3E-16));
#2925 = CARTESIAN_POINT('',(88.174799488361,-16.39614367132,-1.28E-15));
#2926 = CARTESIAN_POINT('',(88.174592047078,-20.99112738001,1.72E-15));
#2927 = CARTESIAN_POINT('',(88.175325907442,-25.59123026727,1.67E-15));
#2928 = CARTESIAN_POINT('',(88.173661007481,-30.22376285386,-1.188E-14)
  );
#2929 = CARTESIAN_POINT('',(88.176684978169,-34.84889559415,2.442E-14));
#2930 = CARTESIAN_POINT('',(88.174557094533,-39.55672632134,-2.859E-14)
  );
#2931 = CARTESIAN_POINT('',(88.177189539198,-44.23008765562,2.137E-14));
#2932 = CARTESIAN_POINT('',(88.173849442053,-48.86921759695,-1.049E-14)
  );
#2933 = CARTESIAN_POINT('',(88.169361860596,-53.12104594772,2.94E-15));
#2934 = CARTESIAN_POINT('',(88.186104788306,-57.60037403348,0.));
#2935 = CARTESIAN_POINT('',(88.774770551098,-7.214037530639,1.1E-16));
#2936 = CARTESIAN_POINT('',(88.774770551098,-11.80516554131,4.39E-15));
#2937 = CARTESIAN_POINT('',(88.774770551097,-16.39615369517,-1.832E-14)
  );
#2938 = CARTESIAN_POINT('',(88.774770551098,-20.98831597476,4.73E-14));
#2939 = CARTESIAN_POINT('',(88.774770551099,-25.58219830899,-8.504E-14)
  );
#2940 = CARTESIAN_POINT('',(88.774770551095,-30.20436050331,1.138E-13));
#2941 = CARTESIAN_POINT('',(88.774770551101,-34.82083351932,-1.1269E-13)
  );
#2942 = CARTESIAN_POINT('',(88.774770551094,-39.51992992399,8.321E-14));
#2943 = CARTESIAN_POINT('',(88.774770551099,-44.1992725113,-4.485E-14));
#2944 = CARTESIAN_POINT('',(88.774770551097,-48.8518090155,1.699E-14));
#2945 = CARTESIAN_POINT('',(88.774770551098,-53.15220456834,-3.5E-15));
#2946 = CARTESIAN_POINT('',(88.774770551098,-57.71644564809,1.1E-16));
#2947 = CARTESIAN_POINT('',(88.774770551098,-7.214037530639,0.6));
#2948 = CARTESIAN_POINT('',(88.774770551098,-11.80516554131,0.6));
#2949 = CARTESIAN_POINT('',(88.774770551098,-16.39615369517,0.6));
#2950 = CARTESIAN_POINT('',(88.774770551098,-20.98831597475,0.6));
#2951 = CARTESIAN_POINT('',(88.774770551098,-25.58219830899,0.6));
#2952 = CARTESIAN_POINT('',(88.774770551098,-30.2043605033,0.6));
#2953 = CARTESIAN_POINT('',(88.774770551098,-34.82083351932,0.6));
#2954 = CARTESIAN_POINT('',(88.774770551098,-39.51992992399,0.6));
#2955 = CARTESIAN_POINT('',(88.774770551098,-44.1992725113,0.6));
#2956 = CARTESIAN_POINT('',(88.774770551098,-48.8518090155,0.6));
#2957 = CARTESIAN_POINT('',(88.774770551098,-53.15220456834,0.6));
#2958 = CARTESIAN_POINT('',(88.774770551098,-57.71644564809,0.6));
#2959 = ADVANCED_FACE('',(#2960),#2987,.T.);
#2960 = FACE_BOUND('',#2961,.T.);
#2961 = EDGE_LOOP('',(#2962,#2970,#2971,#2972));
#2962 = ORIENTED_EDGE('',*,*,#2963,.T.);
#2963 = EDGE_CURVE('',#2964,#2202,#2966,.T.);
#2964 = VERTEX_POINT('',#2965);
#2965 = CARTESIAN_POINT('',(85.635891749226,-4.84132548214,0.));
#2966 = ( BOUNDED_CURVE() B_SPLINE_CURVE(2,(#2967,#2968,#2969),
.UNSPECIFIED.,.F.,.F.) B_SPLINE_CURVE_WITH_KNOTS((3,3),(0.,
80.497868206988),.PIECEWISE_BEZIER_KNOTS.) CURVE() 
GEOMETRIC_REPRESENTATION_ITEM() RATIONAL_B_SPLINE_CURVE((1.,
0.707106781187,1.)) REPRESENTATION_ITEM('') );
#2967 = CARTESIAN_POINT('',(85.635891749226,-4.84132548214,0.));
#2968 = CARTESIAN_POINT('',(85.751112331449,-4.252492553856,1.7E-16));
#2969 = CARTESIAN_POINT('',(85.751112331449,-4.252492553856,0.6));
#2970 = ORIENTED_EDGE('',*,*,#2211,.T.);
#2971 = ORIENTED_EDGE('',*,*,#2891,.F.);
#2972 = ORIENTED_EDGE('',*,*,#2973,.F.);
#2973 = EDGE_CURVE('',#2964,#2892,#2974,.T.);
#2974 = ( BOUNDED_CURVE() B_SPLINE_CURVE(11,(#2975,#2976,#2977,#2978,
    #2979,#2980,#2981,#2982,#2983,#2984,#2985,#2986),.UNSPECIFIED.,.F.,
.F.) B_SPLINE_CURVE_WITH_KNOTS((12,12),(277.7026927771,282.65682088951),
.PIECEWISE_BEZIER_KNOTS.) CURVE() GEOMETRIC_REPRESENTATION_ITEM() 
RATIONAL_B_SPLINE_CURVE((1.,1.,1.,0.999999999999,1.000000000001,
    0.999999999999,1.000000000001,0.999999999999,1.000000000001,1.,1.,1.
)) REPRESENTATION_ITEM('') );
#2975 = CARTESIAN_POINT('',(85.635891749226,-4.84132548214,0.));
#2976 = CARTESIAN_POINT('',(86.082549865855,-4.840308071245,1.22E-15));
#2977 = CARTESIAN_POINT('',(86.484276387855,-4.90394635546,-5.33E-15));
#2978 = CARTESIAN_POINT('',(86.857690107106,-5.030179001492,1.349E-14));
#2979 = CARTESIAN_POINT('',(87.181869026048,-5.214875764891,-2.409E-14)
  );
#2980 = CARTESIAN_POINT('',(87.430292537074,-5.439091357554,3.247E-14));
#2981 = CARTESIAN_POINT('',(87.643443180066,-5.644653035052,-3.342E-14)
  );
#2982 = CARTESIAN_POINT('',(87.847453367357,-5.90902870959,2.542E-14));
#2983 = CARTESIAN_POINT('',(88.003514752741,-6.198583209423,-1.371E-14)
  );
#2984 = CARTESIAN_POINT('',(88.116033253831,-6.519274056526,5.E-15));
#2985 = CARTESIAN_POINT('',(88.174770551098,-6.858188896523,-1.11E-15));
#2986 = CARTESIAN_POINT('',(88.174770551098,-7.214037530639,0.));
#2987 = ( BOUNDED_SURFACE() B_SPLINE_SURFACE(2,11,(
    (#2988,#2989,#2990,#2991,#2992,#2993,#2994,#2995,#2996,#2997,#2998
      ,#2999)
    ,(#3000,#3001,#3002,#3003,#3004,#3005,#3006,#3007,#3008,#3009,#3010
      ,#3011)
    ,(#3012,#3013,#3014,#3015,#3016,#3017,#3018,#3019,#3020,#3021,#3022
,#3023
    )),.UNSPECIFIED.,.F.,.F.,.F.) B_SPLINE_SURFACE_WITH_KNOTS((3,3),(12,
    12),(0.,4.954128112404),(277.7026927771,282.65682088951),
.PIECEWISE_BEZIER_KNOTS.) GEOMETRIC_REPRESENTATION_ITEM() 
RATIONAL_B_SPLINE_SURFACE((
    (1.,1.,1.,0.999999999999,1.000000000001,0.999999999999
      ,1.000000000001,0.999999999999,1.000000000001,1.,1.,1.)
    ,(0.707106781187,0.707106781186,0.707106781187,0.707106781186
      ,0.707106781188,0.707106781185,0.707106781188,0.707106781185
      ,0.707106781187,0.707106781186,0.707106781187,0.707106781187)
    ,(1.,1.,1.,0.999999999999,1.000000000001,0.999999999999
      ,1.000000000001,0.999999999999,1.000000000001,1.,1.,1.
))) REPRESENTATION_ITEM('') SURFACE() );
#2988 = CARTESIAN_POINT('',(85.635891749226,-4.84132548214,0.));
#2989 = CARTESIAN_POINT('',(86.082549865855,-4.840308071245,1.22E-15));
#2990 = CARTESIAN_POINT('',(86.484276387855,-4.90394635546,-5.33E-15));
#2991 = CARTESIAN_POINT('',(86.857690107106,-5.030179001492,1.349E-14));
#2992 = CARTESIAN_POINT('',(87.181869026048,-5.214875764891,-2.409E-14)
  );
#2993 = CARTESIAN_POINT('',(87.430292537074,-5.439091357554,3.247E-14));
#2994 = CARTESIAN_POINT('',(87.643443180066,-5.644653035052,-3.342E-14)
  );
#2995 = CARTESIAN_POINT('',(87.847453367357,-5.90902870959,2.542E-14));
#2996 = CARTESIAN_POINT('',(88.003514752741,-6.198583209423,-1.371E-14)
  );
#2997 = CARTESIAN_POINT('',(88.116033253831,-6.519274056526,5.E-15));
#2998 = CARTESIAN_POINT('',(88.174770551098,-6.858188896523,-1.11E-15));
#2999 = CARTESIAN_POINT('',(88.174770551098,-7.214037530639,0.));
#3000 = CARTESIAN_POINT('',(85.751112331449,-4.252492553856,1.1E-16));
#3001 = CARTESIAN_POINT('',(86.202969910061,-4.252492553856,-1.388E-14)
  );
#3002 = CARTESIAN_POINT('',(86.642576278215,-4.323622706913,5.829E-14));
#3003 = CARTESIAN_POINT('',(87.076134472585,-4.462573274272,-1.4122E-13)
  );
#3004 = CARTESIAN_POINT('',(87.473542415684,-4.674429466105,2.4453E-13)
  );
#3005 = CARTESIAN_POINT('',(87.811476946226,-4.939609849964,-3.1813E-13)
  );
#3006 = CARTESIAN_POINT('',(88.099988237332,-5.222546288995,3.1886E-13)
  );
#3007 = CARTESIAN_POINT('',(88.358548415017,-5.559783042221,-2.4597E-13)
  );
#3008 = CARTESIAN_POINT('',(88.559092407535,-5.932234317048,1.4377E-13)
  );
#3009 = CARTESIAN_POINT('',(88.70104153143,-6.338788351086,-5.934E-14));
#3010 = CARTESIAN_POINT('',(88.774770551098,-6.767935642097,1.465E-14));
#3011 = CARTESIAN_POINT('',(88.774770551098,-7.214037530639,1.7E-16));
#3012 = CARTESIAN_POINT('',(85.751112331449,-4.252492553856,0.6));
#3013 = CARTESIAN_POINT('',(86.202969910061,-4.252492553856,0.6));
#3014 = CARTESIAN_POINT('',(86.642576278215,-4.323622706912,0.6));
#3015 = CARTESIAN_POINT('',(87.076134472585,-4.462573274273,0.6));
#3016 = CARTESIAN_POINT('',(87.473542415684,-4.674429466104,0.6));
#3017 = CARTESIAN_POINT('',(87.811476946226,-4.939609849966,0.6));
#3018 = CARTESIAN_POINT('',(88.099988237333,-5.222546288994,0.6));
#3019 = CARTESIAN_POINT('',(88.358548415016,-5.559783042222,0.6));
#3020 = CARTESIAN_POINT('',(88.559092407536,-5.932234317048,0.6));
#3021 = CARTESIAN_POINT('',(88.70104153143,-6.338788351086,0.6));
#3022 = CARTESIAN_POINT('',(88.774770551098,-6.767935642097,0.6));
#3023 = CARTESIAN_POINT('',(88.774770551098,-7.214037530639,0.6));
#3024 = ADVANCED_FACE('',(#3025),#3053,.T.);
#3025 = FACE_BOUND('',#3026,.T.);
#3026 = EDGE_LOOP('',(#3027,#3028,#3029,#3037));
#3027 = ORIENTED_EDGE('',*,*,#2900,.T.);
#3028 = ORIENTED_EDGE('',*,*,#2247,.T.);
#3029 = ORIENTED_EDGE('',*,*,#3030,.F.);
#3030 = EDGE_CURVE('',#3031,#2240,#3033,.T.);
#3031 = VERTEX_POINT('',#3032);
#3032 = CARTESIAN_POINT('',(85.635920663549,-60.08742478824,0.));
#3033 = ( BOUNDED_CURVE() B_SPLINE_CURVE(2,(#3034,#3035,#3036),
.UNSPECIFIED.,.F.,.F.) B_SPLINE_CURVE_WITH_KNOTS((3,3),(0.,
4.949942998899),.PIECEWISE_BEZIER_KNOTS.) CURVE() 
GEOMETRIC_REPRESENTATION_ITEM() RATIONAL_B_SPLINE_CURVE((1.,
0.707106781187,1.)) REPRESENTATION_ITEM('') );
#3034 = CARTESIAN_POINT('',(85.635920663549,-60.08742478824,0.));
#3035 = CARTESIAN_POINT('',(85.751112331449,-60.67626337363,1.1E-16));
#3036 = CARTESIAN_POINT('',(85.751112331449,-60.67626337363,0.6));
#3037 = ORIENTED_EDGE('',*,*,#3038,.F.);
#3038 = EDGE_CURVE('',#2901,#3031,#3039,.T.);
#3039 = ( BOUNDED_CURVE() B_SPLINE_CURVE(12,(#3040,#3041,#3042,#3043,
    #3044,#3045,#3046,#3047,#3048,#3049,#3050,#3051,#3052),
.UNSPECIFIED.,.F.,.F.) B_SPLINE_CURVE_WITH_KNOTS((13,13),(
50.986191561895,55.936134560794),.PIECEWISE_BEZIER_KNOTS.) CURVE() 
GEOMETRIC_REPRESENTATION_ITEM() RATIONAL_B_SPLINE_CURVE((1.,1.,1.,1.,1.,
1.,1.,1.,1.,1.,1.,1.,1.)) REPRESENTATION_ITEM('') );
#3040 = CARTESIAN_POINT('',(88.186104788306,-57.60037403348,0.));
#3041 = CARTESIAN_POINT('',(88.187594802707,-57.99900582999,1.132E-14));
#3042 = CARTESIAN_POINT('',(88.133892742505,-58.36031804948,-4.946E-14)
  );
#3043 = CARTESIAN_POINT('',(88.026383579998,-58.69838830167,1.2973E-13)
  );
#3044 = CARTESIAN_POINT('',(87.871444926739,-58.98452474722,-2.4597E-13)
  );
#3045 = CARTESIAN_POINT('',(87.679547302168,-59.23929909584,3.576E-13));
#3046 = CARTESIAN_POINT('',(87.48832876543,-59.38863357942,-4.0717E-13)
  );
#3047 = CARTESIAN_POINT('',(87.326620499491,-59.59138123949,3.646E-13));
#3048 = CARTESIAN_POINT('',(87.062512206523,-59.77533785546,-2.5435E-13)
  );
#3049 = CARTESIAN_POINT('',(86.765815696672,-59.93033021372,1.3489E-13)
  );
#3050 = CARTESIAN_POINT('',(86.416993826534,-60.03545116675,-5.151E-14)
  );
#3051 = CARTESIAN_POINT('',(86.045350416317,-60.08835695582,1.182E-14));
#3052 = CARTESIAN_POINT('',(85.635920663549,-60.08742478824,0.));
#3053 = ( BOUNDED_SURFACE() B_SPLINE_SURFACE(2,12,(
    (#3054,#3055,#3056,#3057,#3058,#3059,#3060,#3061,#3062,#3063,#3064
      ,#3065,#3066)
    ,(#3067,#3068,#3069,#3070,#3071,#3072,#3073,#3074,#3075,#3076,#3077
      ,#3078,#3079)
    ,(#3080,#3081,#3082,#3083,#3084,#3085,#3086,#3087,#3088,#3089,#3090
      ,#3091,#3092
)),.UNSPECIFIED.,.F.,.F.,.F.) B_SPLINE_SURFACE_WITH_KNOTS((3,3),(13,13),
  (0.,4.949942998899),(50.986191561895,55.936134560794),
.PIECEWISE_BEZIER_KNOTS.) GEOMETRIC_REPRESENTATION_ITEM() 
RATIONAL_B_SPLINE_SURFACE((
    (1.,1.,1.,1.,1.,1.,1.,1.,1.,1.,1.,1.,1.)
    ,(0.707106781187,0.707106781187,0.707106781187,0.707106781187
      ,0.707106781187,0.707106781187,0.707106781186,0.707106781187
      ,0.707106781186,0.707106781187,0.707106781187,0.707106781187
      ,0.707106781187)
,(1.,1.,1.,1.,1.,1.,1.,1.,1.,1.,1.,1.,1.
))) REPRESENTATION_ITEM('') SURFACE() );
#3054 = CARTESIAN_POINT('',(88.186104788306,-57.60037403348,0.));
#3055 = CARTESIAN_POINT('',(88.187594802707,-57.99900582999,1.132E-14));
#3056 = CARTESIAN_POINT('',(88.133892742505,-58.36031804948,-4.946E-14)
  );
#3057 = CARTESIAN_POINT('',(88.026383579998,-58.69838830167,1.2973E-13)
  );
#3058 = CARTESIAN_POINT('',(87.871444926739,-58.98452474722,-2.4597E-13)
  );
#3059 = CARTESIAN_POINT('',(87.679547302168,-59.23929909584,3.576E-13));
#3060 = CARTESIAN_POINT('',(87.48832876543,-59.38863357942,-4.0717E-13)
  );
#3061 = CARTESIAN_POINT('',(87.326620499491,-59.59138123949,3.646E-13));
#3062 = CARTESIAN_POINT('',(87.062512206523,-59.77533785546,-2.5435E-13)
  );
#3063 = CARTESIAN_POINT('',(86.765815696672,-59.93033021372,1.3489E-13)
  );
#3064 = CARTESIAN_POINT('',(86.416993826534,-60.03545116675,-5.151E-14)
  );
#3065 = CARTESIAN_POINT('',(86.045350416317,-60.08835695582,1.182E-14));
#3066 = CARTESIAN_POINT('',(85.635920663549,-60.08742478824,0.));
#3067 = CARTESIAN_POINT('',(88.774770551098,-57.71644564809,1.1E-16));
#3068 = CARTESIAN_POINT('',(88.774770551098,-58.12263416264,1.06E-14));
#3069 = CARTESIAN_POINT('',(88.714027740703,-58.51887102146,-4.574E-14)
  );
#3070 = CARTESIAN_POINT('',(88.59469971292,-58.91046275606,1.1768E-13));
#3071 = CARTESIAN_POINT('',(88.415109257246,-59.27070936604,-2.1644E-13)
  );
#3072 = CARTESIAN_POINT('',(88.185398762075,-59.59563630585,3.0503E-13)
  );
#3073 = CARTESIAN_POINT('',(87.934800261811,-59.85101837558,-3.3457E-13)
  );
#3074 = CARTESIAN_POINT('',(87.669948003758,-60.1023112807,2.8622E-13));
#3075 = CARTESIAN_POINT('',(87.336944299846,-60.32490818587,-1.8896E-13)
  );
#3076 = CARTESIAN_POINT('',(86.968684357713,-60.50093511654,9.404E-14));
#3077 = CARTESIAN_POINT('',(86.569141623047,-60.61702133278,-3.325E-14)
  );
#3078 = CARTESIAN_POINT('',(86.1653071532,-60.67626337363,7.44E-15));
#3079 = CARTESIAN_POINT('',(85.751112331449,-60.67626337363,1.1E-16));
#3080 = CARTESIAN_POINT('',(88.774770551098,-57.71644564809,0.6));
#3081 = CARTESIAN_POINT('',(88.774770551098,-58.12263416264,0.6));
#3082 = CARTESIAN_POINT('',(88.714027740703,-58.51887102146,0.6));
#3083 = CARTESIAN_POINT('',(88.594699712918,-58.91046275606,0.6));
#3084 = CARTESIAN_POINT('',(88.415109257253,-59.27070936604,0.6));
#3085 = CARTESIAN_POINT('',(88.185398762064,-59.59563630585,0.6));
#3086 = CARTESIAN_POINT('',(87.934800261825,-59.85101837558,0.6));
#3087 = CARTESIAN_POINT('',(87.669948003747,-60.1023112807,0.6));
#3088 = CARTESIAN_POINT('',(87.336944299851,-60.32490818587,0.6));
#3089 = CARTESIAN_POINT('',(86.968684357711,-60.50093511654,0.6));
#3090 = CARTESIAN_POINT('',(86.569141623047,-60.61702133278,0.6));
#3091 = CARTESIAN_POINT('',(86.1653071532,-60.67626337363,0.6));
#3092 = CARTESIAN_POINT('',(85.751112331449,-60.67626337363,0.6));
#3093 = ADVANCED_FACE('',(#3094),#3121,.T.);
#3094 = FACE_BOUND('',#3095,.T.);
#3095 = EDGE_LOOP('',(#3096,#3104,#3105,#3106));
#3096 = ORIENTED_EDGE('',*,*,#3097,.T.);
#3097 = EDGE_CURVE('',#3098,#2275,#3100,.T.);
#3098 = VERTEX_POINT('',#3099);
#3099 = CARTESIAN_POINT('',(4.44107229336,-4.841309673059,0.));
#3100 = ( BOUNDED_CURVE() B_SPLINE_CURVE(2,(#3101,#3102,#3103),
.UNSPECIFIED.,.F.,.F.) B_SPLINE_CURVE_WITH_KNOTS((3,3),(0.,
4.949942998899),.PIECEWISE_BEZIER_KNOTS.) CURVE() 
GEOMETRIC_REPRESENTATION_ITEM() RATIONAL_B_SPLINE_CURVE((1.,
0.707106781187,1.)) REPRESENTATION_ITEM('') );
#3101 = CARTESIAN_POINT('',(4.44107229336,-4.841309673059,0.));
#3102 = CARTESIAN_POINT('',(4.325770948469,-4.252492553856,1.1E-16));
#3103 = CARTESIAN_POINT('',(4.325770948469,-4.252492553856,0.6));
#3104 = ORIENTED_EDGE('',*,*,#2284,.T.);
#3105 = ORIENTED_EDGE('',*,*,#2963,.F.);
#3106 = ORIENTED_EDGE('',*,*,#3107,.F.);
#3107 = EDGE_CURVE('',#3098,#2964,#3108,.T.);
#3108 = ( BOUNDED_CURVE() B_SPLINE_CURVE(11,(#3109,#3110,#3111,#3112,
    #3113,#3114,#3115,#3116,#3117,#3118,#3119,#3120),.UNSPECIFIED.,.F.,
.F.) B_SPLINE_CURVE_WITH_KNOTS((12,12),(197.20482457012,277.7026927771),
.PIECEWISE_BEZIER_KNOTS.) CURVE() GEOMETRIC_REPRESENTATION_ITEM() 
RATIONAL_B_SPLINE_CURVE((1.,1.,1.,1.000000000001,0.999999999999,
    1.000000000001,0.999999999999,1.000000000001,1.,1.,1.,1.)) 
REPRESENTATION_ITEM('') );
#3109 = CARTESIAN_POINT('',(4.44107229336,-4.841309673059,0.));
#3110 = CARTESIAN_POINT('',(11.70023815497,-4.857861203123,-1.5E-15));
#3111 = CARTESIAN_POINT('',(18.58878001075,-4.853312783874,6.E-15));
#3112 = CARTESIAN_POINT('',(26.085057501334,-4.849823006395,-1.299E-14)
  );
#3113 = CARTESIAN_POINT('',(33.678515105063,-4.852483303944,2.032E-14));
#3114 = CARTESIAN_POINT('',(41.316677014254,-4.853245307882,-2.748E-14)
  );
#3115 = CARTESIAN_POINT('',(48.760732060438,-4.853253517631,3.575E-14));
#3116 = CARTESIAN_POINT('',(56.39915255134,-4.852477807763,-3.997E-14));
#3117 = CARTESIAN_POINT('',(63.992684783707,-4.849833082276,3.22E-14));
#3118 = CARTESIAN_POINT('',(71.489365910099,-4.853305157595,-1.704E-14)
  );
#3119 = CARTESIAN_POINT('',(78.378302645722,-4.857857030445,4.88E-15));
#3120 = CARTESIAN_POINT('',(85.635891749226,-4.84132548214,0.));
#3121 = ( BOUNDED_SURFACE() B_SPLINE_SURFACE(2,11,(
    (#3122,#3123,#3124,#3125,#3126,#3127,#3128,#3129,#3130,#3131,#3132
      ,#3133)
    ,(#3134,#3135,#3136,#3137,#3138,#3139,#3140,#3141,#3142,#3143,#3144
      ,#3145)
    ,(#3146,#3147,#3148,#3149,#3150,#3151,#3152,#3153,#3154,#3155,#3156
,#3157
    )),.UNSPECIFIED.,.F.,.F.,.F.) B_SPLINE_SURFACE_WITH_KNOTS((3,3),(12,
    12),(0.,80.497868206988),(197.20482457012,277.7026927771),
.PIECEWISE_BEZIER_KNOTS.) GEOMETRIC_REPRESENTATION_ITEM() 
RATIONAL_B_SPLINE_SURFACE((
    (1.,1.,1.,1.000000000001,0.999999999999,1.000000000001
      ,0.999999999999,1.000000000001,1.,1.,1.,1.)
    ,(0.707106781187,0.707106781187,0.707106781186,0.707106781187
      ,0.707106781186,0.707106781187,0.707106781186,0.707106781187
      ,0.707106781186,0.707106781187,0.707106781187,0.707106781187)
    ,(1.,1.,1.,1.000000000001,0.999999999999,1.000000000001
,0.999999999999,1.000000000001,1.,1.,1.,1.
))) REPRESENTATION_ITEM('') SURFACE() );
#3122 = CARTESIAN_POINT('',(4.44107229336,-4.841309673059,0.));
#3123 = CARTESIAN_POINT('',(11.70023815497,-4.857861203123,-1.5E-15));
#3124 = CARTESIAN_POINT('',(18.58878001075,-4.853312783874,6.E-15));
#3125 = CARTESIAN_POINT('',(26.085057501334,-4.849823006395,-1.299E-14)
  );
#3126 = CARTESIAN_POINT('',(33.678515105063,-4.852483303944,2.032E-14));
#3127 = CARTESIAN_POINT('',(41.316677014254,-4.853245307882,-2.748E-14)
  );
#3128 = CARTESIAN_POINT('',(48.760732060438,-4.853253517631,3.575E-14));
#3129 = CARTESIAN_POINT('',(56.39915255134,-4.852477807763,-3.997E-14));
#3130 = CARTESIAN_POINT('',(63.992684783707,-4.849833082276,3.22E-14));
#3131 = CARTESIAN_POINT('',(71.489365910099,-4.853305157595,-1.704E-14)
  );
#3132 = CARTESIAN_POINT('',(78.378302645722,-4.857857030445,4.88E-15));
#3133 = CARTESIAN_POINT('',(85.635891749226,-4.84132548214,0.));
#3134 = CARTESIAN_POINT('',(4.325770948469,-4.252492553856,1.1E-16));
#3135 = CARTESIAN_POINT('',(11.669461619915,-4.252492553856,-3.61E-15));
#3136 = CARTESIAN_POINT('',(18.606045795832,-4.252492553856,1.554E-14));
#3137 = CARTESIAN_POINT('',(26.112917390343,-4.252492553856,-3.864E-14)
  );
#3138 = CARTESIAN_POINT('',(33.705457064493,-4.252492553856,6.944E-14));
#3139 = CARTESIAN_POINT('',(41.326545512631,-4.252492553855,-9.404E-14)
  );
#3140 = CARTESIAN_POINT('',(48.750904557716,-4.252492553856,9.914E-14));
#3141 = CARTESIAN_POINT('',(56.372249831459,-4.252492553856,-7.988E-14)
  );
#3142 = CARTESIAN_POINT('',(63.9648589321,-4.252492553856,4.835E-14));
#3143 = CARTESIAN_POINT('',(71.472116713628,-4.252492553856,-2.032E-14)
  );
#3144 = CARTESIAN_POINT('',(78.409039016796,-4.252492553856,5.11E-15));
#3145 = CARTESIAN_POINT('',(85.751112331449,-4.252492553856,1.7E-16));
#3146 = CARTESIAN_POINT('',(4.325770948469,-4.252492553856,0.6));
#3147 = CARTESIAN_POINT('',(11.669461619915,-4.252492553856,0.6));
#3148 = CARTESIAN_POINT('',(18.606045795832,-4.252492553856,0.6));
#3149 = CARTESIAN_POINT('',(26.112917390342,-4.252492553856,0.6));
#3150 = CARTESIAN_POINT('',(33.705457064495,-4.252492553856,0.6));
#3151 = CARTESIAN_POINT('',(41.326545512628,-4.252492553856,0.6));
#3152 = CARTESIAN_POINT('',(48.75090455772,-4.252492553856,0.6));
#3153 = CARTESIAN_POINT('',(56.372249831454,-4.252492553856,0.6));
#3154 = CARTESIAN_POINT('',(63.964858932104,-4.252492553856,0.6));
#3155 = CARTESIAN_POINT('',(71.472116713626,-4.252492553856,0.6));
#3156 = CARTESIAN_POINT('',(78.409039016796,-4.252492553856,0.6));
#3157 = CARTESIAN_POINT('',(85.751112331449,-4.252492553856,0.6));
#3158 = ADVANCED_FACE('',(#3159),#3186,.T.);
#3159 = FACE_BOUND('',#3160,.T.);
#3160 = EDGE_LOOP('',(#3161,#3162,#3163,#3171));
#3161 = ORIENTED_EDGE('',*,*,#3030,.T.);
#3162 = ORIENTED_EDGE('',*,*,#2318,.T.);
#3163 = ORIENTED_EDGE('',*,*,#3164,.F.);
#3164 = EDGE_CURVE('',#3165,#2311,#3167,.T.);
#3165 = VERTEX_POINT('',#3166);
#3166 = CARTESIAN_POINT('',(4.441043360323,-60.08744058954,0.));
#3167 = ( BOUNDED_CURVE() B_SPLINE_CURVE(2,(#3168,#3169,#3170),
.UNSPECIFIED.,.F.,.F.) B_SPLINE_CURVE_WITH_KNOTS((3,3),(0.,
80.429865784004),.PIECEWISE_BEZIER_KNOTS.) CURVE() 
GEOMETRIC_REPRESENTATION_ITEM() RATIONAL_B_SPLINE_CURVE((1.,
0.707106781187,1.)) REPRESENTATION_ITEM('') );
#3168 = CARTESIAN_POINT('',(4.441043360323,-60.08744058954,0.));
#3169 = CARTESIAN_POINT('',(4.325770948469,-60.67626337363,1.7E-16));
#3170 = CARTESIAN_POINT('',(4.325770948469,-60.67626337363,0.6));
#3171 = ORIENTED_EDGE('',*,*,#3172,.F.);
#3172 = EDGE_CURVE('',#3031,#3165,#3173,.T.);
#3173 = ( BOUNDED_CURVE() B_SPLINE_CURVE(11,(#3174,#3175,#3176,#3177,
    #3178,#3179,#3180,#3181,#3182,#3183,#3184,#3185),.UNSPECIFIED.,.F.,
.F.) B_SPLINE_CURVE_WITH_KNOTS((12,12),(55.936134560794,136.36600034479)
,.PIECEWISE_BEZIER_KNOTS.) CURVE() GEOMETRIC_REPRESENTATION_ITEM() 
RATIONAL_B_SPLINE_CURVE((1.,1.,1.,1.,1.,1.,1.,1.,1.,1.,1.,1.)) 
REPRESENTATION_ITEM('') );
#3174 = CARTESIAN_POINT('',(85.635920663549,-60.08742478824,0.));
#3175 = CARTESIAN_POINT('',(78.378453055161,-60.07090137725,2.66E-15));
#3176 = CARTESIAN_POINT('',(71.489293248082,-60.07545173386,-9.6E-15));
#3177 = CARTESIAN_POINT('',(63.992631547975,-60.07892072514,1.815E-14));
#3178 = CARTESIAN_POINT('',(56.399134829307,-60.07627880057,-2.015E-14)
  );
#3179 = CARTESIAN_POINT('',(48.760759966535,-60.07550251884,8.94E-15));
#3180 = CARTESIAN_POINT('',(41.316649131577,-60.07551072228,1.01E-14));
#3181 = CARTESIAN_POINT('',(33.678532835563,-60.07627330915,-2.293E-14)
  );
#3182 = CARTESIAN_POINT('',(26.08511089535,-60.07893079416,2.104E-14));
#3183 = CARTESIAN_POINT('',(18.58885274812,-60.07544411276,-1.132E-14));
#3184 = CARTESIAN_POINT('',(11.70008750385,-60.07089720596,3.44E-15));
#3185 = CARTESIAN_POINT('',(4.441043360323,-60.08744058954,0.));
#3186 = ( BOUNDED_SURFACE() B_SPLINE_SURFACE(2,11,(
    (#3187,#3188,#3189,#3190,#3191,#3192,#3193,#3194,#3195,#3196,#3197
      ,#3198)
    ,(#3199,#3200,#3201,#3202,#3203,#3204,#3205,#3206,#3207,#3208,#3209
      ,#3210)
    ,(#3211,#3212,#3213,#3214,#3215,#3216,#3217,#3218,#3219,#3220,#3221
,#3222
    )),.UNSPECIFIED.,.F.,.F.,.F.) B_SPLINE_SURFACE_WITH_KNOTS((3,3),(12,
    12),(0.,80.429865784004),(55.936134560794,136.36600034479),
.PIECEWISE_BEZIER_KNOTS.) GEOMETRIC_REPRESENTATION_ITEM() 
RATIONAL_B_SPLINE_SURFACE((
    (1.,1.,1.,1.,1.,1.,1.,1.,1.,1.,1.,1.)
    ,(0.707106781187,0.707106781187,0.707106781186,0.707106781187
      ,0.707106781186,0.707106781187,0.707106781186,0.707106781187
      ,0.707106781186,0.707106781187,0.707106781187,0.707106781187)
,(1.,1.,1.,1.,1.,1.,1.,1.,1.,1.,1.,1.
))) REPRESENTATION_ITEM('') SURFACE() );
#3187 = CARTESIAN_POINT('',(85.635920663549,-60.08742478824,0.));
#3188 = CARTESIAN_POINT('',(78.378453055161,-60.07090137725,2.66E-15));
#3189 = CARTESIAN_POINT('',(71.489293248082,-60.07545173386,-9.6E-15));
#3190 = CARTESIAN_POINT('',(63.992631547975,-60.07892072514,1.815E-14));
#3191 = CARTESIAN_POINT('',(56.399134829307,-60.07627880057,-2.015E-14)
  );
#3192 = CARTESIAN_POINT('',(48.760759966535,-60.07550251884,8.94E-15));
#3193 = CARTESIAN_POINT('',(41.316649131577,-60.07551072228,1.01E-14));
#3194 = CARTESIAN_POINT('',(33.678532835563,-60.07627330915,-2.293E-14)
  );
#3195 = CARTESIAN_POINT('',(26.08511089535,-60.07893079416,2.104E-14));
#3196 = CARTESIAN_POINT('',(18.58885274812,-60.07544411276,-1.132E-14));
#3197 = CARTESIAN_POINT('',(11.70008750385,-60.07089720596,3.44E-15));
#3198 = CARTESIAN_POINT('',(4.441043360323,-60.08744058954,0.));
#3199 = CARTESIAN_POINT('',(85.751112331449,-60.67626337363,6.E-17));
#3200 = CARTESIAN_POINT('',(78.409180090082,-60.67626337363,8.55E-15));
#3201 = CARTESIAN_POINT('',(71.472049797145,-60.67626337363,-3.83E-14));
#3202 = CARTESIAN_POINT('',(63.964812209398,-60.67626337363,9.959E-14));
#3203 = CARTESIAN_POINT('',(56.372239051626,-60.67626337363,-1.8013E-13)
  );
#3204 = CARTESIAN_POINT('',(48.75093570668,-60.67626337363,2.4203E-13));
#3205 = CARTESIAN_POINT('',(41.326514375212,-60.67626337363,-2.4447E-13)
  );
#3206 = CARTESIAN_POINT('',(33.705467844834,-60.67626337363,1.8763E-13)
  );
#3207 = CARTESIAN_POINT('',(26.112964261462,-60.67626337363,-1.0725E-13)
  );
#3208 = CARTESIAN_POINT('',(18.606112782295,-60.67626337363,4.291E-14));
#3209 = CARTESIAN_POINT('',(11.669320317667,-60.67626337363,-9.83E-15));
#3210 = CARTESIAN_POINT('',(4.325770948469,-60.67626337363,1.7E-16));
#3211 = CARTESIAN_POINT('',(85.751112331449,-60.67626337363,0.6));
#3212 = CARTESIAN_POINT('',(78.409180090083,-60.67626337363,0.6));
#3213 = CARTESIAN_POINT('',(71.472049797143,-60.67626337363,0.6));
#3214 = CARTESIAN_POINT('',(63.964812209402,-60.67626337363,0.6));
#3215 = CARTESIAN_POINT('',(56.372239051621,-60.67626337363,0.6));
#3216 = CARTESIAN_POINT('',(48.750935706683,-60.67626337363,0.6));
#3217 = CARTESIAN_POINT('',(41.326514375213,-60.67626337363,0.6));
#3218 = CARTESIAN_POINT('',(33.705467844829,-60.67626337363,0.6));
#3219 = CARTESIAN_POINT('',(26.112964261467,-60.67626337363,0.6));
#3220 = CARTESIAN_POINT('',(18.606112782292,-60.67626337363,0.6));
#3221 = CARTESIAN_POINT('',(11.669320317668,-60.67626337363,0.6));
#3222 = CARTESIAN_POINT('',(4.325770948469,-60.67626337363,0.6));
#3223 = ADVANCED_FACE('',(#3224),#3252,.T.);
#3224 = FACE_BOUND('',#3225,.T.);
#3225 = EDGE_LOOP('',(#3226,#3234,#3235,#3236));
#3226 = ORIENTED_EDGE('',*,*,#3227,.T.);
#3227 = EDGE_CURVE('',#3228,#2343,#3230,.T.);
#3228 = VERTEX_POINT('',#3229);
#3229 = CARTESIAN_POINT('',(1.892207443488,-7.330018627557,0.));
#3230 = ( BOUNDED_CURVE() B_SPLINE_CURVE(2,(#3231,#3232,#3233),
.UNSPECIFIED.,.F.,.F.) B_SPLINE_CURVE_WITH_KNOTS((3,3),(0.,
50.94311980556),.PIECEWISE_BEZIER_KNOTS.) CURVE() 
GEOMETRIC_REPRESENTATION_ITEM() RATIONAL_B_SPLINE_CURVE((1.,
0.707106781187,1.)) REPRESENTATION_ITEM('') );
#3231 = CARTESIAN_POINT('',(1.892207443488,-7.330018627557,0.));
#3232 = CARTESIAN_POINT('',(1.303523839879,-7.214037530639,1.7E-16));
#3233 = CARTESIAN_POINT('',(1.303523839879,-7.214037530639,0.6));
#3234 = ORIENTED_EDGE('',*,*,#2352,.T.);
#3235 = ORIENTED_EDGE('',*,*,#3097,.F.);
#3236 = ORIENTED_EDGE('',*,*,#3237,.F.);
#3237 = EDGE_CURVE('',#3228,#3098,#3238,.T.);
#3238 = ( BOUNDED_CURVE() B_SPLINE_CURVE(12,(#3239,#3240,#3241,#3242,
    #3243,#3244,#3245,#3246,#3247,#3248,#3249,#3250,#3251),
.UNSPECIFIED.,.F.,.F.) B_SPLINE_CURVE_WITH_KNOTS((13,13),(
192.25488157122,197.20482457012),.PIECEWISE_BEZIER_KNOTS.) CURVE() 
GEOMETRIC_REPRESENTATION_ITEM() RATIONAL_B_SPLINE_CURVE((1.,1.,1.,
    1.000000000001,0.999999999999,1.000000000002,0.999999999998,
    1.000000000002,0.999999999999,1.000000000001,1.,1.,1.)) 
REPRESENTATION_ITEM('') );
#3239 = CARTESIAN_POINT('',(1.892207443488,-7.330018627557,0.));
#3240 = CARTESIAN_POINT('',(1.890718286145,-6.931114328092,5.83E-15));
#3241 = CARTESIAN_POINT('',(1.944411643821,-6.569495683561,-2.748E-14));
#3242 = CARTESIAN_POINT('',(2.051902405986,-6.231124898845,7.727E-14));
#3243 = CARTESIAN_POINT('',(2.206894382942,-5.944704366526,-1.5987E-13)
  );
#3244 = CARTESIAN_POINT('',(2.398656846868,-5.689692443433,2.4902E-13));
#3245 = CARTESIAN_POINT('',(2.590214975917,-5.540049402721,-2.9488E-13)
  );
#3246 = CARTESIAN_POINT('',(2.751654407201,-5.337594842055,2.6912E-13));
#3247 = CARTESIAN_POINT('',(3.015560488802,-5.153468180222,-1.894E-13));
#3248 = CARTESIAN_POINT('',(3.311996702023,-4.99848531915,1.0142E-13));
#3249 = CARTESIAN_POINT('',(3.66054019752,-4.89331338119,-3.936E-14));
#3250 = CARTESIAN_POINT('',(4.031892689826,-4.840376707944,9.1E-15));
#3251 = CARTESIAN_POINT('',(4.44107229336,-4.841309673059,0.));
#3252 = ( BOUNDED_SURFACE() B_SPLINE_SURFACE(2,12,(
    (#3253,#3254,#3255,#3256,#3257,#3258,#3259,#3260,#3261,#3262,#3263
      ,#3264,#3265)
    ,(#3266,#3267,#3268,#3269,#3270,#3271,#3272,#3273,#3274,#3275,#3276
      ,#3277,#3278)
    ,(#3279,#3280,#3281,#3282,#3283,#3284,#3285,#3286,#3287,#3288,#3289
      ,#3290,#3291
)),.UNSPECIFIED.,.F.,.F.,.F.) B_SPLINE_SURFACE_WITH_KNOTS((3,3),(13,13),
  (0.,4.949942998899),(192.25488157122,197.20482457012),
.PIECEWISE_BEZIER_KNOTS.) GEOMETRIC_REPRESENTATION_ITEM() 
RATIONAL_B_SPLINE_SURFACE((
    (1.,1.,1.,1.000000000001,0.999999999999,1.000000000002
      ,0.999999999998,1.000000000002,0.999999999999,1.000000000001,1.,1.
      ,1.)
    ,(0.707106781187,0.707106781187,0.707106781186,0.707106781187
      ,0.707106781185,0.707106781188,0.707106781184,0.707106781188
      ,0.707106781185,0.707106781187,0.707106781186,0.707106781187
      ,0.707106781187)
    ,(1.,1.,1.,1.000000000001,0.999999999999,1.000000000002
      ,0.999999999998,1.000000000002,0.999999999999,1.000000000001,1.,1.
,1.))) REPRESENTATION_ITEM('') SURFACE() );
#3253 = CARTESIAN_POINT('',(1.892207443488,-7.330018627557,0.));
#3254 = CARTESIAN_POINT('',(1.890718286145,-6.931114328092,5.83E-15));
#3255 = CARTESIAN_POINT('',(1.944411643821,-6.569495683561,-2.748E-14));
#3256 = CARTESIAN_POINT('',(2.051902405986,-6.231124898845,7.727E-14));
#3257 = CARTESIAN_POINT('',(2.206894382942,-5.944704366526,-1.5987E-13)
  );
#3258 = CARTESIAN_POINT('',(2.398656846868,-5.689692443433,2.4902E-13));
#3259 = CARTESIAN_POINT('',(2.590214975917,-5.540049402721,-2.9488E-13)
  );
#3260 = CARTESIAN_POINT('',(2.751654407201,-5.337594842055,2.6912E-13));
#3261 = CARTESIAN_POINT('',(3.015560488802,-5.153468180222,-1.894E-13));
#3262 = CARTESIAN_POINT('',(3.311996702023,-4.99848531915,1.0142E-13));
#3263 = CARTESIAN_POINT('',(3.66054019752,-4.89331338119,-3.936E-14));
#3264 = CARTESIAN_POINT('',(4.031892689826,-4.840376707944,9.1E-15));
#3265 = CARTESIAN_POINT('',(4.44107229336,-4.841309673059,0.));
#3266 = CARTESIAN_POINT('',(1.303523839879,-7.214037530639,1.1E-16));
#3267 = CARTESIAN_POINT('',(1.303523839879,-6.807574736435,-9.27E-15));
#3268 = CARTESIAN_POINT('',(1.36424652253,-6.411054970774,4.186E-14));
#3269 = CARTESIAN_POINT('',(1.483547493113,-6.019209401208,-1.1141E-13)
  );
#3270 = CARTESIAN_POINT('',(1.663115484667,-5.658729347106,2.1322E-13));
#3271 = CARTESIAN_POINT('',(1.892731545763,-5.333603402252,-3.0947E-13)
  );
#3272 = CARTESIAN_POINT('',(2.143404599501,-5.07799884868,3.5172E-13));
#3273 = CARTESIAN_POINT('',(2.408069411736,-4.826746629616,-3.1619E-13)
  );
#3274 = CARTESIAN_POINT('',(2.740896155449,-4.604018911067,2.2482E-13));
#3275 = CARTESIAN_POINT('',(3.108946365867,-4.427925039046,-1.2318E-13)
  );
#3276 = CARTESIAN_POINT('',(3.508257998925,-4.311777907155,4.913E-14));
#3277 = CARTESIAN_POINT('',(3.911826909346,-4.252492553856,-1.149E-14));
#3278 = CARTESIAN_POINT('',(4.325770948469,-4.252492553856,1.1E-16));
#3279 = CARTESIAN_POINT('',(1.303523839879,-7.214037530639,0.6));
#3280 = CARTESIAN_POINT('',(1.303523839879,-6.807574736435,0.6));
#3281 = CARTESIAN_POINT('',(1.36424652253,-6.411054970774,0.6));
#3282 = CARTESIAN_POINT('',(1.483547493112,-6.019209401208,0.6));
#3283 = CARTESIAN_POINT('',(1.663115484668,-5.658729347105,0.6));
#3284 = CARTESIAN_POINT('',(1.892731545763,-5.333603402253,0.6));
#3285 = CARTESIAN_POINT('',(2.143404599501,-5.07799884868,0.6));
#3286 = CARTESIAN_POINT('',(2.408069411736,-4.826746629615,0.6));
#3287 = CARTESIAN_POINT('',(2.740896155448,-4.604018911067,0.6));
#3288 = CARTESIAN_POINT('',(3.108946365867,-4.427925039046,0.6));
#3289 = CARTESIAN_POINT('',(3.508257998925,-4.311777907155,0.6));
#3290 = CARTESIAN_POINT('',(3.911826909346,-4.252492553856,0.6));
#3291 = CARTESIAN_POINT('',(4.325770948469,-4.252492553856,0.6));
#3292 = ADVANCED_FACE('',(#3293),#3321,.T.);
#3293 = FACE_BOUND('',#3294,.T.);
#3294 = EDGE_LOOP('',(#3295,#3296,#3297,#3305));
#3295 = ORIENTED_EDGE('',*,*,#3164,.T.);
#3296 = ORIENTED_EDGE('',*,*,#2389,.T.);
#3297 = ORIENTED_EDGE('',*,*,#3298,.F.);
#3298 = EDGE_CURVE('',#3299,#2382,#3301,.T.);
#3299 = VERTEX_POINT('',#3300);
#3300 = CARTESIAN_POINT('',(1.89218960267,-57.60037403348,0.));
#3301 = ( BOUNDED_CURVE() B_SPLINE_CURVE(2,(#3302,#3303,#3304),
.UNSPECIFIED.,.F.,.F.) B_SPLINE_CURVE_WITH_KNOTS((3,3),(0.,
4.945761420864),.PIECEWISE_BEZIER_KNOTS.) CURVE() 
GEOMETRIC_REPRESENTATION_ITEM() RATIONAL_B_SPLINE_CURVE((1.,
0.707106781187,1.)) REPRESENTATION_ITEM('') );
#3302 = CARTESIAN_POINT('',(1.89218960267,-57.60037403348,0.));
#3303 = CARTESIAN_POINT('',(1.303523839879,-57.71644564809,1.1E-16));
#3304 = CARTESIAN_POINT('',(1.303523839879,-57.71644564809,0.6));
#3305 = ORIENTED_EDGE('',*,*,#3306,.F.);
#3306 = EDGE_CURVE('',#3165,#3299,#3307,.T.);
#3307 = ( BOUNDED_CURVE() B_SPLINE_CURVE(12,(#3308,#3309,#3310,#3311,
    #3312,#3313,#3314,#3315,#3316,#3317,#3318,#3319,#3320),
.UNSPECIFIED.,.F.,.F.) B_SPLINE_CURVE_WITH_KNOTS((13,13),(
136.36600034479,141.31176176566),.PIECEWISE_BEZIER_KNOTS.) CURVE() 
GEOMETRIC_REPRESENTATION_ITEM() RATIONAL_B_SPLINE_CURVE((1.,1.,
    1.000000000001,0.999999999997,1.000000000005,0.999999999993,
    1.000000000007,0.999999999994,1.000000000004,0.999999999998,
1.000000000001,1.,1.)) REPRESENTATION_ITEM('') );
#3308 = CARTESIAN_POINT('',(4.441043360323,-60.08744058954,0.));
#3309 = CARTESIAN_POINT('',(4.031870617709,-60.08837309546,9.16E-15));
#3310 = CARTESIAN_POINT('',(3.66050763522,-60.03544885307,-3.841E-14));
#3311 = CARTESIAN_POINT('',(3.3119541557,-59.93031483164,9.476E-14));
#3312 = CARTESIAN_POINT('',(3.015469236944,-59.77534712489,-1.6798E-13)
  );
#3313 = CARTESIAN_POINT('',(2.751597206381,-59.59136455008,2.281E-13));
#3314 = CARTESIAN_POINT('',(2.589953366614,-59.38885203369,-2.4508E-13)
  );
#3315 = CARTESIAN_POINT('',(2.398658113379,-59.23932146385,2.1239E-13));
#3316 = CARTESIAN_POINT('',(2.206861689099,-58.98458567878,-1.4821E-13)
  );
#3317 = CARTESIAN_POINT('',(2.051902296342,-58.69840559875,8.116E-14));
#3318 = CARTESIAN_POINT('',(1.944404293707,-58.360326288,-3.253E-14));
#3319 = CARTESIAN_POINT('',(1.89069958827,-57.99900582999,7.83E-15));
#3320 = CARTESIAN_POINT('',(1.89218960267,-57.60037403348,0.));
#3321 = ( BOUNDED_SURFACE() B_SPLINE_SURFACE(2,12,(
    (#3322,#3323,#3324,#3325,#3326,#3327,#3328,#3329,#3330,#3331,#3332
      ,#3333,#3334)
    ,(#3335,#3336,#3337,#3338,#3339,#3340,#3341,#3342,#3343,#3344,#3345
      ,#3346,#3347)
    ,(#3348,#3349,#3350,#3351,#3352,#3353,#3354,#3355,#3356,#3357,#3358
      ,#3359,#3360
)),.UNSPECIFIED.,.F.,.F.,.F.) B_SPLINE_SURFACE_WITH_KNOTS((3,3),(13,13),
  (0.,4.945761420864),(136.36600034479,141.31176176566),
.PIECEWISE_BEZIER_KNOTS.) GEOMETRIC_REPRESENTATION_ITEM() 
RATIONAL_B_SPLINE_SURFACE((
    (1.,1.,1.000000000001,0.999999999997,1.000000000005,0.999999999993
      ,1.000000000007,0.999999999994,1.000000000004,0.999999999998
      ,1.000000000001,1.,1.)
    ,(0.707106781187,0.707106781186,0.707106781188,0.707106781184
      ,0.707106781191,0.707106781181,0.707106781193,0.707106781181
      ,0.70710678119,0.707106781185,0.707106781187,0.707106781186
      ,0.707106781187)
    ,(1.,1.,1.000000000001,0.999999999997,1.000000000005,0.999999999993
      ,1.000000000007,0.999999999994,1.000000000004,0.999999999998
,1.000000000001,1.,1.))) REPRESENTATION_ITEM('') SURFACE() );
#3322 = CARTESIAN_POINT('',(4.441043360323,-60.08744058954,0.));
#3323 = CARTESIAN_POINT('',(4.031870617709,-60.08837309546,9.16E-15));
#3324 = CARTESIAN_POINT('',(3.66050763522,-60.03544885307,-3.841E-14));
#3325 = CARTESIAN_POINT('',(3.3119541557,-59.93031483164,9.476E-14));
#3326 = CARTESIAN_POINT('',(3.015469236944,-59.77534712489,-1.6798E-13)
  );
#3327 = CARTESIAN_POINT('',(2.751597206381,-59.59136455008,2.281E-13));
#3328 = CARTESIAN_POINT('',(2.589953366614,-59.38885203369,-2.4508E-13)
  );
#3329 = CARTESIAN_POINT('',(2.398658113379,-59.23932146385,2.1239E-13));
#3330 = CARTESIAN_POINT('',(2.206861689099,-58.98458567878,-1.4821E-13)
  );
#3331 = CARTESIAN_POINT('',(2.051902296342,-58.69840559875,8.116E-14));
#3332 = CARTESIAN_POINT('',(1.944404293707,-58.360326288,-3.253E-14));
#3333 = CARTESIAN_POINT('',(1.89069958827,-57.99900582999,7.83E-15));
#3334 = CARTESIAN_POINT('',(1.89218960267,-57.60037403348,0.));
#3335 = CARTESIAN_POINT('',(4.325770948469,-60.67626337363,1.1E-16));
#3336 = CARTESIAN_POINT('',(3.911834874173,-60.67626337363,-1.854E-14));
#3337 = CARTESIAN_POINT('',(3.508268302153,-60.61699531478,8.255E-14));
#3338 = CARTESIAN_POINT('',(3.108967471341,-60.50088818685,-2.1833E-13)
  );
#3339 = CARTESIAN_POINT('',(2.740912952182,-60.32484722326,4.17E-13));
#3340 = CARTESIAN_POINT('',(2.40811515074,-60.1022455596,-6.1207E-13));
#3341 = CARTESIAN_POINT('',(2.143367311535,-59.85105312269,7.1099E-13));
#3342 = CARTESIAN_POINT('',(1.89279923088,-59.59559844798,-6.5548E-13));
#3343 = CARTESIAN_POINT('',(1.663166343762,-59.27070777896,4.7368E-13));
#3344 = CARTESIAN_POINT('',(1.483585544864,-58.91045686736,-2.589E-13));
#3345 = CARTESIAN_POINT('',(1.364267063909,-58.51887128642,1.007E-13));
#3346 = CARTESIAN_POINT('',(1.303523839879,-58.12263416264,-2.293E-14));
#3347 = CARTESIAN_POINT('',(1.303523839879,-57.71644564809,1.1E-16));
#3348 = CARTESIAN_POINT('',(4.325770948469,-60.67626337363,0.6));
#3349 = CARTESIAN_POINT('',(3.911834874173,-60.67626337363,0.6));
#3350 = CARTESIAN_POINT('',(3.508268302154,-60.61699531478,0.6));
#3351 = CARTESIAN_POINT('',(3.108967471341,-60.50088818685,0.6));
#3352 = CARTESIAN_POINT('',(2.740912952182,-60.32484722327,0.6));
#3353 = CARTESIAN_POINT('',(2.408115150741,-60.1022455596,0.6));
#3354 = CARTESIAN_POINT('',(2.143367311534,-59.85105312269,0.6));
#3355 = CARTESIAN_POINT('',(1.892799230882,-59.59559844798,0.6));
#3356 = CARTESIAN_POINT('',(1.663166343761,-59.27070777896,0.6));
#3357 = CARTESIAN_POINT('',(1.483585544865,-58.91045686736,0.6));
#3358 = CARTESIAN_POINT('',(1.364267063909,-58.51887128642,0.6));
#3359 = CARTESIAN_POINT('',(1.303523839879,-58.12263416264,0.6));
#3360 = CARTESIAN_POINT('',(1.303523839879,-57.71644564809,0.6));
#3361 = ADVANCED_FACE('',(#3362),#3382,.T.);
#3362 = FACE_BOUND('',#3363,.T.);
#3363 = EDGE_LOOP('',(#3364,#3365,#3366,#3367));
#3364 = ORIENTED_EDGE('',*,*,#3298,.T.);
#3365 = ORIENTED_EDGE('',*,*,#2419,.T.);
#3366 = ORIENTED_EDGE('',*,*,#3227,.F.);
#3367 = ORIENTED_EDGE('',*,*,#3368,.F.);
#3368 = EDGE_CURVE('',#3299,#3228,#3369,.T.);
#3369 = ( BOUNDED_CURVE() B_SPLINE_CURVE(11,(#3370,#3371,#3372,#3373,
    #3374,#3375,#3376,#3377,#3378,#3379,#3380,#3381),.UNSPECIFIED.,.F.,
.F.) B_SPLINE_CURVE_WITH_KNOTS((12,12),(141.31176176566,192.25488157122)
,.PIECEWISE_BEZIER_KNOTS.) CURVE() GEOMETRIC_REPRESENTATION_ITEM() 
RATIONAL_B_SPLINE_CURVE((1.,1.,1.,1.,1.,1.,1.,1.,1.,1.,1.,1.)) 
REPRESENTATION_ITEM('') );
#3370 = CARTESIAN_POINT('',(1.89218960267,-57.60037403348,0.));
#3371 = CARTESIAN_POINT('',(1.908932530381,-53.12104594772,-9.16E-15));
#3372 = CARTESIAN_POINT('',(1.904415084516,-48.86938555158,3.886E-14));
#3373 = CARTESIAN_POINT('',(1.90075841891,-44.22639503587,-9.72E-14));
#3374 = CARTESIAN_POINT('',(1.903546829763,-39.51652824596,1.7381E-13));
#3375 = CARTESIAN_POINT('',(1.904278216712,-34.77627998493,-2.3598E-13)
  );
#3376 = CARTESIAN_POINT('',(1.90428757254,-30.15401197297,2.4708E-13));
#3377 = CARTESIAN_POINT('',(1.903541038675,-25.41368137923,-1.9845E-13)
  );
#3378 = CARTESIAN_POINT('',(1.900768069821,-20.7037983654,1.1907E-13));
#3379 = CARTESIAN_POINT('',(1.904408583325,-16.06064711416,-5.007E-14));
#3380 = CARTESIAN_POINT('',(1.908926604814,-11.80862216037,1.232E-14));
#3381 = CARTESIAN_POINT('',(1.892207443488,-7.330018627557,0.));
#3382 = ( BOUNDED_SURFACE() B_SPLINE_SURFACE(2,11,(
    (#3383,#3384,#3385,#3386,#3387,#3388,#3389,#3390,#3391,#3392,#3393
      ,#3394)
    ,(#3395,#3396,#3397,#3398,#3399,#3400,#3401,#3402,#3403,#3404,#3405
      ,#3406)
    ,(#3407,#3408,#3409,#3410,#3411,#3412,#3413,#3414,#3415,#3416,#3417
,#3418
    )),.UNSPECIFIED.,.F.,.F.,.F.) B_SPLINE_SURFACE_WITH_KNOTS((3,3),(12,
    12),(0.,50.94311980556),(141.31176176566,192.25488157122),
.PIECEWISE_BEZIER_KNOTS.) GEOMETRIC_REPRESENTATION_ITEM() 
RATIONAL_B_SPLINE_SURFACE((
    (1.,1.,1.,1.,1.,1.,1.,1.,1.,1.,1.,1.)
    ,(0.707106781187,0.707106781187,0.707106781187,0.707106781187
      ,0.707106781186,0.707106781187,0.707106781186,0.707106781187
      ,0.707106781186,0.707106781187,0.707106781187,0.707106781187)
,(1.,1.,1.,1.,1.,1.,1.,1.,1.,1.,1.,1.
))) REPRESENTATION_ITEM('') SURFACE() );
#3383 = CARTESIAN_POINT('',(1.89218960267,-57.60037403348,0.));
#3384 = CARTESIAN_POINT('',(1.908932530381,-53.12104594772,-9.16E-15));
#3385 = CARTESIAN_POINT('',(1.904415084516,-48.86938555158,3.886E-14));
#3386 = CARTESIAN_POINT('',(1.90075841891,-44.22639503587,-9.72E-14));
#3387 = CARTESIAN_POINT('',(1.903546829763,-39.51652824596,1.7381E-13));
#3388 = CARTESIAN_POINT('',(1.904278216712,-34.77627998493,-2.3598E-13)
  );
#3389 = CARTESIAN_POINT('',(1.90428757254,-30.15401197297,2.4708E-13));
#3390 = CARTESIAN_POINT('',(1.903541038675,-25.41368137923,-1.9845E-13)
  );
#3391 = CARTESIAN_POINT('',(1.900768069821,-20.7037983654,1.1907E-13));
#3392 = CARTESIAN_POINT('',(1.904408583325,-16.06064711416,-5.007E-14));
#3393 = CARTESIAN_POINT('',(1.908926604814,-11.80862216037,1.232E-14));
#3394 = CARTESIAN_POINT('',(1.892207443488,-7.330018627557,0.));
#3395 = CARTESIAN_POINT('',(1.303523839879,-57.71644564809,1.1E-16));
#3396 = CARTESIAN_POINT('',(1.303523839879,-53.15220456834,2.28E-15));
#3397 = CARTESIAN_POINT('',(1.303523839879,-48.85196415798,-8.94E-15));
#3398 = CARTESIAN_POINT('',(1.303523839879,-44.19825193117,2.437E-14));
#3399 = CARTESIAN_POINT('',(1.303523839879,-39.48941242292,-4.646E-14));
#3400 = CARTESIAN_POINT('',(1.303523839879,-34.76620700256,6.728E-14));
#3401 = CARTESIAN_POINT('',(1.303523839879,-30.16404219296,-7.111E-14));
#3402 = CARTESIAN_POINT('',(1.303523839879,-25.44075577341,5.396E-14));
#3403 = CARTESIAN_POINT('',(1.303523839879,-20.73190860365,-2.831E-14));
#3404 = CARTESIAN_POINT('',(1.303523839879,-16.07805017686,9.99E-15));
#3405 = CARTESIAN_POINT('',(1.303523839879,-11.77750227274,-2.E-15));
#3406 = CARTESIAN_POINT('',(1.303523839879,-7.214037530639,1.7E-16));
#3407 = CARTESIAN_POINT('',(1.303523839879,-57.71644564809,0.6));
#3408 = CARTESIAN_POINT('',(1.303523839879,-53.15220456834,0.6));
#3409 = CARTESIAN_POINT('',(1.303523839879,-48.85196415798,0.6));
#3410 = CARTESIAN_POINT('',(1.303523839879,-44.19825193117,0.6));
#3411 = CARTESIAN_POINT('',(1.303523839879,-39.48941242292,0.6));
#3412 = CARTESIAN_POINT('',(1.303523839879,-34.76620700257,0.6));
#3413 = CARTESIAN_POINT('',(1.303523839879,-30.16404219296,0.6));
#3414 = CARTESIAN_POINT('',(1.303523839879,-25.44075577341,0.6));
#3415 = CARTESIAN_POINT('',(1.303523839879,-20.73190860365,0.6));
#3416 = CARTESIAN_POINT('',(1.303523839879,-16.07805017686,0.6));
#3417 = CARTESIAN_POINT('',(1.303523839879,-11.77750227274,0.6));
#3418 = CARTESIAN_POINT('',(1.303523839879,-7.214037530639,0.6));
#3419 = ADVANCED_FACE('',(#3420),#3446,.T.);
#3420 = FACE_BOUND('',#3421,.T.);
#3421 = EDGE_LOOP('',(#3422,#3430,#3439,#3445));
#3422 = ORIENTED_EDGE('',*,*,#3423,.T.);
#3423 = EDGE_CURVE('',#2444,#3424,#3426,.T.);
#3424 = VERTEX_POINT('',#3425);
#3425 = CARTESIAN_POINT('',(64.79818635678,-57.11966112235,-3.));
#3426 = LINE('',#3427,#3428);
#3427 = CARTESIAN_POINT('',(64.79818635678,-57.11966112235,0.));
#3428 = VECTOR('',#3429,1.);
#3429 = DIRECTION('',(0.,0.,-1.));
#3430 = ORIENTED_EDGE('',*,*,#3431,.T.);
#3431 = EDGE_CURVE('',#3424,#3432,#3434,.T.);
#3432 = VERTEX_POINT('',#3433);
#3433 = CARTESIAN_POINT('',(66.161113537549,-55.7540583443,-3.));
#3434 = B_SPLINE_CURVE_WITH_KNOTS('',3,(#3435,#3436,#3437,#3438),
  .UNSPECIFIED.,.F.,.F.,(4,4),(0.,1.),.PIECEWISE_BEZIER_KNOTS.);
#3435 = CARTESIAN_POINT('',(64.79818635678,-57.11966112235,-3.));
#3436 = CARTESIAN_POINT('',(64.79818635678,-56.36577501109,-3.));
#3437 = CARTESIAN_POINT('',(65.408546824614,-55.7540583443,-3.));
#3438 = CARTESIAN_POINT('',(66.161113537549,-55.7540583443,-3.));
#3439 = ORIENTED_EDGE('',*,*,#3440,.F.);
#3440 = EDGE_CURVE('',#2453,#3432,#3441,.T.);
#3441 = LINE('',#3442,#3443);
#3442 = CARTESIAN_POINT('',(66.161113537549,-55.7540583443,0.));
#3443 = VECTOR('',#3444,1.);
#3444 = DIRECTION('',(0.,0.,-1.));
#3445 = ORIENTED_EDGE('',*,*,#2460,.F.);
#3446 = SURFACE_OF_LINEAR_EXTRUSION('',#3447,#3452);
#3447 = B_SPLINE_CURVE_WITH_KNOTS('',3,(#3448,#3449,#3450,#3451),
  .UNSPECIFIED.,.F.,.F.,(4,4),(0.,1.),.PIECEWISE_BEZIER_KNOTS.);
#3448 = CARTESIAN_POINT('',(64.79818635678,-57.11966112235,0.));
#3449 = CARTESIAN_POINT('',(64.79818635678,-56.36577501109,0.));
#3450 = CARTESIAN_POINT('',(65.408546824614,-55.7540583443,0.));
#3451 = CARTESIAN_POINT('',(66.161113537549,-55.7540583443,0.));
#3452 = VECTOR('',#3453,1.);
#3453 = DIRECTION('',(0.,0.,1.));
#3454 = ADVANCED_FACE('',(#3455),#3474,.T.);
#3455 = FACE_BOUND('',#3456,.T.);
#3456 = EDGE_LOOP('',(#3457,#3465,#3472,#3473));
#3457 = ORIENTED_EDGE('',*,*,#3458,.T.);
#3458 = EDGE_CURVE('',#2479,#3459,#3461,.T.);
#3459 = VERTEX_POINT('',#3460);
#3460 = CARTESIAN_POINT('',(66.161113537549,-58.4852639004,-3.));
#3461 = LINE('',#3462,#3463);
#3462 = CARTESIAN_POINT('',(66.161113537549,-58.4852639004,0.));
#3463 = VECTOR('',#3464,1.);
#3464 = DIRECTION('',(0.,0.,-1.));
#3465 = ORIENTED_EDGE('',*,*,#3466,.T.);
#3466 = EDGE_CURVE('',#3459,#3424,#3467,.T.);
#3467 = B_SPLINE_CURVE_WITH_KNOTS('',3,(#3468,#3469,#3470,#3471),
  .UNSPECIFIED.,.F.,.F.,(4,4),(0.,1.),.PIECEWISE_BEZIER_KNOTS.);
#3468 = CARTESIAN_POINT('',(66.161113537549,-58.4852639004,-3.));
#3469 = CARTESIAN_POINT('',(65.408546824614,-58.4852639004,-3.));
#3470 = CARTESIAN_POINT('',(64.79818635678,-57.87495834472,-3.));
#3471 = CARTESIAN_POINT('',(64.79818635678,-57.11966112235,-3.));
#3472 = ORIENTED_EDGE('',*,*,#3423,.F.);
#3473 = ORIENTED_EDGE('',*,*,#2488,.F.);
#3474 = SURFACE_OF_LINEAR_EXTRUSION('',#3475,#3480);
#3475 = B_SPLINE_CURVE_WITH_KNOTS('',3,(#3476,#3477,#3478,#3479),
  .UNSPECIFIED.,.F.,.F.,(4,4),(0.,1.),.PIECEWISE_BEZIER_KNOTS.);
#3476 = CARTESIAN_POINT('',(66.161113537549,-58.4852639004,0.));
#3477 = CARTESIAN_POINT('',(65.408546824614,-58.4852639004,0.));
#3478 = CARTESIAN_POINT('',(64.79818635678,-57.87495834472,0.));
#3479 = CARTESIAN_POINT('',(64.79818635678,-57.11966112235,0.));
#3480 = VECTOR('',#3481,1.);
#3481 = DIRECTION('',(0.,0.,1.));
#3482 = ADVANCED_FACE('',(#3483),#3502,.T.);
#3483 = FACE_BOUND('',#3484,.T.);
#3484 = EDGE_LOOP('',(#3485,#3486,#3495,#3501));
#3485 = ORIENTED_EDGE('',*,*,#3440,.T.);
#3486 = ORIENTED_EDGE('',*,*,#3487,.T.);
#3487 = EDGE_CURVE('',#3432,#3488,#3490,.T.);
#3488 = VERTEX_POINT('',#3489);
#3489 = CARTESIAN_POINT('',(67.523688722662,-57.11966112235,-3.));
#3490 = B_SPLINE_CURVE_WITH_KNOTS('',3,(#3491,#3492,#3493,#3494),
  .UNSPECIFIED.,.F.,.F.,(4,4),(0.,1.),.PIECEWISE_BEZIER_KNOTS.);
#3491 = CARTESIAN_POINT('',(66.161113537549,-55.7540583443,-3.));
#3492 = CARTESIAN_POINT('',(66.913328254828,-55.7540583443,-3.));
#3493 = CARTESIAN_POINT('',(67.523688722662,-56.36577501109,-3.));
#3494 = CARTESIAN_POINT('',(67.523688722662,-57.11966112235,-3.));
#3495 = ORIENTED_EDGE('',*,*,#3496,.F.);
#3496 = EDGE_CURVE('',#2509,#3488,#3497,.T.);
#3497 = LINE('',#3498,#3499);
#3498 = CARTESIAN_POINT('',(67.523688722662,-57.11966112235,0.));
#3499 = VECTOR('',#3500,1.);
#3500 = DIRECTION('',(0.,0.,-1.));
#3501 = ORIENTED_EDGE('',*,*,#2516,.F.);
#3502 = SURFACE_OF_LINEAR_EXTRUSION('',#3503,#3508);
#3503 = B_SPLINE_CURVE_WITH_KNOTS('',3,(#3504,#3505,#3506,#3507),
  .UNSPECIFIED.,.F.,.F.,(4,4),(0.,1.),.PIECEWISE_BEZIER_KNOTS.);
#3504 = CARTESIAN_POINT('',(66.161113537549,-55.7540583443,0.));
#3505 = CARTESIAN_POINT('',(66.913328254828,-55.7540583443,0.));
#3506 = CARTESIAN_POINT('',(67.523688722662,-56.36577501109,0.));
#3507 = CARTESIAN_POINT('',(67.523688722662,-57.11966112235,0.));
#3508 = VECTOR('',#3509,1.);
#3509 = DIRECTION('',(0.,0.,1.));
#3510 = ADVANCED_FACE('',(#3511),#3523,.T.);
#3511 = FACE_BOUND('',#3512,.T.);
#3512 = EDGE_LOOP('',(#3513,#3514,#3521,#3522));
#3513 = ORIENTED_EDGE('',*,*,#3496,.T.);
#3514 = ORIENTED_EDGE('',*,*,#3515,.T.);
#3515 = EDGE_CURVE('',#3488,#3459,#3516,.T.);
#3516 = B_SPLINE_CURVE_WITH_KNOTS('',3,(#3517,#3518,#3519,#3520),
  .UNSPECIFIED.,.F.,.F.,(4,4),(0.,1.),.PIECEWISE_BEZIER_KNOTS.);
#3517 = CARTESIAN_POINT('',(67.523688722662,-57.11966112235,-3.));
#3518 = CARTESIAN_POINT('',(67.523688722662,-57.87495834472,-3.));
#3519 = CARTESIAN_POINT('',(66.913328254828,-58.4852639004,-3.));
#3520 = CARTESIAN_POINT('',(66.161113537549,-58.4852639004,-3.));
#3521 = ORIENTED_EDGE('',*,*,#3458,.F.);
#3522 = ORIENTED_EDGE('',*,*,#2537,.F.);
#3523 = SURFACE_OF_LINEAR_EXTRUSION('',#3524,#3529);
#3524 = B_SPLINE_CURVE_WITH_KNOTS('',3,(#3525,#3526,#3527,#3528),
  .UNSPECIFIED.,.F.,.F.,(4,4),(0.,1.),.PIECEWISE_BEZIER_KNOTS.);
#3525 = CARTESIAN_POINT('',(67.523688722662,-57.11966112235,0.));
#3526 = CARTESIAN_POINT('',(67.523688722662,-57.87495834472,0.));
#3527 = CARTESIAN_POINT('',(66.913328254828,-58.4852639004,0.));
#3528 = CARTESIAN_POINT('',(66.161113537549,-58.4852639004,0.));
#3529 = VECTOR('',#3530,1.);
#3530 = DIRECTION('',(0.,0.,1.));
#3531 = ADVANCED_FACE('',(#3532),#3558,.T.);
#3532 = FACE_BOUND('',#3533,.T.);
#3533 = EDGE_LOOP('',(#3534,#3542,#3551,#3557));
#3534 = ORIENTED_EDGE('',*,*,#3535,.T.);
#3535 = EDGE_CURVE('',#2556,#3536,#3538,.T.);
#3536 = VERTEX_POINT('',#3537);
#3537 = CARTESIAN_POINT('',(6.501721765493,-7.770636112641,-3.));
#3538 = LINE('',#3539,#3540);
#3539 = CARTESIAN_POINT('',(6.501721765493,-7.770636112641,0.));
#3540 = VECTOR('',#3541,1.);
#3541 = DIRECTION('',(0.,0.,-1.));
#3542 = ORIENTED_EDGE('',*,*,#3543,.T.);
#3543 = EDGE_CURVE('',#3536,#3544,#3546,.T.);
#3544 = VERTEX_POINT('',#3545);
#3545 = CARTESIAN_POINT('',(7.864296950606,-6.405033334594,-3.));
#3546 = B_SPLINE_CURVE_WITH_KNOTS('',3,(#3547,#3548,#3549,#3550),
  .UNSPECIFIED.,.F.,.F.,(4,4),(0.,1.),.PIECEWISE_BEZIER_KNOTS.);
#3547 = CARTESIAN_POINT('',(6.501721765493,-7.770636112641,-3.));
#3548 = CARTESIAN_POINT('',(6.501721765493,-7.017102779159,-3.));
#3549 = CARTESIAN_POINT('',(7.112082233327,-6.405033334594,-3.));
#3550 = CARTESIAN_POINT('',(7.864296950606,-6.405033334594,-3.));
#3551 = ORIENTED_EDGE('',*,*,#3552,.F.);
#3552 = EDGE_CURVE('',#2565,#3544,#3553,.T.);
#3553 = LINE('',#3554,#3555);
#3554 = CARTESIAN_POINT('',(7.864296950606,-6.405033334594,0.));
#3555 = VECTOR('',#3556,1.);
#3556 = DIRECTION('',(0.,0.,-1.));
#3557 = ORIENTED_EDGE('',*,*,#2572,.F.);
#3558 = SURFACE_OF_LINEAR_EXTRUSION('',#3559,#3564);
#3559 = B_SPLINE_CURVE_WITH_KNOTS('',3,(#3560,#3561,#3562,#3563),
  .UNSPECIFIED.,.F.,.F.,(4,4),(0.,1.),.PIECEWISE_BEZIER_KNOTS.);
#3560 = CARTESIAN_POINT('',(6.501721765493,-7.770636112641,0.));
#3561 = CARTESIAN_POINT('',(6.501721765493,-7.017102779159,0.));
#3562 = CARTESIAN_POINT('',(7.112082233327,-6.405033334594,0.));
#3563 = CARTESIAN_POINT('',(7.864296950606,-6.405033334594,0.));
#3564 = VECTOR('',#3565,1.);
#3565 = DIRECTION('',(0.,0.,1.));
#3566 = ADVANCED_FACE('',(#3567),#3586,.T.);
#3567 = FACE_BOUND('',#3568,.T.);
#3568 = EDGE_LOOP('',(#3569,#3577,#3584,#3585));
#3569 = ORIENTED_EDGE('',*,*,#3570,.T.);
#3570 = EDGE_CURVE('',#2591,#3571,#3573,.T.);
#3571 = VERTEX_POINT('',#3572);
#3572 = CARTESIAN_POINT('',(7.864296950606,-9.136238890687,-3.));
#3573 = LINE('',#3574,#3575);
#3574 = CARTESIAN_POINT('',(7.864296950606,-9.136238890687,0.));
#3575 = VECTOR('',#3576,1.);
#3576 = DIRECTION('',(0.,0.,-1.));
#3577 = ORIENTED_EDGE('',*,*,#3578,.T.);
#3578 = EDGE_CURVE('',#3571,#3536,#3579,.T.);
#3579 = B_SPLINE_CURVE_WITH_KNOTS('',3,(#3580,#3581,#3582,#3583),
  .UNSPECIFIED.,.F.,.F.,(4,4),(0.,1.),.PIECEWISE_BEZIER_KNOTS.);
#3580 = CARTESIAN_POINT('',(7.864296950606,-9.136238890687,-3.));
#3581 = CARTESIAN_POINT('',(7.112082233327,-9.136238890687,-3.));
#3582 = CARTESIAN_POINT('',(6.501721765493,-8.5245222239,-3.));
#3583 = CARTESIAN_POINT('',(6.501721765493,-7.770636112641,-3.));
#3584 = ORIENTED_EDGE('',*,*,#3535,.F.);
#3585 = ORIENTED_EDGE('',*,*,#2600,.F.);
#3586 = SURFACE_OF_LINEAR_EXTRUSION('',#3587,#3592);
#3587 = B_SPLINE_CURVE_WITH_KNOTS('',3,(#3588,#3589,#3590,#3591),
  .UNSPECIFIED.,.F.,.F.,(4,4),(0.,1.),.PIECEWISE_BEZIER_KNOTS.);
#3588 = CARTESIAN_POINT('',(7.864296950606,-9.136238890687,0.));
#3589 = CARTESIAN_POINT('',(7.112082233327,-9.136238890687,0.));
#3590 = CARTESIAN_POINT('',(6.501721765493,-8.5245222239,0.));
#3591 = CARTESIAN_POINT('',(6.501721765493,-7.770636112641,0.));
#3592 = VECTOR('',#3593,1.);
#3593 = DIRECTION('',(0.,0.,1.));
#3594 = ADVANCED_FACE('',(#3595),#3614,.T.);
#3595 = FACE_BOUND('',#3596,.T.);
#3596 = EDGE_LOOP('',(#3597,#3598,#3607,#3613));
#3597 = ORIENTED_EDGE('',*,*,#3552,.T.);
#3598 = ORIENTED_EDGE('',*,*,#3599,.T.);
#3599 = EDGE_CURVE('',#3544,#3600,#3602,.T.);
#3600 = VERTEX_POINT('',#3601);
#3601 = CARTESIAN_POINT('',(9.225816148751,-7.770636112641,-3.));
#3602 = B_SPLINE_CURVE_WITH_KNOTS('',3,(#3603,#3604,#3605,#3606),
  .UNSPECIFIED.,.F.,.F.,(4,4),(0.,1.),.PIECEWISE_BEZIER_KNOTS.);
#3603 = CARTESIAN_POINT('',(7.864296950606,-6.405033334594,-3.));
#3604 = CARTESIAN_POINT('',(8.615455680916,-6.405033334594,-3.));
#3605 = CARTESIAN_POINT('',(9.225816148751,-7.017102779159,-3.));
#3606 = CARTESIAN_POINT('',(9.225816148751,-7.770636112641,-3.));
#3607 = ORIENTED_EDGE('',*,*,#3608,.F.);
#3608 = EDGE_CURVE('',#2621,#3600,#3609,.T.);
#3609 = LINE('',#3610,#3611);
#3610 = CARTESIAN_POINT('',(9.225816148751,-7.770636112641,0.));
#3611 = VECTOR('',#3612,1.);
#3612 = DIRECTION('',(0.,0.,-1.));
#3613 = ORIENTED_EDGE('',*,*,#2628,.F.);
#3614 = SURFACE_OF_LINEAR_EXTRUSION('',#3615,#3620);
#3615 = B_SPLINE_CURVE_WITH_KNOTS('',3,(#3616,#3617,#3618,#3619),
  .UNSPECIFIED.,.F.,.F.,(4,4),(0.,1.),.PIECEWISE_BEZIER_KNOTS.);
#3616 = CARTESIAN_POINT('',(7.864296950606,-6.405033334594,0.));
#3617 = CARTESIAN_POINT('',(8.615455680916,-6.405033334594,0.));
#3618 = CARTESIAN_POINT('',(9.225816148751,-7.017102779159,0.));
#3619 = CARTESIAN_POINT('',(9.225816148751,-7.770636112641,0.));
#3620 = VECTOR('',#3621,1.);
#3621 = DIRECTION('',(0.,0.,1.));
#3622 = ADVANCED_FACE('',(#3623),#3635,.T.);
#3623 = FACE_BOUND('',#3624,.T.);
#3624 = EDGE_LOOP('',(#3625,#3626,#3633,#3634));
#3625 = ORIENTED_EDGE('',*,*,#3608,.T.);
#3626 = ORIENTED_EDGE('',*,*,#3627,.T.);
#3627 = EDGE_CURVE('',#3600,#3571,#3628,.T.);
#3628 = B_SPLINE_CURVE_WITH_KNOTS('',3,(#3629,#3630,#3631,#3632),
  .UNSPECIFIED.,.F.,.F.,(4,4),(0.,1.),.PIECEWISE_BEZIER_KNOTS.);
#3629 = CARTESIAN_POINT('',(9.225816148751,-7.770636112641,-3.));
#3630 = CARTESIAN_POINT('',(9.225816148751,-8.5245222239,-3.));
#3631 = CARTESIAN_POINT('',(8.615455680916,-9.136238890687,-3.));
#3632 = CARTESIAN_POINT('',(7.864296950606,-9.136238890687,-3.));
#3633 = ORIENTED_EDGE('',*,*,#3570,.F.);
#3634 = ORIENTED_EDGE('',*,*,#2649,.F.);
#3635 = SURFACE_OF_LINEAR_EXTRUSION('',#3636,#3641);
#3636 = B_SPLINE_CURVE_WITH_KNOTS('',3,(#3637,#3638,#3639,#3640),
  .UNSPECIFIED.,.F.,.F.,(4,4),(0.,1.),.PIECEWISE_BEZIER_KNOTS.);
#3637 = CARTESIAN_POINT('',(9.225816148751,-7.770636112641,0.));
#3638 = CARTESIAN_POINT('',(9.225816148751,-8.5245222239,0.));
#3639 = CARTESIAN_POINT('',(8.615455680916,-9.136238890687,0.));
#3640 = CARTESIAN_POINT('',(7.864296950606,-9.136238890687,0.));
#3641 = VECTOR('',#3642,1.);
#3642 = DIRECTION('',(0.,0.,1.));
#3643 = ADVANCED_FACE('',(#3644),#3670,.T.);
#3644 = FACE_BOUND('',#3645,.T.);
#3645 = EDGE_LOOP('',(#3646,#3654,#3663,#3669));
#3646 = ORIENTED_EDGE('',*,*,#3647,.T.);
#3647 = EDGE_CURVE('',#2668,#3648,#3650,.T.);
#3648 = VERTEX_POINT('',#3649);
#3649 = CARTESIAN_POINT('',(6.501721765493,-57.11966112235,-3.));
#3650 = LINE('',#3651,#3652);
#3651 = CARTESIAN_POINT('',(6.501721765493,-57.11966112235,0.));
#3652 = VECTOR('',#3653,1.);
#3653 = DIRECTION('',(0.,0.,-1.));
#3654 = ORIENTED_EDGE('',*,*,#3655,.T.);
#3655 = EDGE_CURVE('',#3648,#3656,#3658,.T.);
#3656 = VERTEX_POINT('',#3657);
#3657 = CARTESIAN_POINT('',(7.864296950606,-55.7540583443,-3.));
#3658 = B_SPLINE_CURVE_WITH_KNOTS('',3,(#3659,#3660,#3661,#3662),
  .UNSPECIFIED.,.F.,.F.,(4,4),(0.,1.),.PIECEWISE_BEZIER_KNOTS.);
#3659 = CARTESIAN_POINT('',(6.501721765493,-57.11966112235,-3.));
#3660 = CARTESIAN_POINT('',(6.501721765493,-56.36577501109,-3.));
#3661 = CARTESIAN_POINT('',(7.112082233327,-55.7540583443,-3.));
#3662 = CARTESIAN_POINT('',(7.864296950606,-55.7540583443,-3.));
#3663 = ORIENTED_EDGE('',*,*,#3664,.F.);
#3664 = EDGE_CURVE('',#2677,#3656,#3665,.T.);
#3665 = LINE('',#3666,#3667);
#3666 = CARTESIAN_POINT('',(7.864296950606,-55.7540583443,0.));
#3667 = VECTOR('',#3668,1.);
#3668 = DIRECTION('',(0.,0.,-1.));
#3669 = ORIENTED_EDGE('',*,*,#2684,.F.);
#3670 = SURFACE_OF_LINEAR_EXTRUSION('',#3671,#3676);
#3671 = B_SPLINE_CURVE_WITH_KNOTS('',3,(#3672,#3673,#3674,#3675),
  .UNSPECIFIED.,.F.,.F.,(4,4),(0.,1.),.PIECEWISE_BEZIER_KNOTS.);
#3672 = CARTESIAN_POINT('',(6.501721765493,-57.11966112235,0.));
#3673 = CARTESIAN_POINT('',(6.501721765493,-56.36577501109,0.));
#3674 = CARTESIAN_POINT('',(7.112082233327,-55.7540583443,0.));
#3675 = CARTESIAN_POINT('',(7.864296950606,-55.7540583443,0.));
#3676 = VECTOR('',#3677,1.);
#3677 = DIRECTION('',(0.,0.,1.));
#3678 = ADVANCED_FACE('',(#3679),#3698,.T.);
#3679 = FACE_BOUND('',#3680,.T.);
#3680 = EDGE_LOOP('',(#3681,#3689,#3696,#3697));
#3681 = ORIENTED_EDGE('',*,*,#3682,.T.);
#3682 = EDGE_CURVE('',#2703,#3683,#3685,.T.);
#3683 = VERTEX_POINT('',#3684);
#3684 = CARTESIAN_POINT('',(7.864296950606,-58.4852639004,-3.));
#3685 = LINE('',#3686,#3687);
#3686 = CARTESIAN_POINT('',(7.864296950606,-58.4852639004,0.));
#3687 = VECTOR('',#3688,1.);
#3688 = DIRECTION('',(0.,0.,-1.));
#3689 = ORIENTED_EDGE('',*,*,#3690,.T.);
#3690 = EDGE_CURVE('',#3683,#3648,#3691,.T.);
#3691 = B_SPLINE_CURVE_WITH_KNOTS('',3,(#3692,#3693,#3694,#3695),
  .UNSPECIFIED.,.F.,.F.,(4,4),(0.,1.),.PIECEWISE_BEZIER_KNOTS.);
#3692 = CARTESIAN_POINT('',(7.864296950606,-58.4852639004,-3.));
#3693 = CARTESIAN_POINT('',(7.112082233327,-58.4852639004,-3.));
#3694 = CARTESIAN_POINT('',(6.501721765493,-57.87495834472,-3.));
#3695 = CARTESIAN_POINT('',(6.501721765493,-57.11966112235,-3.));
#3696 = ORIENTED_EDGE('',*,*,#3647,.F.);
#3697 = ORIENTED_EDGE('',*,*,#2712,.F.);
#3698 = SURFACE_OF_LINEAR_EXTRUSION('',#3699,#3704);
#3699 = B_SPLINE_CURVE_WITH_KNOTS('',3,(#3700,#3701,#3702,#3703),
  .UNSPECIFIED.,.F.,.F.,(4,4),(0.,1.),.PIECEWISE_BEZIER_KNOTS.);
#3700 = CARTESIAN_POINT('',(7.864296950606,-58.4852639004,0.));
#3701 = CARTESIAN_POINT('',(7.112082233327,-58.4852639004,0.));
#3702 = CARTESIAN_POINT('',(6.501721765493,-57.87495834472,0.));
#3703 = CARTESIAN_POINT('',(6.501721765493,-57.11966112235,0.));
#3704 = VECTOR('',#3705,1.);
#3705 = DIRECTION('',(0.,0.,1.));
#3706 = ADVANCED_FACE('',(#3707),#3726,.T.);
#3707 = FACE_BOUND('',#3708,.T.);
#3708 = EDGE_LOOP('',(#3709,#3710,#3719,#3725));
#3709 = ORIENTED_EDGE('',*,*,#3664,.T.);
#3710 = ORIENTED_EDGE('',*,*,#3711,.T.);
#3711 = EDGE_CURVE('',#3656,#3712,#3714,.T.);
#3712 = VERTEX_POINT('',#3713);
#3713 = CARTESIAN_POINT('',(9.225816148751,-57.11966112235,-3.));
#3714 = B_SPLINE_CURVE_WITH_KNOTS('',3,(#3715,#3716,#3717,#3718),
  .UNSPECIFIED.,.F.,.F.,(4,4),(0.,1.),.PIECEWISE_BEZIER_KNOTS.);
#3715 = CARTESIAN_POINT('',(7.864296950606,-55.7540583443,-3.));
#3716 = CARTESIAN_POINT('',(8.615455680916,-55.7540583443,-3.));
#3717 = CARTESIAN_POINT('',(9.225816148751,-56.36577501109,-3.));
#3718 = CARTESIAN_POINT('',(9.225816148751,-57.11966112235,-3.));
#3719 = ORIENTED_EDGE('',*,*,#3720,.F.);
#3720 = EDGE_CURVE('',#2733,#3712,#3721,.T.);
#3721 = LINE('',#3722,#3723);
#3722 = CARTESIAN_POINT('',(9.225816148751,-57.11966112235,0.));
#3723 = VECTOR('',#3724,1.);
#3724 = DIRECTION('',(0.,0.,-1.));
#3725 = ORIENTED_EDGE('',*,*,#2740,.F.);
#3726 = SURFACE_OF_LINEAR_EXTRUSION('',#3727,#3732);
#3727 = B_SPLINE_CURVE_WITH_KNOTS('',3,(#3728,#3729,#3730,#3731),
  .UNSPECIFIED.,.F.,.F.,(4,4),(0.,1.),.PIECEWISE_BEZIER_KNOTS.);
#3728 = CARTESIAN_POINT('',(7.864296950606,-55.7540583443,0.));
#3729 = CARTESIAN_POINT('',(8.615455680916,-55.7540583443,0.));
#3730 = CARTESIAN_POINT('',(9.225816148751,-56.36577501109,0.));
#3731 = CARTESIAN_POINT('',(9.225816148751,-57.11966112235,0.));
#3732 = VECTOR('',#3733,1.);
#3733 = DIRECTION('',(0.,0.,1.));
#3734 = ADVANCED_FACE('',(#3735),#3747,.T.);
#3735 = FACE_BOUND('',#3736,.T.);
#3736 = EDGE_LOOP('',(#3737,#3738,#3745,#3746));
#3737 = ORIENTED_EDGE('',*,*,#3720,.T.);
#3738 = ORIENTED_EDGE('',*,*,#3739,.T.);
#3739 = EDGE_CURVE('',#3712,#3683,#3740,.T.);
#3740 = B_SPLINE_CURVE_WITH_KNOTS('',3,(#3741,#3742,#3743,#3744),
  .UNSPECIFIED.,.F.,.F.,(4,4),(0.,1.),.PIECEWISE_BEZIER_KNOTS.);
#3741 = CARTESIAN_POINT('',(9.225816148751,-57.11966112235,-3.));
#3742 = CARTESIAN_POINT('',(9.225816148751,-57.87495834472,-3.));
#3743 = CARTESIAN_POINT('',(8.615455680916,-58.4852639004,-3.));
#3744 = CARTESIAN_POINT('',(7.864296950606,-58.4852639004,-3.));
#3745 = ORIENTED_EDGE('',*,*,#3682,.F.);
#3746 = ORIENTED_EDGE('',*,*,#2761,.F.);
#3747 = SURFACE_OF_LINEAR_EXTRUSION('',#3748,#3753);
#3748 = B_SPLINE_CURVE_WITH_KNOTS('',3,(#3749,#3750,#3751,#3752),
  .UNSPECIFIED.,.F.,.F.,(4,4),(0.,1.),.PIECEWISE_BEZIER_KNOTS.);
#3749 = CARTESIAN_POINT('',(9.225816148751,-57.11966112235,0.));
#3750 = CARTESIAN_POINT('',(9.225816148751,-57.87495834472,0.));
#3751 = CARTESIAN_POINT('',(8.615455680916,-58.4852639004,0.));
#3752 = CARTESIAN_POINT('',(7.864296950606,-58.4852639004,0.));
#3753 = VECTOR('',#3754,1.);
#3754 = DIRECTION('',(0.,0.,1.));
#3755 = ADVANCED_FACE('',(#3756,#3767),#3773,.F.);
#3756 = FACE_BOUND('',#3757,.T.);
#3757 = EDGE_LOOP('',(#3758));
#3758 = ORIENTED_EDGE('',*,*,#3759,.T.);
#3759 = EDGE_CURVE('',#3760,#3760,#3762,.T.);
#3760 = VERTEX_POINT('',#3761);
#3761 = CARTESIAN_POINT('',(63.411113537549,-7.770636112641,-3.));
#3762 = CIRCLE('',#3763,2.75);
#3763 = AXIS2_PLACEMENT_3D('',#3764,#3765,#3766);
#3764 = CARTESIAN_POINT('',(66.161113537549,-7.770636112641,-3.));
#3765 = DIRECTION('',(0.,-0.,-1.));
#3766 = DIRECTION('',(-1.,-1.224646799147E-16,0.));
#3767 = FACE_BOUND('',#3768,.F.);
#3768 = EDGE_LOOP('',(#3769,#3770,#3771,#3772));
#3769 = ORIENTED_EDGE('',*,*,#2843,.T.);
#3770 = ORIENTED_EDGE('',*,*,#2871,.T.);
#3771 = ORIENTED_EDGE('',*,*,#2822,.T.);
#3772 = ORIENTED_EDGE('',*,*,#2787,.T.);
#3773 = PLANE('',#3774);
#3774 = AXIS2_PLACEMENT_3D('',#3775,#3776,#3777);
#3775 = CARTESIAN_POINT('',(37.014157045237,-32.44558773463,-3.));
#3776 = DIRECTION('',(0.,0.,1.));
#3777 = DIRECTION('',(1.,1.224646799147E-16,0.));
#3778 = ADVANCED_FACE('',(#3779,#3789,#3800,#3811,#3845,#3856),#3867,.F.
  );
#3779 = FACE_BOUND('',#3780,.F.);
#3780 = EDGE_LOOP('',(#3781,#3782,#3783,#3784,#3785,#3786,#3787,#3788));
#3781 = ORIENTED_EDGE('',*,*,#2908,.F.);
#3782 = ORIENTED_EDGE('',*,*,#2973,.F.);
#3783 = ORIENTED_EDGE('',*,*,#3107,.F.);
#3784 = ORIENTED_EDGE('',*,*,#3237,.F.);
#3785 = ORIENTED_EDGE('',*,*,#3368,.F.);
#3786 = ORIENTED_EDGE('',*,*,#3306,.F.);
#3787 = ORIENTED_EDGE('',*,*,#3172,.F.);
#3788 = ORIENTED_EDGE('',*,*,#3038,.F.);
#3789 = FACE_BOUND('',#3790,.F.);
#3790 = EDGE_LOOP('',(#3791));
#3791 = ORIENTED_EDGE('',*,*,#3792,.T.);
#3792 = EDGE_CURVE('',#3793,#3793,#3795,.T.);
#3793 = VERTEX_POINT('',#3794);
#3794 = CARTESIAN_POINT('',(5.114296950606,-57.11966112235,0.));
#3795 = CIRCLE('',#3796,2.75);
#3796 = AXIS2_PLACEMENT_3D('',#3797,#3798,#3799);
#3797 = CARTESIAN_POINT('',(7.864296950606,-57.11966112235,0.));
#3798 = DIRECTION('',(0.,-0.,-1.));
#3799 = DIRECTION('',(-1.,-1.224646799147E-16,0.));
#3800 = FACE_BOUND('',#3801,.F.);
#3801 = EDGE_LOOP('',(#3802));
#3802 = ORIENTED_EDGE('',*,*,#3803,.T.);
#3803 = EDGE_CURVE('',#3804,#3804,#3806,.T.);
#3804 = VERTEX_POINT('',#3805);
#3805 = CARTESIAN_POINT('',(63.411113537549,-57.11966112235,0.));
#3806 = CIRCLE('',#3807,2.75);
#3807 = AXIS2_PLACEMENT_3D('',#3808,#3809,#3810);
#3808 = CARTESIAN_POINT('',(66.161113537549,-57.11966112235,0.));
#3809 = DIRECTION('',(0.,-0.,-1.));
#3810 = DIRECTION('',(-1.,-1.224646799147E-16,0.));
#3811 = FACE_BOUND('',#3812,.F.);
#3812 = EDGE_LOOP('',(#3813,#3823,#3831,#3839));
#3813 = ORIENTED_EDGE('',*,*,#3814,.T.);
#3814 = EDGE_CURVE('',#3815,#3817,#3819,.T.);
#3815 = VERTEX_POINT('',#3816);
#3816 = CARTESIAN_POINT('',(80.774770551098,-12.25249255385,0.));
#3817 = VERTEX_POINT('',#3818);
#3818 = CARTESIAN_POINT('',(80.774770551098,-52.67626337363,0.));
#3819 = LINE('',#3820,#3821);
#3820 = CARTESIAN_POINT('',(80.774770551098,-12.25249255385,0.));
#3821 = VECTOR('',#3822,1.);
#3822 = DIRECTION('',(1.224646799147E-16,-1.,0.));
#3823 = ORIENTED_EDGE('',*,*,#3824,.T.);
#3824 = EDGE_CURVE('',#3817,#3825,#3827,.T.);
#3825 = VERTEX_POINT('',#3826);
#3826 = CARTESIAN_POINT('',(9.303523839879,-52.67626337363,0.));
#3827 = LINE('',#3828,#3829);
#3828 = CARTESIAN_POINT('',(80.774770551098,-52.67626337363,0.));
#3829 = VECTOR('',#3830,1.);
#3830 = DIRECTION('',(-1.,-1.224646799147E-16,0.));
#3831 = ORIENTED_EDGE('',*,*,#3832,.T.);
#3832 = EDGE_CURVE('',#3825,#3833,#3835,.T.);
#3833 = VERTEX_POINT('',#3834);
#3834 = CARTESIAN_POINT('',(9.303523839879,-12.25249255385,0.));
#3835 = LINE('',#3836,#3837);
#3836 = CARTESIAN_POINT('',(9.303523839879,-52.67626337363,0.));
#3837 = VECTOR('',#3838,1.);
#3838 = DIRECTION('',(-1.224646799147E-16,1.,0.));
#3839 = ORIENTED_EDGE('',*,*,#3840,.T.);
#3840 = EDGE_CURVE('',#3833,#3815,#3841,.T.);
#3841 = LINE('',#3842,#3843);
#3842 = CARTESIAN_POINT('',(9.303523839879,-12.25249255385,0.));
#3843 = VECTOR('',#3844,1.);
#3844 = DIRECTION('',(1.,1.224646799147E-16,0.));
#3845 = FACE_BOUND('',#3846,.F.);
#3846 = EDGE_LOOP('',(#3847));
#3847 = ORIENTED_EDGE('',*,*,#3848,.T.);
#3848 = EDGE_CURVE('',#3849,#3849,#3851,.T.);
#3849 = VERTEX_POINT('',#3850);
#3850 = CARTESIAN_POINT('',(5.114296950606,-7.770636112641,0.));
#3851 = CIRCLE('',#3852,2.75);
#3852 = AXIS2_PLACEMENT_3D('',#3853,#3854,#3855);
#3853 = CARTESIAN_POINT('',(7.864296950606,-7.770636112641,0.));
#3854 = DIRECTION('',(0.,-0.,-1.));
#3855 = DIRECTION('',(-1.,-1.224646799147E-16,0.));
#3856 = FACE_BOUND('',#3857,.F.);
#3857 = EDGE_LOOP('',(#3858));
#3858 = ORIENTED_EDGE('',*,*,#3859,.T.);
#3859 = EDGE_CURVE('',#3860,#3860,#3862,.T.);
#3860 = VERTEX_POINT('',#3861);
#3861 = CARTESIAN_POINT('',(63.411113537549,-7.770636112641,0.));
#3862 = CIRCLE('',#3863,2.75);
#3863 = AXIS2_PLACEMENT_3D('',#3864,#3865,#3866);
#3864 = CARTESIAN_POINT('',(66.161113537549,-7.770636112641,0.));
#3865 = DIRECTION('',(0.,-0.,-1.));
#3866 = DIRECTION('',(-1.,-1.224646799147E-16,0.));
#3867 = PLANE('',#3868);
#3868 = AXIS2_PLACEMENT_3D('',#3869,#3870,#3871);
#3869 = CARTESIAN_POINT('',(44.179548199197,-32.46249819578,0.));
#3870 = DIRECTION('',(0.,0.,1.));
#3871 = DIRECTION('',(1.,1.224646799147E-16,0.));
#3872 = ADVANCED_FACE('',(#3873,#3884),#3890,.F.);
#3873 = FACE_BOUND('',#3874,.T.);
#3874 = EDGE_LOOP('',(#3875));
#3875 = ORIENTED_EDGE('',*,*,#3876,.T.);
#3876 = EDGE_CURVE('',#3877,#3877,#3879,.T.);
#3877 = VERTEX_POINT('',#3878);
#3878 = CARTESIAN_POINT('',(63.411113537549,-57.11966112235,-3.));
#3879 = CIRCLE('',#3880,2.75);
#3880 = AXIS2_PLACEMENT_3D('',#3881,#3882,#3883);
#3881 = CARTESIAN_POINT('',(66.161113537549,-57.11966112235,-3.));
#3882 = DIRECTION('',(0.,-0.,-1.));
#3883 = DIRECTION('',(-1.,-1.224646799147E-16,0.));
#3884 = FACE_BOUND('',#3885,.F.);
#3885 = EDGE_LOOP('',(#3886,#3887,#3888,#3889));
#3886 = ORIENTED_EDGE('',*,*,#3487,.T.);
#3887 = ORIENTED_EDGE('',*,*,#3515,.T.);
#3888 = ORIENTED_EDGE('',*,*,#3466,.T.);
#3889 = ORIENTED_EDGE('',*,*,#3431,.T.);
#3890 = PLANE('',#3891);
#3891 = AXIS2_PLACEMENT_3D('',#3892,#3893,#3894);
#3892 = CARTESIAN_POINT('',(37.014157045237,-32.44558773463,-3.));
#3893 = DIRECTION('',(0.,0.,1.));
#3894 = DIRECTION('',(1.,1.224646799147E-16,0.));
#3895 = ADVANCED_FACE('',(#3896,#3907),#3913,.F.);
#3896 = FACE_BOUND('',#3897,.T.);
#3897 = EDGE_LOOP('',(#3898));
#3898 = ORIENTED_EDGE('',*,*,#3899,.T.);
#3899 = EDGE_CURVE('',#3900,#3900,#3902,.T.);
#3900 = VERTEX_POINT('',#3901);
#3901 = CARTESIAN_POINT('',(5.114296950606,-7.770636112641,-3.));
#3902 = CIRCLE('',#3903,2.75);
#3903 = AXIS2_PLACEMENT_3D('',#3904,#3905,#3906);
#3904 = CARTESIAN_POINT('',(7.864296950606,-7.770636112641,-3.));
#3905 = DIRECTION('',(0.,-0.,-1.));
#3906 = DIRECTION('',(-1.,-1.224646799147E-16,0.));
#3907 = FACE_BOUND('',#3908,.F.);
#3908 = EDGE_LOOP('',(#3909,#3910,#3911,#3912));
#3909 = ORIENTED_EDGE('',*,*,#3543,.T.);
#3910 = ORIENTED_EDGE('',*,*,#3599,.T.);
#3911 = ORIENTED_EDGE('',*,*,#3627,.T.);
#3912 = ORIENTED_EDGE('',*,*,#3578,.T.);
#3913 = PLANE('',#3914);
#3914 = AXIS2_PLACEMENT_3D('',#3915,#3916,#3917);
#3915 = CARTESIAN_POINT('',(37.014157045237,-32.44558773463,-3.));
#3916 = DIRECTION('',(0.,0.,1.));
#3917 = DIRECTION('',(1.,1.224646799147E-16,0.));
#3918 = ADVANCED_FACE('',(#3919,#3930),#3936,.F.);
#3919 = FACE_BOUND('',#3920,.T.);
#3920 = EDGE_LOOP('',(#3921));
#3921 = ORIENTED_EDGE('',*,*,#3922,.T.);
#3922 = EDGE_CURVE('',#3923,#3923,#3925,.T.);
#3923 = VERTEX_POINT('',#3924);
#3924 = CARTESIAN_POINT('',(5.114296950606,-57.11966112235,-3.));
#3925 = CIRCLE('',#3926,2.75);
#3926 = AXIS2_PLACEMENT_3D('',#3927,#3928,#3929);
#3927 = CARTESIAN_POINT('',(7.864296950606,-57.11966112235,-3.));
#3928 = DIRECTION('',(0.,-0.,-1.));
#3929 = DIRECTION('',(-1.,-1.224646799147E-16,0.));
#3930 = FACE_BOUND('',#3931,.F.);
#3931 = EDGE_LOOP('',(#3932,#3933,#3934,#3935));
#3932 = ORIENTED_EDGE('',*,*,#3655,.T.);
#3933 = ORIENTED_EDGE('',*,*,#3711,.T.);
#3934 = ORIENTED_EDGE('',*,*,#3739,.T.);
#3935 = ORIENTED_EDGE('',*,*,#3690,.T.);
#3936 = PLANE('',#3937);
#3937 = AXIS2_PLACEMENT_3D('',#3938,#3939,#3940);
#3938 = CARTESIAN_POINT('',(37.014157045237,-32.44558773463,-3.));
#3939 = DIRECTION('',(0.,0.,1.));
#3940 = DIRECTION('',(1.,1.224646799147E-16,0.));
#3941 = ADVANCED_FACE('',(#3942),#3953,.T.);
#3942 = FACE_BOUND('',#3943,.F.);
#3943 = EDGE_LOOP('',(#3944,#3950,#3951,#3952));
#3944 = ORIENTED_EDGE('',*,*,#3945,.T.);
#3945 = EDGE_CURVE('',#3860,#3760,#3946,.T.);
#3946 = LINE('',#3947,#3948);
#3947 = CARTESIAN_POINT('',(63.411113537549,-7.770636112641,0.));
#3948 = VECTOR('',#3949,1.);
#3949 = DIRECTION('',(0.,0.,-1.));
#3950 = ORIENTED_EDGE('',*,*,#3759,.T.);
#3951 = ORIENTED_EDGE('',*,*,#3945,.F.);
#3952 = ORIENTED_EDGE('',*,*,#3859,.F.);
#3953 = CYLINDRICAL_SURFACE('',#3954,2.75);
#3954 = AXIS2_PLACEMENT_3D('',#3955,#3956,#3957);
#3955 = CARTESIAN_POINT('',(66.161113537549,-7.770636112641,0.));
#3956 = DIRECTION('',(0.,0.,1.));
#3957 = DIRECTION('',(-1.,-2.464679914735E-18,0.));
#3958 = ADVANCED_FACE('',(#3959),#3970,.T.);
#3959 = FACE_BOUND('',#3960,.F.);
#3960 = EDGE_LOOP('',(#3961,#3967,#3968,#3969));
#3961 = ORIENTED_EDGE('',*,*,#3962,.T.);
#3962 = EDGE_CURVE('',#3793,#3923,#3963,.T.);
#3963 = LINE('',#3964,#3965);
#3964 = CARTESIAN_POINT('',(5.114296950606,-57.11966112235,0.));
#3965 = VECTOR('',#3966,1.);
#3966 = DIRECTION('',(0.,0.,-1.));
#3967 = ORIENTED_EDGE('',*,*,#3922,.T.);
#3968 = ORIENTED_EDGE('',*,*,#3962,.F.);
#3969 = ORIENTED_EDGE('',*,*,#3792,.F.);
#3970 = CYLINDRICAL_SURFACE('',#3971,2.75);
#3971 = AXIS2_PLACEMENT_3D('',#3972,#3973,#3974);
#3972 = CARTESIAN_POINT('',(7.864296950606,-57.11966112235,0.));
#3973 = DIRECTION('',(0.,0.,1.));
#3974 = DIRECTION('',(-1.,-2.464679914735E-18,0.));
#3975 = ADVANCED_FACE('',(#3976),#3987,.T.);
#3976 = FACE_BOUND('',#3977,.F.);
#3977 = EDGE_LOOP('',(#3978,#3984,#3985,#3986));
#3978 = ORIENTED_EDGE('',*,*,#3979,.T.);
#3979 = EDGE_CURVE('',#3804,#3877,#3980,.T.);
#3980 = LINE('',#3981,#3982);
#3981 = CARTESIAN_POINT('',(63.411113537549,-57.11966112235,0.));
#3982 = VECTOR('',#3983,1.);
#3983 = DIRECTION('',(0.,0.,-1.));
#3984 = ORIENTED_EDGE('',*,*,#3876,.T.);
#3985 = ORIENTED_EDGE('',*,*,#3979,.F.);
#3986 = ORIENTED_EDGE('',*,*,#3803,.F.);
#3987 = CYLINDRICAL_SURFACE('',#3988,2.75);
#3988 = AXIS2_PLACEMENT_3D('',#3989,#3990,#3991);
#3989 = CARTESIAN_POINT('',(66.161113537549,-57.11966112235,0.));
#3990 = DIRECTION('',(0.,0.,1.));
#3991 = DIRECTION('',(-1.,-2.464679914735E-18,0.));
#3992 = ADVANCED_FACE('',(#3993),#4018,.F.);
#3993 = FACE_BOUND('',#3994,.F.);
#3994 = EDGE_LOOP('',(#3995,#4003,#4011,#4017));
#3995 = ORIENTED_EDGE('',*,*,#3996,.T.);
#3996 = EDGE_CURVE('',#3815,#3997,#3999,.T.);
#3997 = VERTEX_POINT('',#3998);
#3998 = CARTESIAN_POINT('',(80.774770551098,-12.25249255385,
    1.000000000001E-02));
#3999 = LINE('',#4000,#4001);
#4000 = CARTESIAN_POINT('',(80.774770551098,-12.25249255385,0.));
#4001 = VECTOR('',#4002,1.);
#4002 = DIRECTION('',(0.,0.,1.));
#4003 = ORIENTED_EDGE('',*,*,#4004,.T.);
#4004 = EDGE_CURVE('',#3997,#4005,#4007,.T.);
#4005 = VERTEX_POINT('',#4006);
#4006 = CARTESIAN_POINT('',(80.774770551098,-52.67626337363,1.E-02));
#4007 = LINE('',#4008,#4009);
#4008 = CARTESIAN_POINT('',(80.774770551098,-12.25249255385,1.E-02));
#4009 = VECTOR('',#4010,1.);
#4010 = DIRECTION('',(2.464679914735E-18,-1.,0.));
#4011 = ORIENTED_EDGE('',*,*,#4012,.F.);
#4012 = EDGE_CURVE('',#3817,#4005,#4013,.T.);
#4013 = LINE('',#4014,#4015);
#4014 = CARTESIAN_POINT('',(80.774770551098,-52.67626337363,0.));
#4015 = VECTOR('',#4016,1.);
#4016 = DIRECTION('',(0.,0.,1.));
#4017 = ORIENTED_EDGE('',*,*,#3814,.F.);
#4018 = PLANE('',#4019);
#4019 = AXIS2_PLACEMENT_3D('',#4020,#4021,#4022);
#4020 = CARTESIAN_POINT('',(80.774770551098,-12.25249255385,0.));
#4021 = DIRECTION('',(1.,2.464679914735E-18,0.));
#4022 = DIRECTION('',(2.464679914735E-18,-1.,0.));
#4023 = ADVANCED_FACE('',(#4024),#4042,.F.);
#4024 = FACE_BOUND('',#4025,.F.);
#4025 = EDGE_LOOP('',(#4026,#4034,#4040,#4041));
#4026 = ORIENTED_EDGE('',*,*,#4027,.T.);
#4027 = EDGE_CURVE('',#3833,#4028,#4030,.T.);
#4028 = VERTEX_POINT('',#4029);
#4029 = CARTESIAN_POINT('',(9.303523839879,-12.25249255385,1.E-02));
#4030 = LINE('',#4031,#4032);
#4031 = CARTESIAN_POINT('',(9.303523839879,-12.25249255385,0.));
#4032 = VECTOR('',#4033,1.);
#4033 = DIRECTION('',(0.,0.,1.));
#4034 = ORIENTED_EDGE('',*,*,#4035,.T.);
#4035 = EDGE_CURVE('',#4028,#3997,#4036,.T.);
#4036 = LINE('',#4037,#4038);
#4037 = CARTESIAN_POINT('',(9.303523839879,-12.25249255385,1.E-02));
#4038 = VECTOR('',#4039,1.);
#4039 = DIRECTION('',(1.,2.464679914735E-18,0.));
#4040 = ORIENTED_EDGE('',*,*,#3996,.F.);
#4041 = ORIENTED_EDGE('',*,*,#3840,.F.);
#4042 = PLANE('',#4043);
#4043 = AXIS2_PLACEMENT_3D('',#4044,#4045,#4046);
#4044 = CARTESIAN_POINT('',(9.303523839879,-12.25249255385,0.));
#4045 = DIRECTION('',(-2.464679914735E-18,1.,0.));
#4046 = DIRECTION('',(1.,2.464679914735E-18,0.));
#4047 = ADVANCED_FACE('',(#4048),#4066,.F.);
#4048 = FACE_BOUND('',#4049,.F.);
#4049 = EDGE_LOOP('',(#4050,#4051,#4059,#4065));
#4050 = ORIENTED_EDGE('',*,*,#4012,.T.);
#4051 = ORIENTED_EDGE('',*,*,#4052,.T.);
#4052 = EDGE_CURVE('',#4005,#4053,#4055,.T.);
#4053 = VERTEX_POINT('',#4054);
#4054 = CARTESIAN_POINT('',(9.303523839879,-52.67626337363,1.E-02));
#4055 = LINE('',#4056,#4057);
#4056 = CARTESIAN_POINT('',(80.774770551098,-52.67626337363,1.E-02));
#4057 = VECTOR('',#4058,1.);
#4058 = DIRECTION('',(-1.,-2.464679914735E-18,0.));
#4059 = ORIENTED_EDGE('',*,*,#4060,.F.);
#4060 = EDGE_CURVE('',#3825,#4053,#4061,.T.);
#4061 = LINE('',#4062,#4063);
#4062 = CARTESIAN_POINT('',(9.303523839879,-52.67626337363,0.));
#4063 = VECTOR('',#4064,1.);
#4064 = DIRECTION('',(0.,0.,1.));
#4065 = ORIENTED_EDGE('',*,*,#3824,.F.);
#4066 = PLANE('',#4067);
#4067 = AXIS2_PLACEMENT_3D('',#4068,#4069,#4070);
#4068 = CARTESIAN_POINT('',(80.774770551098,-52.67626337363,0.));
#4069 = DIRECTION('',(2.464679914735E-18,-1.,0.));
#4070 = DIRECTION('',(-1.,-2.464679914735E-18,0.));
#4071 = ADVANCED_FACE('',(#4072),#4083,.F.);
#4072 = FACE_BOUND('',#4073,.F.);
#4073 = EDGE_LOOP('',(#4074,#4075,#4081,#4082));
#4074 = ORIENTED_EDGE('',*,*,#4060,.T.);
#4075 = ORIENTED_EDGE('',*,*,#4076,.T.);
#4076 = EDGE_CURVE('',#4053,#4028,#4077,.T.);
#4077 = LINE('',#4078,#4079);
#4078 = CARTESIAN_POINT('',(9.303523839879,-52.67626337363,1.E-02));
#4079 = VECTOR('',#4080,1.);
#4080 = DIRECTION('',(-2.464679914735E-18,1.,0.));
#4081 = ORIENTED_EDGE('',*,*,#4027,.F.);
#4082 = ORIENTED_EDGE('',*,*,#3832,.F.);
#4083 = PLANE('',#4084);
#4084 = AXIS2_PLACEMENT_3D('',#4085,#4086,#4087);
#4085 = CARTESIAN_POINT('',(9.303523839879,-52.67626337363,0.));
#4086 = DIRECTION('',(-1.,-2.464679914735E-18,0.));
#4087 = DIRECTION('',(-2.464679914735E-18,1.,0.));
#4088 = ADVANCED_FACE('',(#4089),#4100,.T.);
#4089 = FACE_BOUND('',#4090,.F.);
#4090 = EDGE_LOOP('',(#4091,#4097,#4098,#4099));
#4091 = ORIENTED_EDGE('',*,*,#4092,.T.);
#4092 = EDGE_CURVE('',#3849,#3900,#4093,.T.);
#4093 = LINE('',#4094,#4095);
#4094 = CARTESIAN_POINT('',(5.114296950606,-7.770636112641,0.));
#4095 = VECTOR('',#4096,1.);
#4096 = DIRECTION('',(0.,0.,-1.));
#4097 = ORIENTED_EDGE('',*,*,#3899,.T.);
#4098 = ORIENTED_EDGE('',*,*,#4092,.F.);
#4099 = ORIENTED_EDGE('',*,*,#3848,.F.);
#4100 = CYLINDRICAL_SURFACE('',#4101,2.75);
#4101 = AXIS2_PLACEMENT_3D('',#4102,#4103,#4104);
#4102 = CARTESIAN_POINT('',(7.864296950606,-7.770636112641,0.));
#4103 = DIRECTION('',(0.,0.,1.));
#4104 = DIRECTION('',(-1.,-2.464679914735E-18,0.));
#4105 = ADVANCED_FACE('',(#4106),#4131,.F.);
#4106 = FACE_BOUND('',#4107,.T.);
#4107 = EDGE_LOOP('',(#4108,#4116,#4117,#4125));
#4108 = ORIENTED_EDGE('',*,*,#4109,.F.);
#4109 = EDGE_CURVE('',#3997,#4110,#4112,.T.);
#4110 = VERTEX_POINT('',#4111);
#4111 = CARTESIAN_POINT('',(79.384770551098,-13.64249255385,1.4));
#4112 = LINE('',#4113,#4114);
#4113 = CARTESIAN_POINT('',(68.399562765894,-24.62770033905,
    12.385207785203));
#4114 = VECTOR('',#4115,1.);
#4115 = DIRECTION('',(-0.57735026919,-0.57735026919,0.57735026919));
#4116 = ORIENTED_EDGE('',*,*,#4004,.T.);
#4117 = ORIENTED_EDGE('',*,*,#4118,.T.);
#4118 = EDGE_CURVE('',#4005,#4119,#4121,.T.);
#4119 = VERTEX_POINT('',#4120);
#4120 = CARTESIAN_POINT('',(79.384770551098,-51.28626337363,1.4));
#4121 = LINE('',#4122,#4123);
#4122 = CARTESIAN_POINT('',(73.574142081135,-45.47563490367,
    7.210628469963));
#4123 = VECTOR('',#4124,1.);
#4124 = DIRECTION('',(-0.57735026919,0.57735026919,0.57735026919));
#4125 = ORIENTED_EDGE('',*,*,#4126,.F.);
#4126 = EDGE_CURVE('',#4110,#4119,#4127,.T.);
#4127 = LINE('',#4128,#4129);
#4128 = CARTESIAN_POINT('',(79.384770551098,-12.25249255385,1.4));
#4129 = VECTOR('',#4130,1.);
#4130 = DIRECTION('',(2.464679914735E-18,-1.,0.));
#4131 = PLANE('',#4132);
#4132 = AXIS2_PLACEMENT_3D('',#4133,#4134,#4135);
#4133 = CARTESIAN_POINT('',(80.079770551098,-12.25249255385,0.705));
#4134 = DIRECTION('',(0.707106781187,9.659560562355E-17,0.707106781187)
  );
#4135 = DIRECTION('',(-6.95357477266E-17,1.,-6.707106781187E-17));
#4136 = ADVANCED_FACE('',(#4137),#4155,.F.);
#4137 = FACE_BOUND('',#4138,.T.);
#4138 = EDGE_LOOP('',(#4139,#4147,#4148,#4149));
#4139 = ORIENTED_EDGE('',*,*,#4140,.F.);
#4140 = EDGE_CURVE('',#4028,#4141,#4143,.T.);
#4141 = VERTEX_POINT('',#4142);
#4142 = CARTESIAN_POINT('',(10.693523839879,-13.64249255385,1.4));
#4143 = LINE('',#4144,#4145);
#4144 = CARTESIAN_POINT('',(16.504152309842,-19.45312102381,
    7.210628469963));
#4145 = VECTOR('',#4146,1.);
#4146 = DIRECTION('',(0.57735026919,-0.57735026919,0.57735026919));
#4147 = ORIENTED_EDGE('',*,*,#4035,.T.);
#4148 = ORIENTED_EDGE('',*,*,#4109,.T.);
#4149 = ORIENTED_EDGE('',*,*,#4150,.F.);
#4150 = EDGE_CURVE('',#4141,#4110,#4151,.T.);
#4151 = LINE('',#4152,#4153);
#4152 = CARTESIAN_POINT('',(9.303523839879,-13.64249255385,1.4));
#4153 = VECTOR('',#4154,1.);
#4154 = DIRECTION('',(1.,2.464679914735E-18,0.));
#4155 = PLANE('',#4156);
#4156 = AXIS2_PLACEMENT_3D('',#4157,#4158,#4159);
#4157 = CARTESIAN_POINT('',(9.303523839879,-12.94749255385,0.705));
#4158 = DIRECTION('',(-9.659560562355E-17,0.707106781187,0.707106781187)
  );
#4159 = DIRECTION('',(-1.,-6.95357477266E-17,-6.707106781187E-17));
#4160 = ADVANCED_FACE('',(#4161),#4179,.F.);
#4161 = FACE_BOUND('',#4162,.T.);
#4162 = EDGE_LOOP('',(#4163,#4164,#4165,#4173));
#4163 = ORIENTED_EDGE('',*,*,#4118,.F.);
#4164 = ORIENTED_EDGE('',*,*,#4052,.T.);
#4165 = ORIENTED_EDGE('',*,*,#4166,.T.);
#4166 = EDGE_CURVE('',#4053,#4167,#4169,.T.);
#4167 = VERTEX_POINT('',#4168);
#4168 = CARTESIAN_POINT('',(10.693523839879,-51.28626337363,1.4));
#4169 = LINE('',#4170,#4171);
#4170 = CARTESIAN_POINT('',(21.678731625082,-40.30105558843,
    12.385207785203));
#4171 = VECTOR('',#4172,1.);
#4172 = DIRECTION('',(0.57735026919,0.57735026919,0.57735026919));
#4173 = ORIENTED_EDGE('',*,*,#4174,.F.);
#4174 = EDGE_CURVE('',#4119,#4167,#4175,.T.);
#4175 = LINE('',#4176,#4177);
#4176 = CARTESIAN_POINT('',(80.774770551098,-51.28626337363,1.4));
#4177 = VECTOR('',#4178,1.);
#4178 = DIRECTION('',(-1.,-2.464679914735E-18,0.));
#4179 = PLANE('',#4180);
#4180 = AXIS2_PLACEMENT_3D('',#4181,#4182,#4183);
#4181 = CARTESIAN_POINT('',(80.774770551098,-51.98126337363,0.705));
#4182 = DIRECTION('',(9.659560562355E-17,-0.707106781187,0.707106781187)
  );
#4183 = DIRECTION('',(1.,6.95357477266E-17,-6.707106781187E-17));
#4184 = ADVANCED_FACE('',(#4185),#4196,.F.);
#4185 = FACE_BOUND('',#4186,.T.);
#4186 = EDGE_LOOP('',(#4187,#4188,#4189,#4190));
#4187 = ORIENTED_EDGE('',*,*,#4166,.F.);
#4188 = ORIENTED_EDGE('',*,*,#4076,.T.);
#4189 = ORIENTED_EDGE('',*,*,#4140,.T.);
#4190 = ORIENTED_EDGE('',*,*,#4191,.F.);
#4191 = EDGE_CURVE('',#4167,#4141,#4192,.T.);
#4192 = LINE('',#4193,#4194);
#4193 = CARTESIAN_POINT('',(10.693523839879,-52.67626337363,1.4));
#4194 = VECTOR('',#4195,1.);
#4195 = DIRECTION('',(-2.464679914735E-18,1.,0.));
#4196 = PLANE('',#4197);
#4197 = AXIS2_PLACEMENT_3D('',#4198,#4199,#4200);
#4198 = CARTESIAN_POINT('',(9.998523839879,-52.67626337363,0.705));
#4199 = DIRECTION('',(-0.707106781187,4.340439437645E-17,0.707106781187)
  );
#4200 = DIRECTION('',(-2.945920163952E-17,-1.,3.192388155425E-17));
#4201 = ADVANCED_FACE('',(#4202),#4208,.F.);
#4202 = FACE_BOUND('',#4203,.F.);
#4203 = EDGE_LOOP('',(#4204,#4205,#4206,#4207));
#4204 = ORIENTED_EDGE('',*,*,#4150,.F.);
#4205 = ORIENTED_EDGE('',*,*,#4191,.F.);
#4206 = ORIENTED_EDGE('',*,*,#4174,.F.);
#4207 = ORIENTED_EDGE('',*,*,#4126,.F.);
#4208 = PLANE('',#4209);
#4209 = AXIS2_PLACEMENT_3D('',#4210,#4211,#4212);
#4210 = CARTESIAN_POINT('',(45.039147195488,-32.46437796374,1.4));
#4211 = DIRECTION('',(0.,0.,1.));
#4212 = DIRECTION('',(1.,1.224646799147E-16,0.));
#4213 = ( GEOMETRIC_REPRESENTATION_CONTEXT(3) 
GLOBAL_UNCERTAINTY_ASSIGNED_CONTEXT((#4217)) 
GLOBAL_UNIT_ASSIGNED_CONTEXT((#4214,#4215,#4216)) REPRESENTATION_CONTEXT
('Context #1','3D Context with UNIT and UNCERTAINTY') );
#4214 = ( LENGTH_UNIT() NAMED_UNIT(*) SI_UNIT(.MILLI.,.METRE.) );
#4215 = ( NAMED_UNIT(*) PLANE_ANGLE_UNIT() SI_UNIT($,.RADIAN.) );
#4216 = ( NAMED_UNIT(*) SI_UNIT($,.STERADIAN.) SOLID_ANGLE_UNIT() );
#4217 = UNCERTAINTY_MEASURE_WITH_UNIT(LENGTH_MEASURE(1.E-04),#4214,
  'distance_accuracy_value','confusion accuracy');
#4218 = PRODUCT_RELATED_PRODUCT_CATEGORY('part',$,(#7));
#4219 = MECHANICAL_DESIGN_GEOMETRIC_PRESENTATION_REPRESENTATION('',(
    #4220),#4213);
#4220 = STYLED_ITEM('color',(#4221),#15);
#4221 = PRESENTATION_STYLE_ASSIGNMENT((#4222,#4228));
#4222 = SURFACE_STYLE_USAGE(.BOTH.,#4223);
#4223 = SURFACE_SIDE_STYLE('',(#4224));
#4224 = SURFACE_STYLE_FILL_AREA(#4225);
#4225 = FILL_AREA_STYLE('',(#4226));
#4226 = FILL_AREA_STYLE_COLOUR('',#4227);
#4227 = COLOUR_RGB('',0.447058818107,0.474509808674,0.501960817233);
#4228 = CURVE_STYLE('',#4229,POSITIVE_LENGTH_MEASURE(0.1),#4230);
#4229 = DRAUGHTING_PRE_DEFINED_CURVE_FONT('continuous');
#4230 = COLOUR_RGB('',9.803921802644E-02,9.803921802644E-02,
  9.803921802644E-02);
ENDSEC;
END-ISO-10303-21;
